Command line invocation:
    /Applications/Xcode_26.6.app/Contents/Developer/usr/bin/xcodebuild build -project "Orange Cloud.xcodeproj" -scheme "Orange Cloud" -configuration Release -destination generic/platform=iOS -derivedDataPath build -skipPackagePluginValidation -skipMacroValidation CODE_SIGNING_ALLOWED=NO CODE_SIGNING_REQUIRED=NO CODE_SIGN_IDENTITY= AD_HOC_CODE_SIGNING_ALLOWED=NO COMPILER_INDEX_STORE_ENABLE=NO "OTHER_SWIFT_FLAGS=$(inherited) -D OPENSOURCE_UNLOCKED" "SWIFT_ACTIVE_COMPILATION_CONDITIONS=$(inherited) OPENSOURCE_UNLOCKED"

Build settings from command line:
    AD_HOC_CODE_SIGNING_ALLOWED = NO
    CODE_SIGN_IDENTITY = 
    CODE_SIGNING_ALLOWED = NO
    CODE_SIGNING_REQUIRED = NO
    COMPILER_INDEX_STORE_ENABLE = NO
    OTHER_SWIFT_FLAGS = $(inherited) -D OPENSOURCE_UNLOCKED
    SWIFT_ACTIVE_COMPILATION_CONDITIONS = $(inherited) OPENSOURCE_UNLOCKED

Resolve Package Graph

Fetching from https://github.com/getsentry/sentry-cocoa (cached)

Creating working copy of package ‘sentry-cocoa’

Checking out 8.58.3 of package ‘sentry-cocoa’


Resolved source packages:
  Sentry: https://github.com/getsentry/sentry-cocoa @ 8.58.3

note: Using codesigning identity override: 
ComputePackagePrebuildTargetDependencyGraph

Prepare packages

CreateBuildRequest

SendProjectDescription

CreateBuildOperation

ComputeTargetDependencyGraph
note: Building targets in dependency order
note: Target dependency graph (8 targets)
    Target 'Orange Cloud' in project 'Orange Cloud'
        ➜ Explicit dependency on target 'OrangeCloudWidgetsExtension' in project 'Orange Cloud'
        ➜ Explicit dependency on target 'Orange Cloud Watch Watch App' in project 'Orange Cloud'
        ➜ Explicit dependency on target 'Orange Cloud File' in project 'Orange Cloud'
        ➜ Explicit dependency on target 'notification' in project 'Orange Cloud'
        ➜ Explicit dependency on target 'Sentry' in project 'Sentry'
    Target 'Sentry' in project 'Sentry'
        ➜ Explicit dependency on target 'SentryCppHelper' in project 'Sentry'
    Target 'SentryCppHelper' in project 'Sentry' (no dependencies)
    Target 'notification' in project 'Orange Cloud' (no dependencies)
    Target 'Orange Cloud File' in project 'Orange Cloud' (no dependencies)
    Target 'Orange Cloud Watch Watch App' in project 'Orange Cloud'
        ➜ Explicit dependency on target 'Orange Cloud WatchExtension' in project 'Orange Cloud'
    Target 'Orange Cloud WatchExtension' in project 'Orange Cloud' (no dependencies)
    Target 'OrangeCloudWidgetsExtension' in project 'Orange Cloud' (no dependencies)

GatherProvisioningInputs

CreateBuildDescription

ExecuteExternalTool /Applications/Xcode_26.6.app/Contents/Developer/usr/bin/xcstringstool compile --dry-run --output-directory /Users/runner/work/orange-cloud/orange-cloud/orange-cloud/apps/ios/Orange Cloud/build/Build/Intermediates.noindex/Orange Cloud.build/Release-iphoneos/OrangeCloudWidgetsExtension.build /Users/runner/work/orange-cloud/orange-cloud/orange-cloud/apps/ios/Orange Cloud/OrangeCloudWidgets/Localizable.xcstrings

ExecuteExternalTool /Applications/Xcode_26.6.app/Contents/Developer/usr/bin/actool --version --output-format xml1

ExecuteExternalTool /Applications/Xcode_26.6.app/Contents/Developer/usr/bin/actool --print-asset-tag-combinations --output-format xml1 /Users/runner/work/orange-cloud/orange-cloud/orange-cloud/apps/ios/Orange Cloud/Orange Cloud Watch Watch App/Assets.xcassets

ExecuteExternalTool /Applications/Xcode_26.6.app/Contents/Developer/Toolchains/XcodeDefault.xctoolchain/usr/bin/swiftc --version

ExecuteExternalTool /Applications/Xcode_26.6.app/Contents/Developer/Toolchains/XcodeDefault.xctoolchain/usr/bin/clang -v -E -dM -isysroot /Applications/Xcode_26.6.app/Contents/Developer/Platforms/iPhoneOS.platform/Developer/SDKs/iPhoneOS26.5.sdk -x c -c /dev/null

ExecuteExternalTool /Applications/Xcode_26.6.app/Contents/Developer/Toolchains/XcodeDefault.xctoolchain/usr/bin/clang -v -E -dM -arch arm64 -isysroot /Applications/Xcode_26.6.app/Contents/Developer/Platforms/iPhoneOS.platform/Developer/SDKs/iPhoneOS26.5.sdk -x objective-c -c /dev/null

ExecuteExternalTool /Applications/Xcode_26.6.app/Contents/Developer/Toolchains/XcodeDefault.xctoolchain/usr/bin/clang -v -E -dM -isysroot /Applications/Xcode_26.6.app/Contents/Developer/Platforms/WatchOS.platform/Developer/SDKs/WatchOS26.5.sdk -x c -c /dev/null

ExecuteExternalTool /Applications/Xcode_26.6.app/Contents/Developer/Toolchains/XcodeDefault.xctoolchain/usr/bin/ld -version_details

ExecuteExternalTool /Applications/Xcode_26.6.app/Contents/Developer/Toolchains/XcodeDefault.xctoolchain/usr/bin/clang -v -E -dM -arch arm64 -isysroot /Applications/Xcode_26.6.app/Contents/Developer/Platforms/iPhoneOS.platform/Developer/SDKs/iPhoneOS26.5.sdk -x c -c /dev/null

ExecuteExternalTool /Applications/Xcode_26.6.app/Contents/Developer/usr/bin/xcstringstool compile --dry-run --output-directory /Users/runner/work/orange-cloud/orange-cloud/orange-cloud/apps/ios/Orange Cloud/build/Build/Intermediates.noindex/Orange Cloud.build/Release-iphoneos/Orange Cloud.build /Users/runner/work/orange-cloud/orange-cloud/orange-cloud/apps/ios/Orange Cloud/Orange Cloud/Core/WhatsNew/WhatsNew.xcstrings

ExecuteExternalTool /Applications/Xcode_26.6.app/Contents/Developer/usr/bin/xcstringstool compile --dry-run --output-directory /Users/runner/work/orange-cloud/orange-cloud/orange-cloud/apps/ios/Orange Cloud/build/Build/Intermediates.noindex/Orange Cloud.build/Release-iphoneos/Orange Cloud.build /Users/runner/work/orange-cloud/orange-cloud/orange-cloud/apps/ios/Orange Cloud/Orange Cloud/AppShortcuts.xcstrings

ExecuteExternalTool /Applications/Xcode_26.6.app/Contents/Developer/usr/bin/actool --print-asset-tag-combinations --output-format xml1 /Users/runner/work/orange-cloud/orange-cloud/orange-cloud/apps/ios/Orange Cloud/Orange Cloud/Assets.xcassets /Users/runner/work/orange-cloud/orange-cloud/orange-cloud/apps/ios/Orange Cloud/Orange Cloud/Orange Cloud.icon

ExecuteExternalTool /Applications/Xcode_26.6.app/Contents/Developer/usr/bin/xcstringstool compile --dry-run --output-directory /Users/runner/work/orange-cloud/orange-cloud/orange-cloud/apps/ios/Orange Cloud/build/Build/Intermediates.noindex/Orange Cloud.build/Release-watchos/Orange Cloud WatchExtension.build /Users/runner/work/orange-cloud/orange-cloud/orange-cloud/apps/ios/Orange Cloud/Orange Cloud Watch/Localizable.xcstrings

ExecuteExternalTool /Applications/Xcode_26.6.app/Contents/Developer/usr/bin/xcstringstool compile --dry-run --output-directory /Users/runner/work/orange-cloud/orange-cloud/orange-cloud/apps/ios/Orange Cloud/build/Build/Intermediates.noindex/Orange Cloud.build/Release-iphoneos/Orange Cloud.build /Users/runner/work/orange-cloud/orange-cloud/orange-cloud/apps/ios/Orange Cloud/Orange Cloud/Localizable.xcstrings

ExecuteExternalTool /Applications/Xcode_26.6.app/Contents/Developer/usr/bin/xcstringstool compile --dry-run --output-directory /Users/runner/work/orange-cloud/orange-cloud/orange-cloud/apps/ios/Orange Cloud/build/Build/Intermediates.noindex/Orange Cloud.build/Release-watchos/Orange Cloud Watch Watch App.build /Users/runner/work/orange-cloud/orange-cloud/orange-cloud/apps/ios/Orange Cloud/Orange Cloud Watch Watch App/Localizable.xcstrings

Build description signature: 691c0e6663214047cf4f034af9c940cc
Build description path: /Users/runner/work/orange-cloud/orange-cloud/orange-cloud/apps/ios/Orange Cloud/build/Build/Intermediates.noindex/XCBuildData/691c0e6663214047cf4f034af9c940cc.xcbuilddata
ClangStatCache /Applications/Xcode_26.6.app/Contents/Developer/Toolchains/XcodeDefault.xctoolchain/usr/bin/clang-stat-cache /Applications/Xcode_26.6.app/Contents/Developer/Platforms/iPhoneOS.platform/Developer/SDKs/iPhoneOS26.5.sdk /Users/runner/work/orange-cloud/orange-cloud/orange-cloud/apps/ios/Orange\ Cloud/build/SDKStatCaches.noindex/iphoneos26.5-23F81a-688ef53f1462e2c8f657fdc38a81448fee66e23052a0157c865c76b268046726.sdkstatcache
    cd /Users/runner/work/orange-cloud/orange-cloud/orange-cloud/apps/ios/Orange\ Cloud/Orange\ Cloud.xcodeproj
    /Applications/Xcode_26.6.app/Contents/Developer/Toolchains/XcodeDefault.xctoolchain/usr/bin/clang-stat-cache /Applications/Xcode_26.6.app/Contents/Developer/Platforms/iPhoneOS.platform/Developer/SDKs/iPhoneOS26.5.sdk -o /Users/runner/work/orange-cloud/orange-cloud/orange-cloud/apps/ios/Orange\ Cloud/build/SDKStatCaches.noindex/iphoneos26.5-23F81a-688ef53f1462e2c8f657fdc38a81448fee66e23052a0157c865c76b268046726.sdkstatcache

ClangStatCache /Applications/Xcode_26.6.app/Contents/Developer/Toolchains/XcodeDefault.xctoolchain/usr/bin/clang-stat-cache /Applications/Xcode_26.6.app/Contents/Developer/Platforms/WatchOS.platform/Developer/SDKs/WatchOS26.5.sdk /Users/runner/work/orange-cloud/orange-cloud/orange-cloud/apps/ios/Orange\ Cloud/build/SDKStatCaches.noindex/watchos26.5-23T570-688ef53f1462e2c8f657fdc38a81448f6f39cd4ed9f891394c9a6a463e5c5cb7.sdkstatcache
    cd /Users/runner/work/orange-cloud/orange-cloud/orange-cloud/apps/ios/Orange\ Cloud/Orange\ Cloud.xcodeproj
    /Applications/Xcode_26.6.app/Contents/Developer/Toolchains/XcodeDefault.xctoolchain/usr/bin/clang-stat-cache /Applications/Xcode_26.6.app/Contents/Developer/Platforms/WatchOS.platform/Developer/SDKs/WatchOS26.5.sdk -o /Users/runner/work/orange-cloud/orange-cloud/orange-cloud/apps/ios/Orange\ Cloud/build/SDKStatCaches.noindex/watchos26.5-23T570-688ef53f1462e2c8f657fdc38a81448f6f39cd4ed9f891394c9a6a463e5c5cb7.sdkstatcache

CreateBuildDirectory /Users/runner/work/orange-cloud/orange-cloud/orange-cloud/apps/ios/Orange\ Cloud/build/Build/Intermediates.noindex
    cd /Users/runner/work/orange-cloud/orange-cloud/orange-cloud/apps/ios/Orange\ Cloud/Orange\ Cloud.xcodeproj
    builtin-create-build-directory /Users/runner/work/orange-cloud/orange-cloud/orange-cloud/apps/ios/Orange\ Cloud/build/Build/Intermediates.noindex

CreateBuildDirectory /Users/runner/work/orange-cloud/orange-cloud/orange-cloud/apps/ios/Orange\ Cloud/build/Build/Products
    cd /Users/runner/work/orange-cloud/orange-cloud/orange-cloud/apps/ios/Orange\ Cloud/Orange\ Cloud.xcodeproj
    builtin-create-build-directory /Users/runner/work/orange-cloud/orange-cloud/orange-cloud/apps/ios/Orange\ Cloud/build/Build/Products

WriteAuxiliaryFile /Users/runner/work/orange-cloud/orange-cloud/orange-cloud/apps/ios/Orange\ Cloud/build/Build/Intermediates.noindex/Orange\ Cloud.build/Release-watchos/Orange\ Cloud-caa53a888f9e6677ffee03f20a1a9cdb-VFS-watchos/all-product-headers.yaml
    cd /Users/runner/work/orange-cloud/orange-cloud/orange-cloud/apps/ios/Orange\ Cloud/Orange\ Cloud.xcodeproj
    write-file /Users/runner/work/orange-cloud/orange-cloud/orange-cloud/apps/ios/Orange\ Cloud/build/Build/Intermediates.noindex/Orange\ Cloud.build/Release-watchos/Orange\ Cloud-caa53a888f9e6677ffee03f20a1a9cdb-VFS-watchos/all-product-headers.yaml

WriteAuxiliaryFile /Users/runner/work/orange-cloud/orange-cloud/orange-cloud/apps/ios/Orange\ Cloud/build/Build/Intermediates.noindex/Orange\ Cloud.build/Release-iphoneos/Orange\ Cloud-caa53a888f9e6677ffee03f20a1a9cdb-VFS-iphoneos/all-product-headers.yaml
    cd /Users/runner/work/orange-cloud/orange-cloud/orange-cloud/apps/ios/Orange\ Cloud/Orange\ Cloud.xcodeproj
    write-file /Users/runner/work/orange-cloud/orange-cloud/orange-cloud/apps/ios/Orange\ Cloud/build/Build/Intermediates.noindex/Orange\ Cloud.build/Release-iphoneos/Orange\ Cloud-caa53a888f9e6677ffee03f20a1a9cdb-VFS-iphoneos/all-product-headers.yaml

CreateBuildDirectory /Users/runner/work/orange-cloud/orange-cloud/orange-cloud/apps/ios/Orange\ Cloud/build/Build/Products/Release-watchos
    cd /Users/runner/work/orange-cloud/orange-cloud/orange-cloud/apps/ios/Orange\ Cloud/Orange\ Cloud.xcodeproj
    builtin-create-build-directory /Users/runner/work/orange-cloud/orange-cloud/orange-cloud/apps/ios/Orange\ Cloud/build/Build/Products/Release-watchos

CreateBuildDirectory /Users/runner/work/orange-cloud/orange-cloud/orange-cloud/apps/ios/Orange\ Cloud/build/Build/Products/Release-iphoneos
    cd /Users/runner/work/orange-cloud/orange-cloud/orange-cloud/apps/ios/Orange\ Cloud/Orange\ Cloud.xcodeproj
    builtin-create-build-directory /Users/runner/work/orange-cloud/orange-cloud/orange-cloud/apps/ios/Orange\ Cloud/build/Build/Products/Release-iphoneos

CreateBuildDirectory /Users/runner/work/orange-cloud/orange-cloud/orange-cloud/apps/ios/Orange\ Cloud/build/Build/Intermediates.noindex/SwiftExplicitPrecompiledModules
    cd /Users/runner/work/orange-cloud/orange-cloud/orange-cloud/apps/ios/Orange\ Cloud/Orange\ Cloud.xcodeproj
    builtin-create-build-directory /Users/runner/work/orange-cloud/orange-cloud/orange-cloud/apps/ios/Orange\ Cloud/build/Build/Intermediates.noindex/SwiftExplicitPrecompiledModules

CreateBuildDirectory /Users/runner/work/orange-cloud/orange-cloud/orange-cloud/apps/ios/Orange\ Cloud/build/Build/Intermediates.noindex/ExplicitPrecompiledModules
    cd /Users/runner/work/orange-cloud/orange-cloud/orange-cloud/apps/ios/Orange\ Cloud/Orange\ Cloud.xcodeproj
    builtin-create-build-directory /Users/runner/work/orange-cloud/orange-cloud/orange-cloud/apps/ios/Orange\ Cloud/build/Build/Intermediates.noindex/ExplicitPrecompiledModules

CreateBuildDirectory /Users/runner/work/orange-cloud/orange-cloud/orange-cloud/apps/ios/Orange\ Cloud/build/Build/Products/Release-watchos/PackageFrameworks
    cd /Users/runner/work/orange-cloud/orange-cloud/orange-cloud/apps/ios/Orange\ Cloud/Orange\ Cloud.xcodeproj
    builtin-create-build-directory /Users/runner/work/orange-cloud/orange-cloud/orange-cloud/apps/ios/Orange\ Cloud/build/Build/Products/Release-watchos/PackageFrameworks

CreateBuildDirectory /Users/runner/work/orange-cloud/orange-cloud/orange-cloud/apps/ios/Orange\ Cloud/build/Build/Intermediates.noindex/EagerLinkingTBDs/Release-watchos
    cd /Users/runner/work/orange-cloud/orange-cloud/orange-cloud/apps/ios/Orange\ Cloud/Orange\ Cloud.xcodeproj
    builtin-create-build-directory /Users/runner/work/orange-cloud/orange-cloud/orange-cloud/apps/ios/Orange\ Cloud/build/Build/Intermediates.noindex/EagerLinkingTBDs/Release-watchos

CreateBuildDirectory /Users/runner/work/orange-cloud/orange-cloud/orange-cloud/apps/ios/Orange\ Cloud/build/Build/Intermediates.noindex/EagerLinkingTBDs/Release-iphoneos
    cd /Users/runner/work/orange-cloud/orange-cloud/orange-cloud/apps/ios/Orange\ Cloud/Orange\ Cloud.xcodeproj
    builtin-create-build-directory /Users/runner/work/orange-cloud/orange-cloud/orange-cloud/apps/ios/Orange\ Cloud/build/Build/Intermediates.noindex/EagerLinkingTBDs/Release-iphoneos

CreateBuildDirectory /Users/runner/work/orange-cloud/orange-cloud/orange-cloud/apps/ios/Orange\ Cloud/build/Build/Products/Release-iphoneos/PackageFrameworks
    cd /Users/runner/work/orange-cloud/orange-cloud/orange-cloud/apps/ios/Orange\ Cloud/Orange\ Cloud.xcodeproj
    builtin-create-build-directory /Users/runner/work/orange-cloud/orange-cloud/orange-cloud/apps/ios/Orange\ Cloud/build/Build/Products/Release-iphoneos/PackageFrameworks

WriteAuxiliaryFile /Users/runner/work/orange-cloud/orange-cloud/orange-cloud/apps/ios/Orange\ Cloud/build/Build/Intermediates.noindex/Orange\ Cloud.build/Release-watchos/Orange\ Cloud\ WatchExtension.build/Orange\ Cloud\ WatchExtension.hmap (in target 'Orange Cloud WatchExtension' from project 'Orange Cloud')
    cd /Users/runner/work/orange-cloud/orange-cloud/orange-cloud/apps/ios/Orange\ Cloud
    write-file /Users/runner/work/orange-cloud/orange-cloud/orange-cloud/apps/ios/Orange\ Cloud/build/Build/Intermediates.noindex/Orange\ Cloud.build/Release-watchos/Orange\ Cloud\ WatchExtension.build/Orange\ Cloud\ WatchExtension.hmap

WriteAuxiliaryFile /Users/runner/work/orange-cloud/orange-cloud/orange-cloud/apps/ios/Orange\ Cloud/build/Build/Intermediates.noindex/Orange\ Cloud.build/Release-iphoneos/notification.build/notification.hmap (in target 'notification' from project 'Orange Cloud')
    cd /Users/runner/work/orange-cloud/orange-cloud/orange-cloud/apps/ios/Orange\ Cloud
    write-file /Users/runner/work/orange-cloud/orange-cloud/orange-cloud/apps/ios/Orange\ Cloud/build/Build/Intermediates.noindex/Orange\ Cloud.build/Release-iphoneos/notification.build/notification.hmap

WriteAuxiliaryFile /Users/runner/work/orange-cloud/orange-cloud/orange-cloud/apps/ios/Orange\ Cloud/build/Build/Intermediates.noindex/Orange\ Cloud.build/Release-iphoneos/notification.build/notification.DependencyStaticMetadataFileList (in target 'notification' from project 'Orange Cloud')
    cd /Users/runner/work/orange-cloud/orange-cloud/orange-cloud/apps/ios/Orange\ Cloud
    write-file /Users/runner/work/orange-cloud/orange-cloud/orange-cloud/apps/ios/Orange\ Cloud/build/Build/Intermediates.noindex/Orange\ Cloud.build/Release-iphoneos/notification.build/notification.DependencyStaticMetadataFileList

WriteAuxiliaryFile /Users/runner/work/orange-cloud/orange-cloud/orange-cloud/apps/ios/Orange\ Cloud/build/Build/Intermediates.noindex/Orange\ Cloud.build/Release-iphoneos/notification.build/notification.DependencyMetadataFileList (in target 'notification' from project 'Orange Cloud')
    cd /Users/runner/work/orange-cloud/orange-cloud/orange-cloud/apps/ios/Orange\ Cloud
    write-file /Users/runner/work/orange-cloud/orange-cloud/orange-cloud/apps/ios/Orange\ Cloud/build/Build/Intermediates.noindex/Orange\ Cloud.build/Release-iphoneos/notification.build/notification.DependencyMetadataFileList

WriteAuxiliaryFile /Users/runner/work/orange-cloud/orange-cloud/orange-cloud/apps/ios/Orange\ Cloud/build/Build/Intermediates.noindex/Orange\ Cloud.build/Release-iphoneos/notification.build/notification-project-headers.hmap (in target 'notification' from project 'Orange Cloud')
    cd /Users/runner/work/orange-cloud/orange-cloud/orange-cloud/apps/ios/Orange\ Cloud
    write-file /Users/runner/work/orange-cloud/orange-cloud/orange-cloud/apps/ios/Orange\ Cloud/build/Build/Intermediates.noindex/Orange\ Cloud.build/Release-iphoneos/notification.build/notification-project-headers.hmap

WriteAuxiliaryFile /Users/runner/work/orange-cloud/orange-cloud/orange-cloud/apps/ios/Orange\ Cloud/build/Build/Intermediates.noindex/Orange\ Cloud.build/Release-iphoneos/notification.build/notification-own-target-headers.hmap (in target 'notification' from project 'Orange Cloud')
    cd /Users/runner/work/orange-cloud/orange-cloud/orange-cloud/apps/ios/Orange\ Cloud
    write-file /Users/runner/work/orange-cloud/orange-cloud/orange-cloud/apps/ios/Orange\ Cloud/build/Build/Intermediates.noindex/Orange\ Cloud.build/Release-iphoneos/notification.build/notification-own-target-headers.hmap

WriteAuxiliaryFile /Users/runner/work/orange-cloud/orange-cloud/orange-cloud/apps/ios/Orange\ Cloud/build/Build/Intermediates.noindex/Orange\ Cloud.build/Release-iphoneos/notification.build/notification-generated-files.hmap (in target 'notification' from project 'Orange Cloud')
    cd /Users/runner/work/orange-cloud/orange-cloud/orange-cloud/apps/ios/Orange\ Cloud
    write-file /Users/runner/work/orange-cloud/orange-cloud/orange-cloud/apps/ios/Orange\ Cloud/build/Build/Intermediates.noindex/Orange\ Cloud.build/Release-iphoneos/notification.build/notification-generated-files.hmap

WriteAuxiliaryFile /Users/runner/work/orange-cloud/orange-cloud/orange-cloud/apps/ios/Orange\ Cloud/build/Build/Intermediates.noindex/Orange\ Cloud.build/Release-iphoneos/notification.build/notification-all-target-headers.hmap (in target 'notification' from project 'Orange Cloud')
    cd /Users/runner/work/orange-cloud/orange-cloud/orange-cloud/apps/ios/Orange\ Cloud
    write-file /Users/runner/work/orange-cloud/orange-cloud/orange-cloud/apps/ios/Orange\ Cloud/build/Build/Intermediates.noindex/Orange\ Cloud.build/Release-iphoneos/notification.build/notification-all-target-headers.hmap

WriteAuxiliaryFile /Users/runner/work/orange-cloud/orange-cloud/orange-cloud/apps/ios/Orange\ Cloud/build/Build/Intermediates.noindex/Orange\ Cloud.build/Release-iphoneos/notification.build/notification-all-non-framework-target-headers.hmap (in target 'notification' from project 'Orange Cloud')
    cd /Users/runner/work/orange-cloud/orange-cloud/orange-cloud/apps/ios/Orange\ Cloud
    write-file /Users/runner/work/orange-cloud/orange-cloud/orange-cloud/apps/ios/Orange\ Cloud/build/Build/Intermediates.noindex/Orange\ Cloud.build/Release-iphoneos/notification.build/notification-all-non-framework-target-headers.hmap

WriteAuxiliaryFile /Users/runner/work/orange-cloud/orange-cloud/orange-cloud/apps/ios/Orange\ Cloud/build/Build/Intermediates.noindex/Orange\ Cloud.build/Release-iphoneos/notification.build/Objects-normal/arm64/notification_const_extract_protocols.json (in target 'notification' from project 'Orange Cloud')
    cd /Users/runner/work/orange-cloud/orange-cloud/orange-cloud/apps/ios/Orange\ Cloud
    write-file /Users/runner/work/orange-cloud/orange-cloud/orange-cloud/apps/ios/Orange\ Cloud/build/Build/Intermediates.noindex/Orange\ Cloud.build/Release-iphoneos/notification.build/Objects-normal/arm64/notification_const_extract_protocols.json

WriteAuxiliaryFile /Users/runner/work/orange-cloud/orange-cloud/orange-cloud/apps/ios/Orange\ Cloud/build/Build/Intermediates.noindex/Orange\ Cloud.build/Release-iphoneos/notification.build/Objects-normal/arm64/notification.SwiftFileList (in target 'notification' from project 'Orange Cloud')
    cd /Users/runner/work/orange-cloud/orange-cloud/orange-cloud/apps/ios/Orange\ Cloud
    write-file /Users/runner/work/orange-cloud/orange-cloud/orange-cloud/apps/ios/Orange\ Cloud/build/Build/Intermediates.noindex/Orange\ Cloud.build/Release-iphoneos/notification.build/Objects-normal/arm64/notification.SwiftFileList

WriteAuxiliaryFile /Users/runner/work/orange-cloud/orange-cloud/orange-cloud/apps/ios/Orange\ Cloud/build/Build/Intermediates.noindex/Orange\ Cloud.build/Release-iphoneos/notification.build/Objects-normal/arm64/notification.SwiftConstValuesFileList (in target 'notification' from project 'Orange Cloud')
    cd /Users/runner/work/orange-cloud/orange-cloud/orange-cloud/apps/ios/Orange\ Cloud
    write-file /Users/runner/work/orange-cloud/orange-cloud/orange-cloud/apps/ios/Orange\ Cloud/build/Build/Intermediates.noindex/Orange\ Cloud.build/Release-iphoneos/notification.build/Objects-normal/arm64/notification.SwiftConstValuesFileList

WriteAuxiliaryFile /Users/runner/work/orange-cloud/orange-cloud/orange-cloud/apps/ios/Orange\ Cloud/build/Build/Intermediates.noindex/Orange\ Cloud.build/Release-iphoneos/notification.build/Objects-normal/arm64/notification.LinkFileList (in target 'notification' from project 'Orange Cloud')
    cd /Users/runner/work/orange-cloud/orange-cloud/orange-cloud/apps/ios/Orange\ Cloud
    write-file /Users/runner/work/orange-cloud/orange-cloud/orange-cloud/apps/ios/Orange\ Cloud/build/Build/Intermediates.noindex/Orange\ Cloud.build/Release-iphoneos/notification.build/Objects-normal/arm64/notification.LinkFileList

WriteAuxiliaryFile /Users/runner/work/orange-cloud/orange-cloud/orange-cloud/apps/ios/Orange\ Cloud/build/Build/Intermediates.noindex/Orange\ Cloud.build/Release-iphoneos/notification.build/Objects-normal/arm64/notification-OutputFileMap.json (in target 'notification' from project 'Orange Cloud')
    cd /Users/runner/work/orange-cloud/orange-cloud/orange-cloud/apps/ios/Orange\ Cloud
    write-file /Users/runner/work/orange-cloud/orange-cloud/orange-cloud/apps/ios/Orange\ Cloud/build/Build/Intermediates.noindex/Orange\ Cloud.build/Release-iphoneos/notification.build/Objects-normal/arm64/notification-OutputFileMap.json

WriteAuxiliaryFile /Users/runner/work/orange-cloud/orange-cloud/orange-cloud/apps/ios/Orange\ Cloud/build/Build/Intermediates.noindex/Sentry.build/Release-iphoneos/SentryCppHelper.build/SentryCppHelper.modulemap (in target 'SentryCppHelper' from project 'Sentry')
    cd /Users/runner/work/orange-cloud/orange-cloud/orange-cloud/apps/ios/Orange\ Cloud/build/SourcePackages/checkouts/sentry-cocoa
    write-file /Users/runner/work/orange-cloud/orange-cloud/orange-cloud/apps/ios/Orange\ Cloud/build/Build/Intermediates.noindex/Sentry.build/Release-iphoneos/SentryCppHelper.build/SentryCppHelper.modulemap

WriteAuxiliaryFile /Users/runner/work/orange-cloud/orange-cloud/orange-cloud/apps/ios/Orange\ Cloud/build/Build/Intermediates.noindex/Sentry.build/Release-iphoneos/SentryCppHelper.build/SentryCppHelper.DependencyStaticMetadataFileList (in target 'SentryCppHelper' from project 'Sentry')
    cd /Users/runner/work/orange-cloud/orange-cloud/orange-cloud/apps/ios/Orange\ Cloud/build/SourcePackages/checkouts/sentry-cocoa
    write-file /Users/runner/work/orange-cloud/orange-cloud/orange-cloud/apps/ios/Orange\ Cloud/build/Build/Intermediates.noindex/Sentry.build/Release-iphoneos/SentryCppHelper.build/SentryCppHelper.DependencyStaticMetadataFileList

WriteAuxiliaryFile /Users/runner/work/orange-cloud/orange-cloud/orange-cloud/apps/ios/Orange\ Cloud/build/Build/Intermediates.noindex/Sentry.build/Release-iphoneos/SentryCppHelper.build/SentryCppHelper.DependencyMetadataFileList (in target 'SentryCppHelper' from project 'Sentry')
    cd /Users/runner/work/orange-cloud/orange-cloud/orange-cloud/apps/ios/Orange\ Cloud/build/SourcePackages/checkouts/sentry-cocoa
    write-file /Users/runner/work/orange-cloud/orange-cloud/orange-cloud/apps/ios/Orange\ Cloud/build/Build/Intermediates.noindex/Sentry.build/Release-iphoneos/SentryCppHelper.build/SentryCppHelper.DependencyMetadataFileList

WriteAuxiliaryFile /Users/runner/work/orange-cloud/orange-cloud/orange-cloud/apps/ios/Orange\ Cloud/build/Build/Intermediates.noindex/Sentry.build/Release-iphoneos/SentryCppHelper.build/Objects-normal/arm64/SentryCppHelper_const_extract_protocols.json (in target 'SentryCppHelper' from project 'Sentry')
    cd /Users/runner/work/orange-cloud/orange-cloud/orange-cloud/apps/ios/Orange\ Cloud/build/SourcePackages/checkouts/sentry-cocoa
    write-file /Users/runner/work/orange-cloud/orange-cloud/orange-cloud/apps/ios/Orange\ Cloud/build/Build/Intermediates.noindex/Sentry.build/Release-iphoneos/SentryCppHelper.build/Objects-normal/arm64/SentryCppHelper_const_extract_protocols.json

WriteAuxiliaryFile /Users/runner/work/orange-cloud/orange-cloud/orange-cloud/apps/ios/Orange\ Cloud/build/Build/Intermediates.noindex/Sentry.build/Release-iphoneos/SentryCppHelper.build/Objects-normal/arm64/SentryCppHelper.SwiftFileList (in target 'SentryCppHelper' from project 'Sentry')
    cd /Users/runner/work/orange-cloud/orange-cloud/orange-cloud/apps/ios/Orange\ Cloud/build/SourcePackages/checkouts/sentry-cocoa
    write-file /Users/runner/work/orange-cloud/orange-cloud/orange-cloud/apps/ios/Orange\ Cloud/build/Build/Intermediates.noindex/Sentry.build/Release-iphoneos/SentryCppHelper.build/Objects-normal/arm64/SentryCppHelper.SwiftFileList

WriteAuxiliaryFile /Users/runner/work/orange-cloud/orange-cloud/orange-cloud/apps/ios/Orange\ Cloud/build/Build/Intermediates.noindex/Sentry.build/Release-iphoneos/SentryCppHelper.build/Objects-normal/arm64/SentryCppHelper.SwiftConstValuesFileList (in target 'SentryCppHelper' from project 'Sentry')
    cd /Users/runner/work/orange-cloud/orange-cloud/orange-cloud/apps/ios/Orange\ Cloud/build/SourcePackages/checkouts/sentry-cocoa
    write-file /Users/runner/work/orange-cloud/orange-cloud/orange-cloud/apps/ios/Orange\ Cloud/build/Build/Intermediates.noindex/Sentry.build/Release-iphoneos/SentryCppHelper.build/Objects-normal/arm64/SentryCppHelper.SwiftConstValuesFileList

WriteAuxiliaryFile /Users/runner/work/orange-cloud/orange-cloud/orange-cloud/apps/ios/Orange\ Cloud/build/Build/Intermediates.noindex/Sentry.build/Release-iphoneos/SentryCppHelper.build/Objects-normal/arm64/SentryCppHelper.LinkFileList (in target 'SentryCppHelper' from project 'Sentry')
    cd /Users/runner/work/orange-cloud/orange-cloud/orange-cloud/apps/ios/Orange\ Cloud/build/SourcePackages/checkouts/sentry-cocoa
    write-file /Users/runner/work/orange-cloud/orange-cloud/orange-cloud/apps/ios/Orange\ Cloud/build/Build/Intermediates.noindex/Sentry.build/Release-iphoneos/SentryCppHelper.build/Objects-normal/arm64/SentryCppHelper.LinkFileList

WriteAuxiliaryFile /Users/runner/work/orange-cloud/orange-cloud/orange-cloud/apps/ios/Orange\ Cloud/build/Build/Intermediates.noindex/Sentry.build/Release-iphoneos/SentryCppHelper.build/Objects-normal/arm64/SentryCppHelper-OutputFileMap.json (in target 'SentryCppHelper' from project 'Sentry')
    cd /Users/runner/work/orange-cloud/orange-cloud/orange-cloud/apps/ios/Orange\ Cloud/build/SourcePackages/checkouts/sentry-cocoa
    write-file /Users/runner/work/orange-cloud/orange-cloud/orange-cloud/apps/ios/Orange\ Cloud/build/Build/Intermediates.noindex/Sentry.build/Release-iphoneos/SentryCppHelper.build/Objects-normal/arm64/SentryCppHelper-OutputFileMap.json

WriteAuxiliaryFile /Users/runner/work/orange-cloud/orange-cloud/orange-cloud/apps/ios/Orange\ Cloud/build/Build/Intermediates.noindex/Orange\ Cloud.build/Release-iphoneos/OrangeCloudWidgetsExtension.build/OrangeCloudWidgetsExtension.hmap (in target 'OrangeCloudWidgetsExtension' from project 'Orange Cloud')
    cd /Users/runner/work/orange-cloud/orange-cloud/orange-cloud/apps/ios/Orange\ Cloud
    write-file /Users/runner/work/orange-cloud/orange-cloud/orange-cloud/apps/ios/Orange\ Cloud/build/Build/Intermediates.noindex/Orange\ Cloud.build/Release-iphoneos/OrangeCloudWidgetsExtension.build/OrangeCloudWidgetsExtension.hmap

WriteAuxiliaryFile /Users/runner/work/orange-cloud/orange-cloud/orange-cloud/apps/ios/Orange\ Cloud/build/Build/Intermediates.noindex/Orange\ Cloud.build/Release-iphoneos/OrangeCloudWidgetsExtension.build/OrangeCloudWidgetsExtension.DependencyStaticMetadataFileList (in target 'OrangeCloudWidgetsExtension' from project 'Orange Cloud')
    cd /Users/runner/work/orange-cloud/orange-cloud/orange-cloud/apps/ios/Orange\ Cloud
    write-file /Users/runner/work/orange-cloud/orange-cloud/orange-cloud/apps/ios/Orange\ Cloud/build/Build/Intermediates.noindex/Orange\ Cloud.build/Release-iphoneos/OrangeCloudWidgetsExtension.build/OrangeCloudWidgetsExtension.DependencyStaticMetadataFileList

WriteAuxiliaryFile /Users/runner/work/orange-cloud/orange-cloud/orange-cloud/apps/ios/Orange\ Cloud/build/Build/Intermediates.noindex/Orange\ Cloud.build/Release-iphoneos/OrangeCloudWidgetsExtension.build/OrangeCloudWidgetsExtension.DependencyMetadataFileList (in target 'OrangeCloudWidgetsExtension' from project 'Orange Cloud')
    cd /Users/runner/work/orange-cloud/orange-cloud/orange-cloud/apps/ios/Orange\ Cloud
    write-file /Users/runner/work/orange-cloud/orange-cloud/orange-cloud/apps/ios/Orange\ Cloud/build/Build/Intermediates.noindex/Orange\ Cloud.build/Release-iphoneos/OrangeCloudWidgetsExtension.build/OrangeCloudWidgetsExtension.DependencyMetadataFileList

WriteAuxiliaryFile /Users/runner/work/orange-cloud/orange-cloud/orange-cloud/apps/ios/Orange\ Cloud/build/Build/Intermediates.noindex/Orange\ Cloud.build/Release-iphoneos/OrangeCloudWidgetsExtension.build/OrangeCloudWidgetsExtension-project-headers.hmap (in target 'OrangeCloudWidgetsExtension' from project 'Orange Cloud')
    cd /Users/runner/work/orange-cloud/orange-cloud/orange-cloud/apps/ios/Orange\ Cloud
    write-file /Users/runner/work/orange-cloud/orange-cloud/orange-cloud/apps/ios/Orange\ Cloud/build/Build/Intermediates.noindex/Orange\ Cloud.build/Release-iphoneos/OrangeCloudWidgetsExtension.build/OrangeCloudWidgetsExtension-project-headers.hmap

WriteAuxiliaryFile /Users/runner/work/orange-cloud/orange-cloud/orange-cloud/apps/ios/Orange\ Cloud/build/Build/Intermediates.noindex/Orange\ Cloud.build/Release-iphoneos/OrangeCloudWidgetsExtension.build/OrangeCloudWidgetsExtension-own-target-headers.hmap (in target 'OrangeCloudWidgetsExtension' from project 'Orange Cloud')
    cd /Users/runner/work/orange-cloud/orange-cloud/orange-cloud/apps/ios/Orange\ Cloud
    write-file /Users/runner/work/orange-cloud/orange-cloud/orange-cloud/apps/ios/Orange\ Cloud/build/Build/Intermediates.noindex/Orange\ Cloud.build/Release-iphoneos/OrangeCloudWidgetsExtension.build/OrangeCloudWidgetsExtension-own-target-headers.hmap

WriteAuxiliaryFile /Users/runner/work/orange-cloud/orange-cloud/orange-cloud/apps/ios/Orange\ Cloud/build/Build/Intermediates.noindex/Orange\ Cloud.build/Release-iphoneos/OrangeCloudWidgetsExtension.build/OrangeCloudWidgetsExtension-generated-files.hmap (in target 'OrangeCloudWidgetsExtension' from project 'Orange Cloud')
    cd /Users/runner/work/orange-cloud/orange-cloud/orange-cloud/apps/ios/Orange\ Cloud
    write-file /Users/runner/work/orange-cloud/orange-cloud/orange-cloud/apps/ios/Orange\ Cloud/build/Build/Intermediates.noindex/Orange\ Cloud.build/Release-iphoneos/OrangeCloudWidgetsExtension.build/OrangeCloudWidgetsExtension-generated-files.hmap

WriteAuxiliaryFile /Users/runner/work/orange-cloud/orange-cloud/orange-cloud/apps/ios/Orange\ Cloud/build/Build/Intermediates.noindex/Orange\ Cloud.build/Release-iphoneos/OrangeCloudWidgetsExtension.build/OrangeCloudWidgetsExtension-all-target-headers.hmap (in target 'OrangeCloudWidgetsExtension' from project 'Orange Cloud')
    cd /Users/runner/work/orange-cloud/orange-cloud/orange-cloud/apps/ios/Orange\ Cloud
    write-file /Users/runner/work/orange-cloud/orange-cloud/orange-cloud/apps/ios/Orange\ Cloud/build/Build/Intermediates.noindex/Orange\ Cloud.build/Release-iphoneos/OrangeCloudWidgetsExtension.build/OrangeCloudWidgetsExtension-all-target-headers.hmap

WriteAuxiliaryFile /Users/runner/work/orange-cloud/orange-cloud/orange-cloud/apps/ios/Orange\ Cloud/build/Build/Intermediates.noindex/Orange\ Cloud.build/Release-iphoneos/OrangeCloudWidgetsExtension.build/OrangeCloudWidgetsExtension-all-non-framework-target-headers.hmap (in target 'OrangeCloudWidgetsExtension' from project 'Orange Cloud')
    cd /Users/runner/work/orange-cloud/orange-cloud/orange-cloud/apps/ios/Orange\ Cloud
    write-file /Users/runner/work/orange-cloud/orange-cloud/orange-cloud/apps/ios/Orange\ Cloud/build/Build/Intermediates.noindex/Orange\ Cloud.build/Release-iphoneos/OrangeCloudWidgetsExtension.build/OrangeCloudWidgetsExtension-all-non-framework-target-headers.hmap

WriteAuxiliaryFile /Users/runner/work/orange-cloud/orange-cloud/orange-cloud/apps/ios/Orange\ Cloud/build/Build/Intermediates.noindex/Orange\ Cloud.build/Release-iphoneos/OrangeCloudWidgetsExtension.build/Objects-normal/arm64/OrangeCloudWidgetsExtension_const_extract_protocols.json (in target 'OrangeCloudWidgetsExtension' from project 'Orange Cloud')
    cd /Users/runner/work/orange-cloud/orange-cloud/orange-cloud/apps/ios/Orange\ Cloud
    write-file /Users/runner/work/orange-cloud/orange-cloud/orange-cloud/apps/ios/Orange\ Cloud/build/Build/Intermediates.noindex/Orange\ Cloud.build/Release-iphoneos/OrangeCloudWidgetsExtension.build/Objects-normal/arm64/OrangeCloudWidgetsExtension_const_extract_protocols.json

WriteAuxiliaryFile /Users/runner/work/orange-cloud/orange-cloud/orange-cloud/apps/ios/Orange\ Cloud/build/Build/Intermediates.noindex/Orange\ Cloud.build/Release-iphoneos/OrangeCloudWidgetsExtension.build/Objects-normal/arm64/OrangeCloudWidgetsExtension.SwiftFileList (in target 'OrangeCloudWidgetsExtension' from project 'Orange Cloud')
    cd /Users/runner/work/orange-cloud/orange-cloud/orange-cloud/apps/ios/Orange\ Cloud
    write-file /Users/runner/work/orange-cloud/orange-cloud/orange-cloud/apps/ios/Orange\ Cloud/build/Build/Intermediates.noindex/Orange\ Cloud.build/Release-iphoneos/OrangeCloudWidgetsExtension.build/Objects-normal/arm64/OrangeCloudWidgetsExtension.SwiftFileList

WriteAuxiliaryFile /Users/runner/work/orange-cloud/orange-cloud/orange-cloud/apps/ios/Orange\ Cloud/build/Build/Intermediates.noindex/Orange\ Cloud.build/Release-iphoneos/OrangeCloudWidgetsExtension.build/Objects-normal/arm64/OrangeCloudWidgetsExtension.SwiftConstValuesFileList (in target 'OrangeCloudWidgetsExtension' from project 'Orange Cloud')
    cd /Users/runner/work/orange-cloud/orange-cloud/orange-cloud/apps/ios/Orange\ Cloud
    write-file /Users/runner/work/orange-cloud/orange-cloud/orange-cloud/apps/ios/Orange\ Cloud/build/Build/Intermediates.noindex/Orange\ Cloud.build/Release-iphoneos/OrangeCloudWidgetsExtension.build/Objects-normal/arm64/OrangeCloudWidgetsExtension.SwiftConstValuesFileList

WriteAuxiliaryFile /Users/runner/work/orange-cloud/orange-cloud/orange-cloud/apps/ios/Orange\ Cloud/build/Build/Intermediates.noindex/Orange\ Cloud.build/Release-iphoneos/OrangeCloudWidgetsExtension.build/Objects-normal/arm64/OrangeCloudWidgetsExtension.LinkFileList (in target 'OrangeCloudWidgetsExtension' from project 'Orange Cloud')
    cd /Users/runner/work/orange-cloud/orange-cloud/orange-cloud/apps/ios/Orange\ Cloud
    write-file /Users/runner/work/orange-cloud/orange-cloud/orange-cloud/apps/ios/Orange\ Cloud/build/Build/Intermediates.noindex/Orange\ Cloud.build/Release-iphoneos/OrangeCloudWidgetsExtension.build/Objects-normal/arm64/OrangeCloudWidgetsExtension.LinkFileList

WriteAuxiliaryFile /Users/runner/work/orange-cloud/orange-cloud/orange-cloud/apps/ios/Orange\ Cloud/build/Build/Intermediates.noindex/Orange\ Cloud.build/Release-iphoneos/OrangeCloudWidgetsExtension.build/Objects-normal/arm64/OrangeCloudWidgetsExtension-OutputFileMap.json (in target 'OrangeCloudWidgetsExtension' from project 'Orange Cloud')
    cd /Users/runner/work/orange-cloud/orange-cloud/orange-cloud/apps/ios/Orange\ Cloud
    write-file /Users/runner/work/orange-cloud/orange-cloud/orange-cloud/apps/ios/Orange\ Cloud/build/Build/Intermediates.noindex/Orange\ Cloud.build/Release-iphoneos/OrangeCloudWidgetsExtension.build/Objects-normal/arm64/OrangeCloudWidgetsExtension-OutputFileMap.json

WriteAuxiliaryFile /Users/runner/work/orange-cloud/orange-cloud/orange-cloud/apps/ios/Orange\ Cloud/build/Build/Intermediates.noindex/Orange\ Cloud.build/Release-watchos/Orange\ Cloud\ WatchExtension.build/Orange\ Cloud\ WatchExtension.DependencyStaticMetadataFileList (in target 'Orange Cloud WatchExtension' from project 'Orange Cloud')
    cd /Users/runner/work/orange-cloud/orange-cloud/orange-cloud/apps/ios/Orange\ Cloud
    write-file /Users/runner/work/orange-cloud/orange-cloud/orange-cloud/apps/ios/Orange\ Cloud/build/Build/Intermediates.noindex/Orange\ Cloud.build/Release-watchos/Orange\ Cloud\ WatchExtension.build/Orange\ Cloud\ WatchExtension.DependencyStaticMetadataFileList

WriteAuxiliaryFile /Users/runner/work/orange-cloud/orange-cloud/orange-cloud/apps/ios/Orange\ Cloud/build/Build/Intermediates.noindex/Orange\ Cloud.build/Release-watchos/Orange\ Cloud\ WatchExtension.build/Orange\ Cloud\ WatchExtension.DependencyMetadataFileList (in target 'Orange Cloud WatchExtension' from project 'Orange Cloud')
    cd /Users/runner/work/orange-cloud/orange-cloud/orange-cloud/apps/ios/Orange\ Cloud
    write-file /Users/runner/work/orange-cloud/orange-cloud/orange-cloud/apps/ios/Orange\ Cloud/build/Build/Intermediates.noindex/Orange\ Cloud.build/Release-watchos/Orange\ Cloud\ WatchExtension.build/Orange\ Cloud\ WatchExtension.DependencyMetadataFileList

Copy /Users/runner/work/orange-cloud/orange-cloud/orange-cloud/apps/ios/Orange\ Cloud/build/Build/Intermediates.noindex/GeneratedModuleMaps-iphoneos/SentryCppHelper.modulemap /Users/runner/work/orange-cloud/orange-cloud/orange-cloud/apps/ios/Orange\ Cloud/build/Build/Intermediates.noindex/Sentry.build/Release-iphoneos/SentryCppHelper.build/SentryCppHelper.modulemap (in target 'SentryCppHelper' from project 'Sentry')
    cd /Users/runner/work/orange-cloud/orange-cloud/orange-cloud/apps/ios/Orange\ Cloud/build/SourcePackages/checkouts/sentry-cocoa
    builtin-copy -exclude .DS_Store -exclude CVS -exclude .svn -exclude .git -exclude .hg -strip-unsigned-binaries -strip-deterministic -strip-tool /Applications/Xcode_26.6.app/Contents/Developer/Toolchains/XcodeDefault.xctoolchain/usr/bin/strip -resolve-src-symlinks /Users/runner/work/orange-cloud/orange-cloud/orange-cloud/apps/ios/Orange\ Cloud/build/Build/Intermediates.noindex/Sentry.build/Release-iphoneos/SentryCppHelper.build/SentryCppHelper.modulemap /Users/runner/work/orange-cloud/orange-cloud/orange-cloud/apps/ios/Orange\ Cloud/build/Build/Intermediates.noindex/GeneratedModuleMaps-iphoneos

WriteAuxiliaryFile /Users/runner/work/orange-cloud/orange-cloud/orange-cloud/apps/ios/Orange\ Cloud/build/Build/Intermediates.noindex/Orange\ Cloud.build/Release-watchos/Orange\ Cloud\ WatchExtension.build/Orange\ Cloud\ WatchExtension-project-headers.hmap (in target 'Orange Cloud WatchExtension' from project 'Orange Cloud')
    cd /Users/runner/work/orange-cloud/orange-cloud/orange-cloud/apps/ios/Orange\ Cloud
    write-file /Users/runner/work/orange-cloud/orange-cloud/orange-cloud/apps/ios/Orange\ Cloud/build/Build/Intermediates.noindex/Orange\ Cloud.build/Release-watchos/Orange\ Cloud\ WatchExtension.build/Orange\ Cloud\ WatchExtension-project-headers.hmap

WriteAuxiliaryFile /Users/runner/work/orange-cloud/orange-cloud/orange-cloud/apps/ios/Orange\ Cloud/build/Build/Intermediates.noindex/Orange\ Cloud.build/Release-watchos/Orange\ Cloud\ WatchExtension.build/Orange\ Cloud\ WatchExtension-own-target-headers.hmap (in target 'Orange Cloud WatchExtension' from project 'Orange Cloud')
    cd /Users/runner/work/orange-cloud/orange-cloud/orange-cloud/apps/ios/Orange\ Cloud
    write-file /Users/runner/work/orange-cloud/orange-cloud/orange-cloud/apps/ios/Orange\ Cloud/build/Build/Intermediates.noindex/Orange\ Cloud.build/Release-watchos/Orange\ Cloud\ WatchExtension.build/Orange\ Cloud\ WatchExtension-own-target-headers.hmap

WriteAuxiliaryFile /Users/runner/work/orange-cloud/orange-cloud/orange-cloud/apps/ios/Orange\ Cloud/build/Build/Intermediates.noindex/Orange\ Cloud.build/Release-watchos/Orange\ Cloud\ WatchExtension.build/Orange\ Cloud\ WatchExtension-generated-files.hmap (in target 'Orange Cloud WatchExtension' from project 'Orange Cloud')
    cd /Users/runner/work/orange-cloud/orange-cloud/orange-cloud/apps/ios/Orange\ Cloud
    write-file /Users/runner/work/orange-cloud/orange-cloud/orange-cloud/apps/ios/Orange\ Cloud/build/Build/Intermediates.noindex/Orange\ Cloud.build/Release-watchos/Orange\ Cloud\ WatchExtension.build/Orange\ Cloud\ WatchExtension-generated-files.hmap

WriteAuxiliaryFile /Users/runner/work/orange-cloud/orange-cloud/orange-cloud/apps/ios/Orange\ Cloud/build/Build/Intermediates.noindex/Orange\ Cloud.build/Release-watchos/Orange\ Cloud\ WatchExtension.build/Orange\ Cloud\ WatchExtension-all-target-headers.hmap (in target 'Orange Cloud WatchExtension' from project 'Orange Cloud')
    cd /Users/runner/work/orange-cloud/orange-cloud/orange-cloud/apps/ios/Orange\ Cloud
    write-file /Users/runner/work/orange-cloud/orange-cloud/orange-cloud/apps/ios/Orange\ Cloud/build/Build/Intermediates.noindex/Orange\ Cloud.build/Release-watchos/Orange\ Cloud\ WatchExtension.build/Orange\ Cloud\ WatchExtension-all-target-headers.hmap

WriteAuxiliaryFile /Users/runner/work/orange-cloud/orange-cloud/orange-cloud/apps/ios/Orange\ Cloud/build/Build/Intermediates.noindex/Orange\ Cloud.build/Release-watchos/Orange\ Cloud\ WatchExtension.build/Orange\ Cloud\ WatchExtension-all-non-framework-target-headers.hmap (in target 'Orange Cloud WatchExtension' from project 'Orange Cloud')
    cd /Users/runner/work/orange-cloud/orange-cloud/orange-cloud/apps/ios/Orange\ Cloud
    write-file /Users/runner/work/orange-cloud/orange-cloud/orange-cloud/apps/ios/Orange\ Cloud/build/Build/Intermediates.noindex/Orange\ Cloud.build/Release-watchos/Orange\ Cloud\ WatchExtension.build/Orange\ Cloud\ WatchExtension-all-non-framework-target-headers.hmap

WriteAuxiliaryFile /Users/runner/work/orange-cloud/orange-cloud/orange-cloud/apps/ios/Orange\ Cloud/build/Build/Intermediates.noindex/Orange\ Cloud.build/Release-watchos/Orange\ Cloud\ WatchExtension.build/Objects-normal/arm64_32/Orange\ Cloud\ WatchExtension_const_extract_protocols.json (in target 'Orange Cloud WatchExtension' from project 'Orange Cloud')
    cd /Users/runner/work/orange-cloud/orange-cloud/orange-cloud/apps/ios/Orange\ Cloud
    write-file /Users/runner/work/orange-cloud/orange-cloud/orange-cloud/apps/ios/Orange\ Cloud/build/Build/Intermediates.noindex/Orange\ Cloud.build/Release-watchos/Orange\ Cloud\ WatchExtension.build/Objects-normal/arm64_32/Orange\ Cloud\ WatchExtension_const_extract_protocols.json

WriteAuxiliaryFile /Users/runner/work/orange-cloud/orange-cloud/orange-cloud/apps/ios/Orange\ Cloud/build/Build/Intermediates.noindex/Orange\ Cloud.build/Release-watchos/Orange\ Cloud\ WatchExtension.build/Objects-normal/arm64_32/Orange\ Cloud\ WatchExtension.SwiftFileList (in target 'Orange Cloud WatchExtension' from project 'Orange Cloud')
    cd /Users/runner/work/orange-cloud/orange-cloud/orange-cloud/apps/ios/Orange\ Cloud
    write-file /Users/runner/work/orange-cloud/orange-cloud/orange-cloud/apps/ios/Orange\ Cloud/build/Build/Intermediates.noindex/Orange\ Cloud.build/Release-watchos/Orange\ Cloud\ WatchExtension.build/Objects-normal/arm64_32/Orange\ Cloud\ WatchExtension.SwiftFileList

WriteAuxiliaryFile /Users/runner/work/orange-cloud/orange-cloud/orange-cloud/apps/ios/Orange\ Cloud/build/Build/Intermediates.noindex/Orange\ Cloud.build/Release-watchos/Orange\ Cloud\ WatchExtension.build/Objects-normal/arm64_32/Orange\ Cloud\ WatchExtension.SwiftConstValuesFileList (in target 'Orange Cloud WatchExtension' from project 'Orange Cloud')
    cd /Users/runner/work/orange-cloud/orange-cloud/orange-cloud/apps/ios/Orange\ Cloud
    write-file /Users/runner/work/orange-cloud/orange-cloud/orange-cloud/apps/ios/Orange\ Cloud/build/Build/Intermediates.noindex/Orange\ Cloud.build/Release-watchos/Orange\ Cloud\ WatchExtension.build/Objects-normal/arm64_32/Orange\ Cloud\ WatchExtension.SwiftConstValuesFileList

WriteAuxiliaryFile /Users/runner/work/orange-cloud/orange-cloud/orange-cloud/apps/ios/Orange\ Cloud/build/Build/Intermediates.noindex/Orange\ Cloud.build/Release-watchos/Orange\ Cloud\ WatchExtension.build/Objects-normal/arm64_32/Orange\ Cloud\ WatchExtension.LinkFileList (in target 'Orange Cloud WatchExtension' from project 'Orange Cloud')
    cd /Users/runner/work/orange-cloud/orange-cloud/orange-cloud/apps/ios/Orange\ Cloud
    write-file /Users/runner/work/orange-cloud/orange-cloud/orange-cloud/apps/ios/Orange\ Cloud/build/Build/Intermediates.noindex/Orange\ Cloud.build/Release-watchos/Orange\ Cloud\ WatchExtension.build/Objects-normal/arm64_32/Orange\ Cloud\ WatchExtension.LinkFileList

WriteAuxiliaryFile /Users/runner/work/orange-cloud/orange-cloud/orange-cloud/apps/ios/Orange\ Cloud/build/Build/Intermediates.noindex/Orange\ Cloud.build/Release-watchos/Orange\ Cloud\ WatchExtension.build/Objects-normal/arm64_32/Orange\ Cloud\ WatchExtension-OutputFileMap.json (in target 'Orange Cloud WatchExtension' from project 'Orange Cloud')
    cd /Users/runner/work/orange-cloud/orange-cloud/orange-cloud/apps/ios/Orange\ Cloud
    write-file /Users/runner/work/orange-cloud/orange-cloud/orange-cloud/apps/ios/Orange\ Cloud/build/Build/Intermediates.noindex/Orange\ Cloud.build/Release-watchos/Orange\ Cloud\ WatchExtension.build/Objects-normal/arm64_32/Orange\ Cloud\ WatchExtension-OutputFileMap.json

WriteAuxiliaryFile /Users/runner/work/orange-cloud/orange-cloud/orange-cloud/apps/ios/Orange\ Cloud/build/Build/Intermediates.noindex/Orange\ Cloud.build/Release-watchos/Orange\ Cloud\ WatchExtension.build/Objects-normal/arm64/Orange\ Cloud\ WatchExtension_const_extract_protocols.json (in target 'Orange Cloud WatchExtension' from project 'Orange Cloud')
    cd /Users/runner/work/orange-cloud/orange-cloud/orange-cloud/apps/ios/Orange\ Cloud
    write-file /Users/runner/work/orange-cloud/orange-cloud/orange-cloud/apps/ios/Orange\ Cloud/build/Build/Intermediates.noindex/Orange\ Cloud.build/Release-watchos/Orange\ Cloud\ WatchExtension.build/Objects-normal/arm64/Orange\ Cloud\ WatchExtension_const_extract_protocols.json

WriteAuxiliaryFile /Users/runner/work/orange-cloud/orange-cloud/orange-cloud/apps/ios/Orange\ Cloud/build/Build/Intermediates.noindex/Orange\ Cloud.build/Release-watchos/Orange\ Cloud\ WatchExtension.build/Objects-normal/arm64/Orange\ Cloud\ WatchExtension.SwiftFileList (in target 'Orange Cloud WatchExtension' from project 'Orange Cloud')
    cd /Users/runner/work/orange-cloud/orange-cloud/orange-cloud/apps/ios/Orange\ Cloud
    write-file /Users/runner/work/orange-cloud/orange-cloud/orange-cloud/apps/ios/Orange\ Cloud/build/Build/Intermediates.noindex/Orange\ Cloud.build/Release-watchos/Orange\ Cloud\ WatchExtension.build/Objects-normal/arm64/Orange\ Cloud\ WatchExtension.SwiftFileList

WriteAuxiliaryFile /Users/runner/work/orange-cloud/orange-cloud/orange-cloud/apps/ios/Orange\ Cloud/build/Build/Intermediates.noindex/Orange\ Cloud.build/Release-watchos/Orange\ Cloud\ WatchExtension.build/Objects-normal/arm64/Orange\ Cloud\ WatchExtension.SwiftConstValuesFileList (in target 'Orange Cloud WatchExtension' from project 'Orange Cloud')
    cd /Users/runner/work/orange-cloud/orange-cloud/orange-cloud/apps/ios/Orange\ Cloud
    write-file /Users/runner/work/orange-cloud/orange-cloud/orange-cloud/apps/ios/Orange\ Cloud/build/Build/Intermediates.noindex/Orange\ Cloud.build/Release-watchos/Orange\ Cloud\ WatchExtension.build/Objects-normal/arm64/Orange\ Cloud\ WatchExtension.SwiftConstValuesFileList

WriteAuxiliaryFile /Users/runner/work/orange-cloud/orange-cloud/orange-cloud/apps/ios/Orange\ Cloud/build/Build/Intermediates.noindex/Orange\ Cloud.build/Release-watchos/Orange\ Cloud\ WatchExtension.build/Objects-normal/arm64/Orange\ Cloud\ WatchExtension.LinkFileList (in target 'Orange Cloud WatchExtension' from project 'Orange Cloud')
    cd /Users/runner/work/orange-cloud/orange-cloud/orange-cloud/apps/ios/Orange\ Cloud
    write-file /Users/runner/work/orange-cloud/orange-cloud/orange-cloud/apps/ios/Orange\ Cloud/build/Build/Intermediates.noindex/Orange\ Cloud.build/Release-watchos/Orange\ Cloud\ WatchExtension.build/Objects-normal/arm64/Orange\ Cloud\ WatchExtension.LinkFileList

WriteAuxiliaryFile /Users/runner/work/orange-cloud/orange-cloud/orange-cloud/apps/ios/Orange\ Cloud/build/Build/Intermediates.noindex/Orange\ Cloud.build/Release-watchos/Orange\ Cloud\ WatchExtension.build/Objects-normal/arm64/Orange\ Cloud\ WatchExtension-OutputFileMap.json (in target 'Orange Cloud WatchExtension' from project 'Orange Cloud')
    cd /Users/runner/work/orange-cloud/orange-cloud/orange-cloud/apps/ios/Orange\ Cloud
    write-file /Users/runner/work/orange-cloud/orange-cloud/orange-cloud/apps/ios/Orange\ Cloud/build/Build/Intermediates.noindex/Orange\ Cloud.build/Release-watchos/Orange\ Cloud\ WatchExtension.build/Objects-normal/arm64/Orange\ Cloud\ WatchExtension-OutputFileMap.json

WriteAuxiliaryFile /Users/runner/work/orange-cloud/orange-cloud/orange-cloud/apps/ios/Orange\ Cloud/build/Build/Intermediates.noindex/Orange\ Cloud.build/Release-watchos/Orange\ Cloud\ Watch\ Watch\ App.build/empty-Orange\ Cloud\ Watch\ Watch\ App.plist (in target 'Orange Cloud Watch Watch App' from project 'Orange Cloud')
    cd /Users/runner/work/orange-cloud/orange-cloud/orange-cloud/apps/ios/Orange\ Cloud
    write-file /Users/runner/work/orange-cloud/orange-cloud/orange-cloud/apps/ios/Orange\ Cloud/build/Build/Intermediates.noindex/Orange\ Cloud.build/Release-watchos/Orange\ Cloud\ Watch\ Watch\ App.build/empty-Orange\ Cloud\ Watch\ Watch\ App.plist

WriteAuxiliaryFile /Users/runner/work/orange-cloud/orange-cloud/orange-cloud/apps/ios/Orange\ Cloud/build/Build/Intermediates.noindex/Orange\ Cloud.build/Release-watchos/Orange\ Cloud\ Watch\ Watch\ App.build/Orange\ Cloud\ Watch\ Watch\ App.hmap (in target 'Orange Cloud Watch Watch App' from project 'Orange Cloud')
    cd /Users/runner/work/orange-cloud/orange-cloud/orange-cloud/apps/ios/Orange\ Cloud
    write-file /Users/runner/work/orange-cloud/orange-cloud/orange-cloud/apps/ios/Orange\ Cloud/build/Build/Intermediates.noindex/Orange\ Cloud.build/Release-watchos/Orange\ Cloud\ Watch\ Watch\ App.build/Orange\ Cloud\ Watch\ Watch\ App.hmap

WriteAuxiliaryFile /Users/runner/work/orange-cloud/orange-cloud/orange-cloud/apps/ios/Orange\ Cloud/build/Build/Intermediates.noindex/Orange\ Cloud.build/Release-watchos/Orange\ Cloud\ Watch\ Watch\ App.build/Orange\ Cloud\ Watch\ Watch\ App.DependencyStaticMetadataFileList (in target 'Orange Cloud Watch Watch App' from project 'Orange Cloud')
    cd /Users/runner/work/orange-cloud/orange-cloud/orange-cloud/apps/ios/Orange\ Cloud
    write-file /Users/runner/work/orange-cloud/orange-cloud/orange-cloud/apps/ios/Orange\ Cloud/build/Build/Intermediates.noindex/Orange\ Cloud.build/Release-watchos/Orange\ Cloud\ Watch\ Watch\ App.build/Orange\ Cloud\ Watch\ Watch\ App.DependencyStaticMetadataFileList

WriteAuxiliaryFile /Users/runner/work/orange-cloud/orange-cloud/orange-cloud/apps/ios/Orange\ Cloud/build/Build/Intermediates.noindex/Orange\ Cloud.build/Release-watchos/Orange\ Cloud\ Watch\ Watch\ App.build/Orange\ Cloud\ Watch\ Watch\ App.DependencyMetadataFileList (in target 'Orange Cloud Watch Watch App' from project 'Orange Cloud')
    cd /Users/runner/work/orange-cloud/orange-cloud/orange-cloud/apps/ios/Orange\ Cloud
    write-file /Users/runner/work/orange-cloud/orange-cloud/orange-cloud/apps/ios/Orange\ Cloud/build/Build/Intermediates.noindex/Orange\ Cloud.build/Release-watchos/Orange\ Cloud\ Watch\ Watch\ App.build/Orange\ Cloud\ Watch\ Watch\ App.DependencyMetadataFileList

WriteAuxiliaryFile /Users/runner/work/orange-cloud/orange-cloud/orange-cloud/apps/ios/Orange\ Cloud/build/Build/Intermediates.noindex/Orange\ Cloud.build/Release-watchos/Orange\ Cloud\ Watch\ Watch\ App.build/Orange\ Cloud\ Watch\ Watch\ App-project-headers.hmap (in target 'Orange Cloud Watch Watch App' from project 'Orange Cloud')
    cd /Users/runner/work/orange-cloud/orange-cloud/orange-cloud/apps/ios/Orange\ Cloud
    write-file /Users/runner/work/orange-cloud/orange-cloud/orange-cloud/apps/ios/Orange\ Cloud/build/Build/Intermediates.noindex/Orange\ Cloud.build/Release-watchos/Orange\ Cloud\ Watch\ Watch\ App.build/Orange\ Cloud\ Watch\ Watch\ App-project-headers.hmap

WriteAuxiliaryFile /Users/runner/work/orange-cloud/orange-cloud/orange-cloud/apps/ios/Orange\ Cloud/build/Build/Intermediates.noindex/Orange\ Cloud.build/Release-watchos/Orange\ Cloud\ Watch\ Watch\ App.build/Orange\ Cloud\ Watch\ Watch\ App-own-target-headers.hmap (in target 'Orange Cloud Watch Watch App' from project 'Orange Cloud')
    cd /Users/runner/work/orange-cloud/orange-cloud/orange-cloud/apps/ios/Orange\ Cloud
    write-file /Users/runner/work/orange-cloud/orange-cloud/orange-cloud/apps/ios/Orange\ Cloud/build/Build/Intermediates.noindex/Orange\ Cloud.build/Release-watchos/Orange\ Cloud\ Watch\ Watch\ App.build/Orange\ Cloud\ Watch\ Watch\ App-own-target-headers.hmap

WriteAuxiliaryFile /Users/runner/work/orange-cloud/orange-cloud/orange-cloud/apps/ios/Orange\ Cloud/build/Build/Intermediates.noindex/Orange\ Cloud.build/Release-watchos/Orange\ Cloud\ Watch\ Watch\ App.build/Orange\ Cloud\ Watch\ Watch\ App-generated-files.hmap (in target 'Orange Cloud Watch Watch App' from project 'Orange Cloud')
    cd /Users/runner/work/orange-cloud/orange-cloud/orange-cloud/apps/ios/Orange\ Cloud
    write-file /Users/runner/work/orange-cloud/orange-cloud/orange-cloud/apps/ios/Orange\ Cloud/build/Build/Intermediates.noindex/Orange\ Cloud.build/Release-watchos/Orange\ Cloud\ Watch\ Watch\ App.build/Orange\ Cloud\ Watch\ Watch\ App-generated-files.hmap

WriteAuxiliaryFile /Users/runner/work/orange-cloud/orange-cloud/orange-cloud/apps/ios/Orange\ Cloud/build/Build/Intermediates.noindex/Orange\ Cloud.build/Release-watchos/Orange\ Cloud\ Watch\ Watch\ App.build/Orange\ Cloud\ Watch\ Watch\ App-all-target-headers.hmap (in target 'Orange Cloud Watch Watch App' from project 'Orange Cloud')
    cd /Users/runner/work/orange-cloud/orange-cloud/orange-cloud/apps/ios/Orange\ Cloud
    write-file /Users/runner/work/orange-cloud/orange-cloud/orange-cloud/apps/ios/Orange\ Cloud/build/Build/Intermediates.noindex/Orange\ Cloud.build/Release-watchos/Orange\ Cloud\ Watch\ Watch\ App.build/Orange\ Cloud\ Watch\ Watch\ App-all-target-headers.hmap

WriteAuxiliaryFile /Users/runner/work/orange-cloud/orange-cloud/orange-cloud/apps/ios/Orange\ Cloud/build/Build/Intermediates.noindex/Orange\ Cloud.build/Release-watchos/Orange\ Cloud\ Watch\ Watch\ App.build/Orange\ Cloud\ Watch\ Watch\ App-all-non-framework-target-headers.hmap (in target 'Orange Cloud Watch Watch App' from project 'Orange Cloud')
    cd /Users/runner/work/orange-cloud/orange-cloud/orange-cloud/apps/ios/Orange\ Cloud
    write-file /Users/runner/work/orange-cloud/orange-cloud/orange-cloud/apps/ios/Orange\ Cloud/build/Build/Intermediates.noindex/Orange\ Cloud.build/Release-watchos/Orange\ Cloud\ Watch\ Watch\ App.build/Orange\ Cloud\ Watch\ Watch\ App-all-non-framework-target-headers.hmap

WriteAuxiliaryFile /Users/runner/work/orange-cloud/orange-cloud/orange-cloud/apps/ios/Orange\ Cloud/build/Build/Intermediates.noindex/Orange\ Cloud.build/Release-watchos/Orange\ Cloud\ Watch\ Watch\ App.build/Objects-normal/arm64_32/Orange\ Cloud\ Watch\ Watch\ App_const_extract_protocols.json (in target 'Orange Cloud Watch Watch App' from project 'Orange Cloud')
    cd /Users/runner/work/orange-cloud/orange-cloud/orange-cloud/apps/ios/Orange\ Cloud
    write-file /Users/runner/work/orange-cloud/orange-cloud/orange-cloud/apps/ios/Orange\ Cloud/build/Build/Intermediates.noindex/Orange\ Cloud.build/Release-watchos/Orange\ Cloud\ Watch\ Watch\ App.build/Objects-normal/arm64_32/Orange\ Cloud\ Watch\ Watch\ App_const_extract_protocols.json

WriteAuxiliaryFile /Users/runner/work/orange-cloud/orange-cloud/orange-cloud/apps/ios/Orange\ Cloud/build/Build/Intermediates.noindex/Orange\ Cloud.build/Release-watchos/Orange\ Cloud\ Watch\ Watch\ App.build/Objects-normal/arm64_32/Orange\ Cloud\ Watch\ Watch\ App.SwiftFileList (in target 'Orange Cloud Watch Watch App' from project 'Orange Cloud')
    cd /Users/runner/work/orange-cloud/orange-cloud/orange-cloud/apps/ios/Orange\ Cloud
    write-file /Users/runner/work/orange-cloud/orange-cloud/orange-cloud/apps/ios/Orange\ Cloud/build/Build/Intermediates.noindex/Orange\ Cloud.build/Release-watchos/Orange\ Cloud\ Watch\ Watch\ App.build/Objects-normal/arm64_32/Orange\ Cloud\ Watch\ Watch\ App.SwiftFileList

WriteAuxiliaryFile /Users/runner/work/orange-cloud/orange-cloud/orange-cloud/apps/ios/Orange\ Cloud/build/Build/Intermediates.noindex/Orange\ Cloud.build/Release-watchos/Orange\ Cloud\ Watch\ Watch\ App.build/Objects-normal/arm64_32/Orange\ Cloud\ Watch\ Watch\ App.SwiftConstValuesFileList (in target 'Orange Cloud Watch Watch App' from project 'Orange Cloud')
    cd /Users/runner/work/orange-cloud/orange-cloud/orange-cloud/apps/ios/Orange\ Cloud
    write-file /Users/runner/work/orange-cloud/orange-cloud/orange-cloud/apps/ios/Orange\ Cloud/build/Build/Intermediates.noindex/Orange\ Cloud.build/Release-watchos/Orange\ Cloud\ Watch\ Watch\ App.build/Objects-normal/arm64_32/Orange\ Cloud\ Watch\ Watch\ App.SwiftConstValuesFileList

WriteAuxiliaryFile /Users/runner/work/orange-cloud/orange-cloud/orange-cloud/apps/ios/Orange\ Cloud/build/Build/Intermediates.noindex/Orange\ Cloud.build/Release-watchos/Orange\ Cloud\ Watch\ Watch\ App.build/Objects-normal/arm64_32/Orange\ Cloud\ Watch\ Watch\ App.LinkFileList (in target 'Orange Cloud Watch Watch App' from project 'Orange Cloud')
    cd /Users/runner/work/orange-cloud/orange-cloud/orange-cloud/apps/ios/Orange\ Cloud
    write-file /Users/runner/work/orange-cloud/orange-cloud/orange-cloud/apps/ios/Orange\ Cloud/build/Build/Intermediates.noindex/Orange\ Cloud.build/Release-watchos/Orange\ Cloud\ Watch\ Watch\ App.build/Objects-normal/arm64_32/Orange\ Cloud\ Watch\ Watch\ App.LinkFileList

WriteAuxiliaryFile /Users/runner/work/orange-cloud/orange-cloud/orange-cloud/apps/ios/Orange\ Cloud/build/Build/Intermediates.noindex/Orange\ Cloud.build/Release-watchos/Orange\ Cloud\ Watch\ Watch\ App.build/Objects-normal/arm64_32/Orange\ Cloud\ Watch\ Watch\ App-OutputFileMap.json (in target 'Orange Cloud Watch Watch App' from project 'Orange Cloud')
    cd /Users/runner/work/orange-cloud/orange-cloud/orange-cloud/apps/ios/Orange\ Cloud
    write-file /Users/runner/work/orange-cloud/orange-cloud/orange-cloud/apps/ios/Orange\ Cloud/build/Build/Intermediates.noindex/Orange\ Cloud.build/Release-watchos/Orange\ Cloud\ Watch\ Watch\ App.build/Objects-normal/arm64_32/Orange\ Cloud\ Watch\ Watch\ App-OutputFileMap.json

WriteAuxiliaryFile /Users/runner/work/orange-cloud/orange-cloud/orange-cloud/apps/ios/Orange\ Cloud/build/Build/Intermediates.noindex/Orange\ Cloud.build/Release-watchos/Orange\ Cloud\ Watch\ Watch\ App.build/Objects-normal/arm64/Orange\ Cloud\ Watch\ Watch\ App_const_extract_protocols.json (in target 'Orange Cloud Watch Watch App' from project 'Orange Cloud')
    cd /Users/runner/work/orange-cloud/orange-cloud/orange-cloud/apps/ios/Orange\ Cloud
    write-file /Users/runner/work/orange-cloud/orange-cloud/orange-cloud/apps/ios/Orange\ Cloud/build/Build/Intermediates.noindex/Orange\ Cloud.build/Release-watchos/Orange\ Cloud\ Watch\ Watch\ App.build/Objects-normal/arm64/Orange\ Cloud\ Watch\ Watch\ App_const_extract_protocols.json

WriteAuxiliaryFile /Users/runner/work/orange-cloud/orange-cloud/orange-cloud/apps/ios/Orange\ Cloud/build/Build/Intermediates.noindex/Orange\ Cloud.build/Release-watchos/Orange\ Cloud\ Watch\ Watch\ App.build/Objects-normal/arm64/Orange\ Cloud\ Watch\ Watch\ App.SwiftFileList (in target 'Orange Cloud Watch Watch App' from project 'Orange Cloud')
    cd /Users/runner/work/orange-cloud/orange-cloud/orange-cloud/apps/ios/Orange\ Cloud
    write-file /Users/runner/work/orange-cloud/orange-cloud/orange-cloud/apps/ios/Orange\ Cloud/build/Build/Intermediates.noindex/Orange\ Cloud.build/Release-watchos/Orange\ Cloud\ Watch\ Watch\ App.build/Objects-normal/arm64/Orange\ Cloud\ Watch\ Watch\ App.SwiftFileList

WriteAuxiliaryFile /Users/runner/work/orange-cloud/orange-cloud/orange-cloud/apps/ios/Orange\ Cloud/build/Build/Intermediates.noindex/Orange\ Cloud.build/Release-watchos/Orange\ Cloud\ Watch\ Watch\ App.build/Objects-normal/arm64/Orange\ Cloud\ Watch\ Watch\ App.SwiftConstValuesFileList (in target 'Orange Cloud Watch Watch App' from project 'Orange Cloud')
    cd /Users/runner/work/orange-cloud/orange-cloud/orange-cloud/apps/ios/Orange\ Cloud
    write-file /Users/runner/work/orange-cloud/orange-cloud/orange-cloud/apps/ios/Orange\ Cloud/build/Build/Intermediates.noindex/Orange\ Cloud.build/Release-watchos/Orange\ Cloud\ Watch\ Watch\ App.build/Objects-normal/arm64/Orange\ Cloud\ Watch\ Watch\ App.SwiftConstValuesFileList

WriteAuxiliaryFile /Users/runner/work/orange-cloud/orange-cloud/orange-cloud/apps/ios/Orange\ Cloud/build/Build/Intermediates.noindex/Orange\ Cloud.build/Release-watchos/Orange\ Cloud\ Watch\ Watch\ App.build/Objects-normal/arm64/Orange\ Cloud\ Watch\ Watch\ App.LinkFileList (in target 'Orange Cloud Watch Watch App' from project 'Orange Cloud')
    cd /Users/runner/work/orange-cloud/orange-cloud/orange-cloud/apps/ios/Orange\ Cloud
    write-file /Users/runner/work/orange-cloud/orange-cloud/orange-cloud/apps/ios/Orange\ Cloud/build/Build/Intermediates.noindex/Orange\ Cloud.build/Release-watchos/Orange\ Cloud\ Watch\ Watch\ App.build/Objects-normal/arm64/Orange\ Cloud\ Watch\ Watch\ App.LinkFileList

WriteAuxiliaryFile /Users/runner/work/orange-cloud/orange-cloud/orange-cloud/apps/ios/Orange\ Cloud/build/Build/Intermediates.noindex/Orange\ Cloud.build/Release-watchos/Orange\ Cloud\ Watch\ Watch\ App.build/Objects-normal/arm64/Orange\ Cloud\ Watch\ Watch\ App-OutputFileMap.json (in target 'Orange Cloud Watch Watch App' from project 'Orange Cloud')
    cd /Users/runner/work/orange-cloud/orange-cloud/orange-cloud/apps/ios/Orange\ Cloud
    write-file /Users/runner/work/orange-cloud/orange-cloud/orange-cloud/apps/ios/Orange\ Cloud/build/Build/Intermediates.noindex/Orange\ Cloud.build/Release-watchos/Orange\ Cloud\ Watch\ Watch\ App.build/Objects-normal/arm64/Orange\ Cloud\ Watch\ Watch\ App-OutputFileMap.json

WriteAuxiliaryFile /Users/runner/work/orange-cloud/orange-cloud/orange-cloud/apps/ios/Orange\ Cloud/build/Build/Intermediates.noindex/Orange\ Cloud.build/Release-iphoneos/Orange\ Cloud\ File.build/Orange\ Cloud\ File.hmap (in target 'Orange Cloud File' from project 'Orange Cloud')
    cd /Users/runner/work/orange-cloud/orange-cloud/orange-cloud/apps/ios/Orange\ Cloud
    write-file /Users/runner/work/orange-cloud/orange-cloud/orange-cloud/apps/ios/Orange\ Cloud/build/Build/Intermediates.noindex/Orange\ Cloud.build/Release-iphoneos/Orange\ Cloud\ File.build/Orange\ Cloud\ File.hmap

WriteAuxiliaryFile /Users/runner/work/orange-cloud/orange-cloud/orange-cloud/apps/ios/Orange\ Cloud/build/Build/Intermediates.noindex/Orange\ Cloud.build/Release-iphoneos/Orange\ Cloud\ File.build/Orange\ Cloud\ File.DependencyStaticMetadataFileList (in target 'Orange Cloud File' from project 'Orange Cloud')
    cd /Users/runner/work/orange-cloud/orange-cloud/orange-cloud/apps/ios/Orange\ Cloud
    write-file /Users/runner/work/orange-cloud/orange-cloud/orange-cloud/apps/ios/Orange\ Cloud/build/Build/Intermediates.noindex/Orange\ Cloud.build/Release-iphoneos/Orange\ Cloud\ File.build/Orange\ Cloud\ File.DependencyStaticMetadataFileList

WriteAuxiliaryFile /Users/runner/work/orange-cloud/orange-cloud/orange-cloud/apps/ios/Orange\ Cloud/build/Build/Intermediates.noindex/Orange\ Cloud.build/Release-iphoneos/Orange\ Cloud\ File.build/Orange\ Cloud\ File.DependencyMetadataFileList (in target 'Orange Cloud File' from project 'Orange Cloud')
    cd /Users/runner/work/orange-cloud/orange-cloud/orange-cloud/apps/ios/Orange\ Cloud
    write-file /Users/runner/work/orange-cloud/orange-cloud/orange-cloud/apps/ios/Orange\ Cloud/build/Build/Intermediates.noindex/Orange\ Cloud.build/Release-iphoneos/Orange\ Cloud\ File.build/Orange\ Cloud\ File.DependencyMetadataFileList

WriteAuxiliaryFile /Users/runner/work/orange-cloud/orange-cloud/orange-cloud/apps/ios/Orange\ Cloud/build/Build/Intermediates.noindex/Orange\ Cloud.build/Release-iphoneos/Orange\ Cloud\ File.build/Orange\ Cloud\ File-project-headers.hmap (in target 'Orange Cloud File' from project 'Orange Cloud')
    cd /Users/runner/work/orange-cloud/orange-cloud/orange-cloud/apps/ios/Orange\ Cloud
    write-file /Users/runner/work/orange-cloud/orange-cloud/orange-cloud/apps/ios/Orange\ Cloud/build/Build/Intermediates.noindex/Orange\ Cloud.build/Release-iphoneos/Orange\ Cloud\ File.build/Orange\ Cloud\ File-project-headers.hmap

WriteAuxiliaryFile /Users/runner/work/orange-cloud/orange-cloud/orange-cloud/apps/ios/Orange\ Cloud/build/Build/Intermediates.noindex/Orange\ Cloud.build/Release-iphoneos/Orange\ Cloud\ File.build/Orange\ Cloud\ File-own-target-headers.hmap (in target 'Orange Cloud File' from project 'Orange Cloud')
    cd /Users/runner/work/orange-cloud/orange-cloud/orange-cloud/apps/ios/Orange\ Cloud
    write-file /Users/runner/work/orange-cloud/orange-cloud/orange-cloud/apps/ios/Orange\ Cloud/build/Build/Intermediates.noindex/Orange\ Cloud.build/Release-iphoneos/Orange\ Cloud\ File.build/Orange\ Cloud\ File-own-target-headers.hmap

WriteAuxiliaryFile /Users/runner/work/orange-cloud/orange-cloud/orange-cloud/apps/ios/Orange\ Cloud/build/Build/Intermediates.noindex/Orange\ Cloud.build/Release-iphoneos/Orange\ Cloud\ File.build/Orange\ Cloud\ File-generated-files.hmap (in target 'Orange Cloud File' from project 'Orange Cloud')
    cd /Users/runner/work/orange-cloud/orange-cloud/orange-cloud/apps/ios/Orange\ Cloud
    write-file /Users/runner/work/orange-cloud/orange-cloud/orange-cloud/apps/ios/Orange\ Cloud/build/Build/Intermediates.noindex/Orange\ Cloud.build/Release-iphoneos/Orange\ Cloud\ File.build/Orange\ Cloud\ File-generated-files.hmap

WriteAuxiliaryFile /Users/runner/work/orange-cloud/orange-cloud/orange-cloud/apps/ios/Orange\ Cloud/build/Build/Intermediates.noindex/Orange\ Cloud.build/Release-iphoneos/Orange\ Cloud\ File.build/Orange\ Cloud\ File-all-target-headers.hmap (in target 'Orange Cloud File' from project 'Orange Cloud')
    cd /Users/runner/work/orange-cloud/orange-cloud/orange-cloud/apps/ios/Orange\ Cloud
    write-file /Users/runner/work/orange-cloud/orange-cloud/orange-cloud/apps/ios/Orange\ Cloud/build/Build/Intermediates.noindex/Orange\ Cloud.build/Release-iphoneos/Orange\ Cloud\ File.build/Orange\ Cloud\ File-all-target-headers.hmap

WriteAuxiliaryFile /Users/runner/work/orange-cloud/orange-cloud/orange-cloud/apps/ios/Orange\ Cloud/build/Build/Intermediates.noindex/Orange\ Cloud.build/Release-iphoneos/Orange\ Cloud\ File.build/Orange\ Cloud\ File-all-non-framework-target-headers.hmap (in target 'Orange Cloud File' from project 'Orange Cloud')
    cd /Users/runner/work/orange-cloud/orange-cloud/orange-cloud/apps/ios/Orange\ Cloud
    write-file /Users/runner/work/orange-cloud/orange-cloud/orange-cloud/apps/ios/Orange\ Cloud/build/Build/Intermediates.noindex/Orange\ Cloud.build/Release-iphoneos/Orange\ Cloud\ File.build/Orange\ Cloud\ File-all-non-framework-target-headers.hmap

WriteAuxiliaryFile /Users/runner/work/orange-cloud/orange-cloud/orange-cloud/apps/ios/Orange\ Cloud/build/Build/Intermediates.noindex/Orange\ Cloud.build/Release-iphoneos/Orange\ Cloud\ File.build/Objects-normal/arm64/Orange\ Cloud\ File_const_extract_protocols.json (in target 'Orange Cloud File' from project 'Orange Cloud')
    cd /Users/runner/work/orange-cloud/orange-cloud/orange-cloud/apps/ios/Orange\ Cloud
    write-file /Users/runner/work/orange-cloud/orange-cloud/orange-cloud/apps/ios/Orange\ Cloud/build/Build/Intermediates.noindex/Orange\ Cloud.build/Release-iphoneos/Orange\ Cloud\ File.build/Objects-normal/arm64/Orange\ Cloud\ File_const_extract_protocols.json

WriteAuxiliaryFile /Users/runner/work/orange-cloud/orange-cloud/orange-cloud/apps/ios/Orange\ Cloud/build/Build/Intermediates.noindex/Orange\ Cloud.build/Release-iphoneos/Orange\ Cloud\ File.build/Objects-normal/arm64/Orange\ Cloud\ File.SwiftFileList (in target 'Orange Cloud File' from project 'Orange Cloud')
    cd /Users/runner/work/orange-cloud/orange-cloud/orange-cloud/apps/ios/Orange\ Cloud
    write-file /Users/runner/work/orange-cloud/orange-cloud/orange-cloud/apps/ios/Orange\ Cloud/build/Build/Intermediates.noindex/Orange\ Cloud.build/Release-iphoneos/Orange\ Cloud\ File.build/Objects-normal/arm64/Orange\ Cloud\ File.SwiftFileList

WriteAuxiliaryFile /Users/runner/work/orange-cloud/orange-cloud/orange-cloud/apps/ios/Orange\ Cloud/build/Build/Intermediates.noindex/Orange\ Cloud.build/Release-iphoneos/Orange\ Cloud\ File.build/Objects-normal/arm64/Orange\ Cloud\ File.SwiftConstValuesFileList (in target 'Orange Cloud File' from project 'Orange Cloud')
    cd /Users/runner/work/orange-cloud/orange-cloud/orange-cloud/apps/ios/Orange\ Cloud
    write-file /Users/runner/work/orange-cloud/orange-cloud/orange-cloud/apps/ios/Orange\ Cloud/build/Build/Intermediates.noindex/Orange\ Cloud.build/Release-iphoneos/Orange\ Cloud\ File.build/Objects-normal/arm64/Orange\ Cloud\ File.SwiftConstValuesFileList

WriteAuxiliaryFile /Users/runner/work/orange-cloud/orange-cloud/orange-cloud/apps/ios/Orange\ Cloud/build/Build/Intermediates.noindex/Orange\ Cloud.build/Release-iphoneos/Orange\ Cloud\ File.build/Objects-normal/arm64/Orange\ Cloud\ File.LinkFileList (in target 'Orange Cloud File' from project 'Orange Cloud')
    cd /Users/runner/work/orange-cloud/orange-cloud/orange-cloud/apps/ios/Orange\ Cloud
    write-file /Users/runner/work/orange-cloud/orange-cloud/orange-cloud/apps/ios/Orange\ Cloud/build/Build/Intermediates.noindex/Orange\ Cloud.build/Release-iphoneos/Orange\ Cloud\ File.build/Objects-normal/arm64/Orange\ Cloud\ File.LinkFileList

WriteAuxiliaryFile /Users/runner/work/orange-cloud/orange-cloud/orange-cloud/apps/ios/Orange\ Cloud/build/Build/Intermediates.noindex/Orange\ Cloud.build/Release-iphoneos/Orange\ Cloud\ File.build/Objects-normal/arm64/Orange\ Cloud\ File-OutputFileMap.json (in target 'Orange Cloud File' from project 'Orange Cloud')
    cd /Users/runner/work/orange-cloud/orange-cloud/orange-cloud/apps/ios/Orange\ Cloud
    write-file /Users/runner/work/orange-cloud/orange-cloud/orange-cloud/apps/ios/Orange\ Cloud/build/Build/Intermediates.noindex/Orange\ Cloud.build/Release-iphoneos/Orange\ Cloud\ File.build/Objects-normal/arm64/Orange\ Cloud\ File-OutputFileMap.json

MkDir /Users/runner/work/orange-cloud/orange-cloud/orange-cloud/apps/ios/Orange\ Cloud/build/Build/Products/Release-iphoneos/notification.appex (in target 'notification' from project 'Orange Cloud')
    cd /Users/runner/work/orange-cloud/orange-cloud/orange-cloud/apps/ios/Orange\ Cloud
    /bin/mkdir -p /Users/runner/work/orange-cloud/orange-cloud/orange-cloud/apps/ios/Orange\ Cloud/build/Build/Products/Release-iphoneos/notification.appex

MkDir /Users/runner/work/orange-cloud/orange-cloud/orange-cloud/apps/ios/Orange\ Cloud/build/Build/Products/Release-iphoneos/OrangeCloudWidgetsExtension.appex (in target 'OrangeCloudWidgetsExtension' from project 'Orange Cloud')
    cd /Users/runner/work/orange-cloud/orange-cloud/orange-cloud/apps/ios/Orange\ Cloud
    /bin/mkdir -p /Users/runner/work/orange-cloud/orange-cloud/orange-cloud/apps/ios/Orange\ Cloud/build/Build/Products/Release-iphoneos/OrangeCloudWidgetsExtension.appex

MkDir /Users/runner/work/orange-cloud/orange-cloud/orange-cloud/apps/ios/Orange\ Cloud/build/Build/Products/Release-watchos/Orange\ Cloud\ WatchExtension.appex (in target 'Orange Cloud WatchExtension' from project 'Orange Cloud')
    cd /Users/runner/work/orange-cloud/orange-cloud/orange-cloud/apps/ios/Orange\ Cloud
    /bin/mkdir -p /Users/runner/work/orange-cloud/orange-cloud/orange-cloud/apps/ios/Orange\ Cloud/build/Build/Products/Release-watchos/Orange\ Cloud\ WatchExtension.appex

MkDir /Users/runner/work/orange-cloud/orange-cloud/orange-cloud/apps/ios/Orange\ Cloud/build/Build/Products/Release-watchos/Orange\ Cloud\ Watch\ Watch\ App.app/PlugIns (in target 'Orange Cloud Watch Watch App' from project 'Orange Cloud')
    cd /Users/runner/work/orange-cloud/orange-cloud/orange-cloud/apps/ios/Orange\ Cloud
    /bin/mkdir -p /Users/runner/work/orange-cloud/orange-cloud/orange-cloud/apps/ios/Orange\ Cloud/build/Build/Products/Release-watchos/Orange\ Cloud\ Watch\ Watch\ App.app/PlugIns

MkDir /Users/runner/work/orange-cloud/orange-cloud/orange-cloud/apps/ios/Orange\ Cloud/build/Build/Products/Release-watchos/Orange\ Cloud\ Watch\ Watch\ App.app (in target 'Orange Cloud Watch Watch App' from project 'Orange Cloud')
    cd /Users/runner/work/orange-cloud/orange-cloud/orange-cloud/apps/ios/Orange\ Cloud
    /bin/mkdir -p /Users/runner/work/orange-cloud/orange-cloud/orange-cloud/apps/ios/Orange\ Cloud/build/Build/Products/Release-watchos/Orange\ Cloud\ Watch\ Watch\ App.app

MkDir /Users/runner/work/orange-cloud/orange-cloud/orange-cloud/apps/ios/Orange\ Cloud/build/Build/Products/Release-iphoneos/Orange\ Cloud\ File.appex (in target 'Orange Cloud File' from project 'Orange Cloud')
    cd /Users/runner/work/orange-cloud/orange-cloud/orange-cloud/apps/ios/Orange\ Cloud
    /bin/mkdir -p /Users/runner/work/orange-cloud/orange-cloud/orange-cloud/apps/ios/Orange\ Cloud/build/Build/Products/Release-iphoneos/Orange\ Cloud\ File.appex

ProcessXCFramework /Users/runner/work/orange-cloud/orange-cloud/orange-cloud/apps/ios/Orange\ Cloud/build/SourcePackages/artifacts/sentry-cocoa/Sentry/Sentry.xcframework /Users/runner/work/orange-cloud/orange-cloud/orange-cloud/apps/ios/Orange\ Cloud/build/Build/Products/Release-iphoneos/Sentry.framework ios
    cd /Users/runner/work/orange-cloud/orange-cloud/orange-cloud/apps/ios/Orange\ Cloud/Orange\ Cloud.xcodeproj
    builtin-process-xcframework --xcframework /Users/runner/work/orange-cloud/orange-cloud/orange-cloud/apps/ios/Orange\ Cloud/build/SourcePackages/artifacts/sentry-cocoa/Sentry/Sentry.xcframework --platform ios --target-path /Users/runner/work/orange-cloud/orange-cloud/orange-cloud/apps/ios/Orange\ Cloud/build/Build/Products/Release-iphoneos
/Users/runner/work/orange-cloud/orange-cloud/orange-cloud/apps/ios/Orange Cloud/build/SourcePackages/artifacts/sentry-cocoa/Sentry/Sentry.xcframework:1:1: note: The identity of “Sentry.xcframework” is not recorded in your project.

WriteAuxiliaryFile /Users/runner/work/orange-cloud/orange-cloud/orange-cloud/apps/ios/Orange\ Cloud/build/Build/Intermediates.noindex/Orange\ Cloud.build/Release-iphoneos/Orange\ Cloud.build/Orange\ Cloud.hmap (in target 'Orange Cloud' from project 'Orange Cloud')
    cd /Users/runner/work/orange-cloud/orange-cloud/orange-cloud/apps/ios/Orange\ Cloud
    write-file /Users/runner/work/orange-cloud/orange-cloud/orange-cloud/apps/ios/Orange\ Cloud/build/Build/Intermediates.noindex/Orange\ Cloud.build/Release-iphoneos/Orange\ Cloud.build/Orange\ Cloud.hmap

WriteAuxiliaryFile /Users/runner/work/orange-cloud/orange-cloud/orange-cloud/apps/ios/Orange\ Cloud/build/Build/Intermediates.noindex/Orange\ Cloud.build/Release-iphoneos/Orange\ Cloud.build/Orange\ Cloud.DependencyStaticMetadataFileList (in target 'Orange Cloud' from project 'Orange Cloud')
    cd /Users/runner/work/orange-cloud/orange-cloud/orange-cloud/apps/ios/Orange\ Cloud
    write-file /Users/runner/work/orange-cloud/orange-cloud/orange-cloud/apps/ios/Orange\ Cloud/build/Build/Intermediates.noindex/Orange\ Cloud.build/Release-iphoneos/Orange\ Cloud.build/Orange\ Cloud.DependencyStaticMetadataFileList

WriteAuxiliaryFile /Users/runner/work/orange-cloud/orange-cloud/orange-cloud/apps/ios/Orange\ Cloud/build/Build/Intermediates.noindex/Orange\ Cloud.build/Release-iphoneos/Orange\ Cloud.build/Orange\ Cloud.DependencyMetadataFileList (in target 'Orange Cloud' from project 'Orange Cloud')
    cd /Users/runner/work/orange-cloud/orange-cloud/orange-cloud/apps/ios/Orange\ Cloud
    write-file /Users/runner/work/orange-cloud/orange-cloud/orange-cloud/apps/ios/Orange\ Cloud/build/Build/Intermediates.noindex/Orange\ Cloud.build/Release-iphoneos/Orange\ Cloud.build/Orange\ Cloud.DependencyMetadataFileList

WriteAuxiliaryFile /Users/runner/work/orange-cloud/orange-cloud/orange-cloud/apps/ios/Orange\ Cloud/build/Build/Intermediates.noindex/Orange\ Cloud.build/Release-iphoneos/Orange\ Cloud.build/Orange\ Cloud-project-headers.hmap (in target 'Orange Cloud' from project 'Orange Cloud')
    cd /Users/runner/work/orange-cloud/orange-cloud/orange-cloud/apps/ios/Orange\ Cloud
    write-file /Users/runner/work/orange-cloud/orange-cloud/orange-cloud/apps/ios/Orange\ Cloud/build/Build/Intermediates.noindex/Orange\ Cloud.build/Release-iphoneos/Orange\ Cloud.build/Orange\ Cloud-project-headers.hmap

WriteAuxiliaryFile /Users/runner/work/orange-cloud/orange-cloud/orange-cloud/apps/ios/Orange\ Cloud/build/Build/Intermediates.noindex/Orange\ Cloud.build/Release-iphoneos/Orange\ Cloud.build/Orange\ Cloud-own-target-headers.hmap (in target 'Orange Cloud' from project 'Orange Cloud')
    cd /Users/runner/work/orange-cloud/orange-cloud/orange-cloud/apps/ios/Orange\ Cloud
    write-file /Users/runner/work/orange-cloud/orange-cloud/orange-cloud/apps/ios/Orange\ Cloud/build/Build/Intermediates.noindex/Orange\ Cloud.build/Release-iphoneos/Orange\ Cloud.build/Orange\ Cloud-own-target-headers.hmap

WriteAuxiliaryFile /Users/runner/work/orange-cloud/orange-cloud/orange-cloud/apps/ios/Orange\ Cloud/build/Build/Intermediates.noindex/Orange\ Cloud.build/Release-iphoneos/Orange\ Cloud.build/Orange\ Cloud-generated-files.hmap (in target 'Orange Cloud' from project 'Orange Cloud')
    cd /Users/runner/work/orange-cloud/orange-cloud/orange-cloud/apps/ios/Orange\ Cloud
    write-file /Users/runner/work/orange-cloud/orange-cloud/orange-cloud/apps/ios/Orange\ Cloud/build/Build/Intermediates.noindex/Orange\ Cloud.build/Release-iphoneos/Orange\ Cloud.build/Orange\ Cloud-generated-files.hmap

WriteAuxiliaryFile /Users/runner/work/orange-cloud/orange-cloud/orange-cloud/apps/ios/Orange\ Cloud/build/Build/Intermediates.noindex/Orange\ Cloud.build/Release-iphoneos/Orange\ Cloud.build/Orange\ Cloud-all-target-headers.hmap (in target 'Orange Cloud' from project 'Orange Cloud')
    cd /Users/runner/work/orange-cloud/orange-cloud/orange-cloud/apps/ios/Orange\ Cloud
    write-file /Users/runner/work/orange-cloud/orange-cloud/orange-cloud/apps/ios/Orange\ Cloud/build/Build/Intermediates.noindex/Orange\ Cloud.build/Release-iphoneos/Orange\ Cloud.build/Orange\ Cloud-all-target-headers.hmap

WriteAuxiliaryFile /Users/runner/work/orange-cloud/orange-cloud/orange-cloud/apps/ios/Orange\ Cloud/build/Build/Intermediates.noindex/Orange\ Cloud.build/Release-iphoneos/Orange\ Cloud.build/Orange\ Cloud-all-non-framework-target-headers.hmap (in target 'Orange Cloud' from project 'Orange Cloud')
    cd /Users/runner/work/orange-cloud/orange-cloud/orange-cloud/apps/ios/Orange\ Cloud
    write-file /Users/runner/work/orange-cloud/orange-cloud/orange-cloud/apps/ios/Orange\ Cloud/build/Build/Intermediates.noindex/Orange\ Cloud.build/Release-iphoneos/Orange\ Cloud.build/Orange\ Cloud-all-non-framework-target-headers.hmap

WriteAuxiliaryFile /Users/runner/work/orange-cloud/orange-cloud/orange-cloud/apps/ios/Orange\ Cloud/build/Build/Intermediates.noindex/Orange\ Cloud.build/Release-iphoneos/Orange\ Cloud.build/Objects-normal/arm64/e6072d4f65d7061329687fe24e3d63a7-common-args.resp (in target 'Orange Cloud' from project 'Orange Cloud')
    cd /Users/runner/work/orange-cloud/orange-cloud/orange-cloud/apps/ios/Orange\ Cloud
    write-file /Users/runner/work/orange-cloud/orange-cloud/orange-cloud/apps/ios/Orange\ Cloud/build/Build/Intermediates.noindex/Orange\ Cloud.build/Release-iphoneos/Orange\ Cloud.build/Objects-normal/arm64/e6072d4f65d7061329687fe24e3d63a7-common-args.resp
'-std=gnu17' -fobjc-arc -fobjc-weak -fmodules -gmodules '-fmodules-cache-path=/Users/runner/work/orange-cloud/orange-cloud/orange-cloud/apps/ios/Orange Cloud/build/ModuleCache.noindex' -fpascal-strings -Os -fno-common '-DNS_BLOCK_ASSERTIONS=1' '-DOBJC_OLD_DISPATCH_PROTOTYPES=0' -g '-fvisibility=hidden' -iquote '/Users/runner/work/orange-cloud/orange-cloud/orange-cloud/apps/ios/Orange Cloud/build/Build/Intermediates.noindex/Orange Cloud.build/Release-iphoneos/Orange Cloud.build/Orange Cloud-generated-files.hmap' '-I/Users/runner/work/orange-cloud/orange-cloud/orange-cloud/apps/ios/Orange Cloud/build/Build/Intermediates.noindex/Orange Cloud.build/Release-iphoneos/Orange Cloud.build/Orange Cloud-own-target-headers.hmap' '-I/Users/runner/work/orange-cloud/orange-cloud/orange-cloud/apps/ios/Orange Cloud/build/Build/Intermediates.noindex/Orange Cloud.build/Release-iphoneos/Orange Cloud.build/Orange Cloud-all-non-framework-target-headers.hmap' -ivfsoverlay '/Users/runner/work/orange-cloud/orange-cloud/orange-cloud/apps/ios/Orange Cloud/build/Build/Intermediates.noindex/Orange Cloud.build/Release-iphoneos/Orange Cloud-caa53a888f9e6677ffee03f20a1a9cdb-VFS-iphoneos/all-product-headers.yaml' -iquote '/Users/runner/work/orange-cloud/orange-cloud/orange-cloud/apps/ios/Orange Cloud/build/Build/Intermediates.noindex/Orange Cloud.build/Release-iphoneos/Orange Cloud.build/Orange Cloud-project-headers.hmap' '-I/Users/runner/work/orange-cloud/orange-cloud/orange-cloud/apps/ios/Orange Cloud/build/Build/Products/Release-iphoneos/include' '-I/Users/runner/work/orange-cloud/orange-cloud/orange-cloud/apps/ios/Orange Cloud/build/Build/Intermediates.noindex/Orange Cloud.build/Release-iphoneos/Orange Cloud.build/DerivedSources-normal/arm64' '-I/Users/runner/work/orange-cloud/orange-cloud/orange-cloud/apps/ios/Orange Cloud/build/Build/Intermediates.noindex/Orange Cloud.build/Release-iphoneos/Orange Cloud.build/DerivedSources/arm64' '-I/Users/runner/work/orange-cloud/orange-cloud/orange-cloud/apps/ios/Orange Cloud/build/Build/Intermediates.noindex/Orange Cloud.build/Release-iphoneos/Orange Cloud.build/DerivedSources' '-F/Users/runner/work/orange-cloud/orange-cloud/orange-cloud/apps/ios/Orange Cloud/build/Build/Products/Release-iphoneos/PackageFrameworks' '-F/Users/runner/work/orange-cloud/orange-cloud/orange-cloud/apps/ios/Orange Cloud/build/Build/Products/Release-iphoneos' '-fmodule-map-file=/Users/runner/work/orange-cloud/orange-cloud/orange-cloud/apps/ios/Orange Cloud/build/Build/Intermediates.noindex/GeneratedModuleMaps-iphoneos/SentryCppHelper.modulemap'

WriteAuxiliaryFile /Users/runner/work/orange-cloud/orange-cloud/orange-cloud/apps/ios/Orange\ Cloud/build/Build/Intermediates.noindex/Orange\ Cloud.build/Release-iphoneos/Orange\ Cloud.build/Objects-normal/arm64/Orange\ Cloud_const_extract_protocols.json (in target 'Orange Cloud' from project 'Orange Cloud')
    cd /Users/runner/work/orange-cloud/orange-cloud/orange-cloud/apps/ios/Orange\ Cloud
    write-file /Users/runner/work/orange-cloud/orange-cloud/orange-cloud/apps/ios/Orange\ Cloud/build/Build/Intermediates.noindex/Orange\ Cloud.build/Release-iphoneos/Orange\ Cloud.build/Objects-normal/arm64/Orange\ Cloud_const_extract_protocols.json

WriteAuxiliaryFile /Users/runner/work/orange-cloud/orange-cloud/orange-cloud/apps/ios/Orange\ Cloud/build/Build/Intermediates.noindex/Orange\ Cloud.build/Release-iphoneos/Orange\ Cloud.build/Objects-normal/arm64/Orange\ Cloud.SwiftFileList (in target 'Orange Cloud' from project 'Orange Cloud')
    cd /Users/runner/work/orange-cloud/orange-cloud/orange-cloud/apps/ios/Orange\ Cloud
    write-file /Users/runner/work/orange-cloud/orange-cloud/orange-cloud/apps/ios/Orange\ Cloud/build/Build/Intermediates.noindex/Orange\ Cloud.build/Release-iphoneos/Orange\ Cloud.build/Objects-normal/arm64/Orange\ Cloud.SwiftFileList

WriteAuxiliaryFile /Users/runner/work/orange-cloud/orange-cloud/orange-cloud/apps/ios/Orange\ Cloud/build/Build/Intermediates.noindex/Orange\ Cloud.build/Release-iphoneos/Orange\ Cloud.build/Objects-normal/arm64/Orange\ Cloud.SwiftConstValuesFileList (in target 'Orange Cloud' from project 'Orange Cloud')
    cd /Users/runner/work/orange-cloud/orange-cloud/orange-cloud/apps/ios/Orange\ Cloud
    write-file /Users/runner/work/orange-cloud/orange-cloud/orange-cloud/apps/ios/Orange\ Cloud/build/Build/Intermediates.noindex/Orange\ Cloud.build/Release-iphoneos/Orange\ Cloud.build/Objects-normal/arm64/Orange\ Cloud.SwiftConstValuesFileList

WriteAuxiliaryFile /Users/runner/work/orange-cloud/orange-cloud/orange-cloud/apps/ios/Orange\ Cloud/build/Build/Intermediates.noindex/Orange\ Cloud.build/Release-iphoneos/Orange\ Cloud.build/Objects-normal/arm64/Orange\ Cloud.LinkFileList (in target 'Orange Cloud' from project 'Orange Cloud')
    cd /Users/runner/work/orange-cloud/orange-cloud/orange-cloud/apps/ios/Orange\ Cloud
    write-file /Users/runner/work/orange-cloud/orange-cloud/orange-cloud/apps/ios/Orange\ Cloud/build/Build/Intermediates.noindex/Orange\ Cloud.build/Release-iphoneos/Orange\ Cloud.build/Objects-normal/arm64/Orange\ Cloud.LinkFileList

WriteAuxiliaryFile /Users/runner/work/orange-cloud/orange-cloud/orange-cloud/apps/ios/Orange\ Cloud/build/Build/Intermediates.noindex/Orange\ Cloud.build/Release-iphoneos/Orange\ Cloud.build/Objects-normal/arm64/Orange\ Cloud-OutputFileMap.json (in target 'Orange Cloud' from project 'Orange Cloud')
    cd /Users/runner/work/orange-cloud/orange-cloud/orange-cloud/apps/ios/Orange\ Cloud
    write-file /Users/runner/work/orange-cloud/orange-cloud/orange-cloud/apps/ios/Orange\ Cloud/build/Build/Intermediates.noindex/Orange\ Cloud.build/Release-iphoneos/Orange\ Cloud.build/Objects-normal/arm64/Orange\ Cloud-OutputFileMap.json

MkDir /Users/runner/work/orange-cloud/orange-cloud/orange-cloud/apps/ios/Orange\ Cloud/build/Build/Products/Release-iphoneos/Orange\ Cloud.app/PlugIns (in target 'Orange Cloud' from project 'Orange Cloud')
    cd /Users/runner/work/orange-cloud/orange-cloud/orange-cloud/apps/ios/Orange\ Cloud
    /bin/mkdir -p /Users/runner/work/orange-cloud/orange-cloud/orange-cloud/apps/ios/Orange\ Cloud/build/Build/Products/Release-iphoneos/Orange\ Cloud.app/PlugIns

MkDir /Users/runner/work/orange-cloud/orange-cloud/orange-cloud/apps/ios/Orange\ Cloud/build/Build/Products/Release-iphoneos/Orange\ Cloud.app/Frameworks (in target 'Orange Cloud' from project 'Orange Cloud')
    cd /Users/runner/work/orange-cloud/orange-cloud/orange-cloud/apps/ios/Orange\ Cloud
    /bin/mkdir -p /Users/runner/work/orange-cloud/orange-cloud/orange-cloud/apps/ios/Orange\ Cloud/build/Build/Products/Release-iphoneos/Orange\ Cloud.app/Frameworks

MkDir /Users/runner/work/orange-cloud/orange-cloud/orange-cloud/apps/ios/Orange\ Cloud/build/Build/Products/Release-iphoneos/Orange\ Cloud.app (in target 'Orange Cloud' from project 'Orange Cloud')
    cd /Users/runner/work/orange-cloud/orange-cloud/orange-cloud/apps/ios/Orange\ Cloud
    /bin/mkdir -p /Users/runner/work/orange-cloud/orange-cloud/orange-cloud/apps/ios/Orange\ Cloud/build/Build/Products/Release-iphoneos/Orange\ Cloud.app

ProcessInfoPlistFile /Users/runner/work/orange-cloud/orange-cloud/orange-cloud/apps/ios/Orange\ Cloud/build/Build/Products/Release-iphoneos/notification.appex/Info.plist /Users/runner/work/orange-cloud/orange-cloud/orange-cloud/apps/ios/Orange\ Cloud/notification/Info.plist (in target 'notification' from project 'Orange Cloud')
    cd /Users/runner/work/orange-cloud/orange-cloud/orange-cloud/apps/ios/Orange\ Cloud
    builtin-infoPlistUtility /Users/runner/work/orange-cloud/orange-cloud/orange-cloud/apps/ios/Orange\ Cloud/notification/Info.plist -producttype com.apple.product-type.app-extension -expandbuildsettings -format binary -platform iphoneos -requiredArchitecture arm64 -o /Users/runner/work/orange-cloud/orange-cloud/orange-cloud/apps/ios/Orange\ Cloud/build/Build/Products/Release-iphoneos/notification.appex/Info.plist

ProcessInfoPlistFile /Users/runner/work/orange-cloud/orange-cloud/orange-cloud/apps/ios/Orange\ Cloud/build/Build/Products/Release-iphoneos/OrangeCloudWidgetsExtension.appex/Info.plist /Users/runner/work/orange-cloud/orange-cloud/orange-cloud/apps/ios/Orange\ Cloud/OrangeCloudWidgets/Info.plist (in target 'OrangeCloudWidgetsExtension' from project 'Orange Cloud')
    cd /Users/runner/work/orange-cloud/orange-cloud/orange-cloud/apps/ios/Orange\ Cloud
    builtin-infoPlistUtility /Users/runner/work/orange-cloud/orange-cloud/orange-cloud/apps/ios/Orange\ Cloud/OrangeCloudWidgets/Info.plist -producttype com.apple.product-type.app-extension -expandbuildsettings -format binary -platform iphoneos -requiredArchitecture arm64 -o /Users/runner/work/orange-cloud/orange-cloud/orange-cloud/apps/ios/Orange\ Cloud/build/Build/Products/Release-iphoneos/OrangeCloudWidgetsExtension.appex/Info.plist

GenerateStringSymbols /Users/runner/work/orange-cloud/orange-cloud/orange-cloud/apps/ios/Orange\ Cloud/build/Build/Intermediates.noindex/Orange\ Cloud.build/Release-iphoneos/OrangeCloudWidgetsExtension.build/DerivedSources/GeneratedStringSymbols_Localizable.swift /Users/runner/work/orange-cloud/orange-cloud/orange-cloud/apps/ios/Orange\ Cloud/OrangeCloudWidgets/Localizable.xcstrings (in target 'OrangeCloudWidgetsExtension' from project 'Orange Cloud')
    cd /Users/runner/work/orange-cloud/orange-cloud/orange-cloud/apps/ios/Orange\ Cloud
    /Applications/Xcode_26.6.app/Contents/Developer/usr/bin/xcstringstool generate-symbols --language swift --output-directory /Users/runner/work/orange-cloud/orange-cloud/orange-cloud/apps/ios/Orange\ Cloud/build/Build/Intermediates.noindex/Orange\ Cloud.build/Release-iphoneos/OrangeCloudWidgetsExtension.build/DerivedSources /Users/runner/work/orange-cloud/orange-cloud/orange-cloud/apps/ios/Orange\ Cloud/OrangeCloudWidgets/Localizable.xcstrings

CompileXCStrings /Users/runner/work/orange-cloud/orange-cloud/orange-cloud/apps/ios/Orange\ Cloud/build/Build/Intermediates.noindex/Orange\ Cloud.build/Release-iphoneos/OrangeCloudWidgetsExtension.build/ /Users/runner/work/orange-cloud/orange-cloud/orange-cloud/apps/ios/Orange\ Cloud/OrangeCloudWidgets/Localizable.xcstrings (in target 'OrangeCloudWidgetsExtension' from project 'Orange Cloud')
    cd /Users/runner/work/orange-cloud/orange-cloud/orange-cloud/apps/ios/Orange\ Cloud
    /Applications/Xcode_26.6.app/Contents/Developer/usr/bin/xcstringstool compile --output-directory /Users/runner/work/orange-cloud/orange-cloud/orange-cloud/apps/ios/Orange\ Cloud/build/Build/Intermediates.noindex/Orange\ Cloud.build/Release-iphoneos/OrangeCloudWidgetsExtension.build /Users/runner/work/orange-cloud/orange-cloud/orange-cloud/apps/ios/Orange\ Cloud/OrangeCloudWidgets/Localizable.xcstrings

CopyStringsFile /Users/runner/work/orange-cloud/orange-cloud/orange-cloud/apps/ios/Orange\ Cloud/build/Build/Products/Release-iphoneos/OrangeCloudWidgetsExtension.appex/zh-Hant.lproj/Localizable.strings /Users/runner/work/orange-cloud/orange-cloud/orange-cloud/apps/ios/Orange\ Cloud/build/Build/Intermediates.noindex/Orange\ Cloud.build/Release-iphoneos/OrangeCloudWidgetsExtension.build/zh-Hant.lproj/Localizable.strings (in target 'OrangeCloudWidgetsExtension' from project 'Orange Cloud')
    cd /Users/runner/work/orange-cloud/orange-cloud/orange-cloud/apps/ios/Orange\ Cloud
    builtin-copyStrings --validate --outputencoding binary --outfilename Localizable.strings --outdir /Users/runner/work/orange-cloud/orange-cloud/orange-cloud/apps/ios/Orange\ Cloud/build/Build/Products/Release-iphoneos/OrangeCloudWidgetsExtension.appex/zh-Hant.lproj -- /Users/runner/work/orange-cloud/orange-cloud/orange-cloud/apps/ios/Orange\ Cloud/build/Build/Intermediates.noindex/Orange\ Cloud.build/Release-iphoneos/OrangeCloudWidgetsExtension.build/zh-Hant.lproj/Localizable.strings
/Users/runner/work/orange-cloud/orange-cloud/orange-cloud/apps/ios/Orange Cloud/build/Build/Intermediates.noindex/Orange Cloud.build/Release-iphoneos/OrangeCloudWidgetsExtension.build/zh-Hant.lproj/Localizable.strings:1:1: note: detected encoding of input file as Unicode (UTF-8) (in target 'OrangeCloudWidgetsExtension' from project 'Orange Cloud')

CopyStringsFile /Users/runner/work/orange-cloud/orange-cloud/orange-cloud/apps/ios/Orange\ Cloud/build/Build/Products/Release-iphoneos/OrangeCloudWidgetsExtension.appex/zh-HK.lproj/Localizable.strings /Users/runner/work/orange-cloud/orange-cloud/orange-cloud/apps/ios/Orange\ Cloud/build/Build/Intermediates.noindex/Orange\ Cloud.build/Release-iphoneos/OrangeCloudWidgetsExtension.build/zh-HK.lproj/Localizable.strings (in target 'OrangeCloudWidgetsExtension' from project 'Orange Cloud')
    cd /Users/runner/work/orange-cloud/orange-cloud/orange-cloud/apps/ios/Orange\ Cloud
    builtin-copyStrings --validate --outputencoding binary --outfilename Localizable.strings --outdir /Users/runner/work/orange-cloud/orange-cloud/orange-cloud/apps/ios/Orange\ Cloud/build/Build/Products/Release-iphoneos/OrangeCloudWidgetsExtension.appex/zh-HK.lproj -- /Users/runner/work/orange-cloud/orange-cloud/orange-cloud/apps/ios/Orange\ Cloud/build/Build/Intermediates.noindex/Orange\ Cloud.build/Release-iphoneos/OrangeCloudWidgetsExtension.build/zh-HK.lproj/Localizable.strings
/Users/runner/work/orange-cloud/orange-cloud/orange-cloud/apps/ios/Orange Cloud/build/Build/Intermediates.noindex/Orange Cloud.build/Release-iphoneos/OrangeCloudWidgetsExtension.build/zh-HK.lproj/Localizable.strings:1:1: note: detected encoding of input file as Unicode (UTF-8) (in target 'OrangeCloudWidgetsExtension' from project 'Orange Cloud')

CopyStringsFile /Users/runner/work/orange-cloud/orange-cloud/orange-cloud/apps/ios/Orange\ Cloud/build/Build/Products/Release-iphoneos/OrangeCloudWidgetsExtension.appex/tr.lproj/Localizable.stringsdict /Users/runner/work/orange-cloud/orange-cloud/orange-cloud/apps/ios/Orange\ Cloud/build/Build/Intermediates.noindex/Orange\ Cloud.build/Release-iphoneos/OrangeCloudWidgetsExtension.build/tr.lproj/Localizable.stringsdict (in target 'OrangeCloudWidgetsExtension' from project 'Orange Cloud')
    cd /Users/runner/work/orange-cloud/orange-cloud/orange-cloud/apps/ios/Orange\ Cloud
    builtin-copyStrings --validate --outputencoding binary --outfilename Localizable.stringsdict --outdir /Users/runner/work/orange-cloud/orange-cloud/orange-cloud/apps/ios/Orange\ Cloud/build/Build/Products/Release-iphoneos/OrangeCloudWidgetsExtension.appex/tr.lproj -- /Users/runner/work/orange-cloud/orange-cloud/orange-cloud/apps/ios/Orange\ Cloud/build/Build/Intermediates.noindex/Orange\ Cloud.build/Release-iphoneos/OrangeCloudWidgetsExtension.build/tr.lproj/Localizable.stringsdict
/Users/runner/work/orange-cloud/orange-cloud/orange-cloud/apps/ios/Orange Cloud/build/Build/Intermediates.noindex/Orange Cloud.build/Release-iphoneos/OrangeCloudWidgetsExtension.build/tr.lproj/Localizable.stringsdict:1:1: note: detected encoding of input file as Unicode (UTF-8) (in target 'OrangeCloudWidgetsExtension' from project 'Orange Cloud')

CopyStringsFile /Users/runner/work/orange-cloud/orange-cloud/orange-cloud/apps/ios/Orange\ Cloud/build/Build/Products/Release-iphoneos/OrangeCloudWidgetsExtension.appex/tr.lproj/Localizable.strings /Users/runner/work/orange-cloud/orange-cloud/orange-cloud/apps/ios/Orange\ Cloud/build/Build/Intermediates.noindex/Orange\ Cloud.build/Release-iphoneos/OrangeCloudWidgetsExtension.build/tr.lproj/Localizable.strings (in target 'OrangeCloudWidgetsExtension' from project 'Orange Cloud')
    cd /Users/runner/work/orange-cloud/orange-cloud/orange-cloud/apps/ios/Orange\ Cloud
    builtin-copyStrings --validate --outputencoding binary --outfilename Localizable.strings --outdir /Users/runner/work/orange-cloud/orange-cloud/orange-cloud/apps/ios/Orange\ Cloud/build/Build/Products/Release-iphoneos/OrangeCloudWidgetsExtension.appex/tr.lproj -- /Users/runner/work/orange-cloud/orange-cloud/orange-cloud/apps/ios/Orange\ Cloud/build/Build/Intermediates.noindex/Orange\ Cloud.build/Release-iphoneos/OrangeCloudWidgetsExtension.build/tr.lproj/Localizable.strings
/Users/runner/work/orange-cloud/orange-cloud/orange-cloud/apps/ios/Orange Cloud/build/Build/Intermediates.noindex/Orange Cloud.build/Release-iphoneos/OrangeCloudWidgetsExtension.build/tr.lproj/Localizable.strings:1:1: note: detected encoding of input file as Unicode (UTF-8) (in target 'OrangeCloudWidgetsExtension' from project 'Orange Cloud')

CopyStringsFile /Users/runner/work/orange-cloud/orange-cloud/orange-cloud/apps/ios/Orange\ Cloud/build/Build/Products/Release-iphoneos/OrangeCloudWidgetsExtension.appex/pt-PT.lproj/Localizable.stringsdict /Users/runner/work/orange-cloud/orange-cloud/orange-cloud/apps/ios/Orange\ Cloud/build/Build/Intermediates.noindex/Orange\ Cloud.build/Release-iphoneos/OrangeCloudWidgetsExtension.build/pt-PT.lproj/Localizable.stringsdict (in target 'OrangeCloudWidgetsExtension' from project 'Orange Cloud')
    cd /Users/runner/work/orange-cloud/orange-cloud/orange-cloud/apps/ios/Orange\ Cloud
    builtin-copyStrings --validate --outputencoding binary --outfilename Localizable.stringsdict --outdir /Users/runner/work/orange-cloud/orange-cloud/orange-cloud/apps/ios/Orange\ Cloud/build/Build/Products/Release-iphoneos/OrangeCloudWidgetsExtension.appex/pt-PT.lproj -- /Users/runner/work/orange-cloud/orange-cloud/orange-cloud/apps/ios/Orange\ Cloud/build/Build/Intermediates.noindex/Orange\ Cloud.build/Release-iphoneos/OrangeCloudWidgetsExtension.build/pt-PT.lproj/Localizable.stringsdict
/Users/runner/work/orange-cloud/orange-cloud/orange-cloud/apps/ios/Orange Cloud/build/Build/Intermediates.noindex/Orange Cloud.build/Release-iphoneos/OrangeCloudWidgetsExtension.build/pt-PT.lproj/Localizable.stringsdict:1:1: note: detected encoding of input file as Unicode (UTF-8) (in target 'OrangeCloudWidgetsExtension' from project 'Orange Cloud')

CopyStringsFile /Users/runner/work/orange-cloud/orange-cloud/orange-cloud/apps/ios/Orange\ Cloud/build/Build/Products/Release-iphoneos/OrangeCloudWidgetsExtension.appex/pt-PT.lproj/Localizable.strings /Users/runner/work/orange-cloud/orange-cloud/orange-cloud/apps/ios/Orange\ Cloud/build/Build/Intermediates.noindex/Orange\ Cloud.build/Release-iphoneos/OrangeCloudWidgetsExtension.build/pt-PT.lproj/Localizable.strings (in target 'OrangeCloudWidgetsExtension' from project 'Orange Cloud')
    cd /Users/runner/work/orange-cloud/orange-cloud/orange-cloud/apps/ios/Orange\ Cloud
    builtin-copyStrings --validate --outputencoding binary --outfilename Localizable.strings --outdir /Users/runner/work/orange-cloud/orange-cloud/orange-cloud/apps/ios/Orange\ Cloud/build/Build/Products/Release-iphoneos/OrangeCloudWidgetsExtension.appex/pt-PT.lproj -- /Users/runner/work/orange-cloud/orange-cloud/orange-cloud/apps/ios/Orange\ Cloud/build/Build/Intermediates.noindex/Orange\ Cloud.build/Release-iphoneos/OrangeCloudWidgetsExtension.build/pt-PT.lproj/Localizable.strings
/Users/runner/work/orange-cloud/orange-cloud/orange-cloud/apps/ios/Orange Cloud/build/Build/Intermediates.noindex/Orange Cloud.build/Release-iphoneos/OrangeCloudWidgetsExtension.build/pt-PT.lproj/Localizable.strings:1:1: note: detected encoding of input file as Unicode (UTF-8) (in target 'OrangeCloudWidgetsExtension' from project 'Orange Cloud')

CopyStringsFile /Users/runner/work/orange-cloud/orange-cloud/orange-cloud/apps/ios/Orange\ Cloud/build/Build/Products/Release-iphoneos/OrangeCloudWidgetsExtension.appex/pt-BR.lproj/Localizable.stringsdict /Users/runner/work/orange-cloud/orange-cloud/orange-cloud/apps/ios/Orange\ Cloud/build/Build/Intermediates.noindex/Orange\ Cloud.build/Release-iphoneos/OrangeCloudWidgetsExtension.build/pt-BR.lproj/Localizable.stringsdict (in target 'OrangeCloudWidgetsExtension' from project 'Orange Cloud')
    cd /Users/runner/work/orange-cloud/orange-cloud/orange-cloud/apps/ios/Orange\ Cloud
    builtin-copyStrings --validate --outputencoding binary --outfilename Localizable.stringsdict --outdir /Users/runner/work/orange-cloud/orange-cloud/orange-cloud/apps/ios/Orange\ Cloud/build/Build/Products/Release-iphoneos/OrangeCloudWidgetsExtension.appex/pt-BR.lproj -- /Users/runner/work/orange-cloud/orange-cloud/orange-cloud/apps/ios/Orange\ Cloud/build/Build/Intermediates.noindex/Orange\ Cloud.build/Release-iphoneos/OrangeCloudWidgetsExtension.build/pt-BR.lproj/Localizable.stringsdict
/Users/runner/work/orange-cloud/orange-cloud/orange-cloud/apps/ios/Orange Cloud/build/Build/Intermediates.noindex/Orange Cloud.build/Release-iphoneos/OrangeCloudWidgetsExtension.build/pt-BR.lproj/Localizable.stringsdict:1:1: note: detected encoding of input file as Unicode (UTF-8) (in target 'OrangeCloudWidgetsExtension' from project 'Orange Cloud')

CopyStringsFile /Users/runner/work/orange-cloud/orange-cloud/orange-cloud/apps/ios/Orange\ Cloud/build/Build/Products/Release-iphoneos/OrangeCloudWidgetsExtension.appex/pt-BR.lproj/Localizable.strings /Users/runner/work/orange-cloud/orange-cloud/orange-cloud/apps/ios/Orange\ Cloud/build/Build/Intermediates.noindex/Orange\ Cloud.build/Release-iphoneos/OrangeCloudWidgetsExtension.build/pt-BR.lproj/Localizable.strings (in target 'OrangeCloudWidgetsExtension' from project 'Orange Cloud')
    cd /Users/runner/work/orange-cloud/orange-cloud/orange-cloud/apps/ios/Orange\ Cloud
    builtin-copyStrings --validate --outputencoding binary --outfilename Localizable.strings --outdir /Users/runner/work/orange-cloud/orange-cloud/orange-cloud/apps/ios/Orange\ Cloud/build/Build/Products/Release-iphoneos/OrangeCloudWidgetsExtension.appex/pt-BR.lproj -- /Users/runner/work/orange-cloud/orange-cloud/orange-cloud/apps/ios/Orange\ Cloud/build/Build/Intermediates.noindex/Orange\ Cloud.build/Release-iphoneos/OrangeCloudWidgetsExtension.build/pt-BR.lproj/Localizable.strings
/Users/runner/work/orange-cloud/orange-cloud/orange-cloud/apps/ios/Orange Cloud/build/Build/Intermediates.noindex/Orange Cloud.build/Release-iphoneos/OrangeCloudWidgetsExtension.build/pt-BR.lproj/Localizable.strings:1:1: note: detected encoding of input file as Unicode (UTF-8) (in target 'OrangeCloudWidgetsExtension' from project 'Orange Cloud')

CopyStringsFile /Users/runner/work/orange-cloud/orange-cloud/orange-cloud/apps/ios/Orange\ Cloud/build/Build/Products/Release-iphoneos/OrangeCloudWidgetsExtension.appex/ko.lproj/Localizable.stringsdict /Users/runner/work/orange-cloud/orange-cloud/orange-cloud/apps/ios/Orange\ Cloud/build/Build/Intermediates.noindex/Orange\ Cloud.build/Release-iphoneos/OrangeCloudWidgetsExtension.build/ko.lproj/Localizable.stringsdict (in target 'OrangeCloudWidgetsExtension' from project 'Orange Cloud')
    cd /Users/runner/work/orange-cloud/orange-cloud/orange-cloud/apps/ios/Orange\ Cloud
    builtin-copyStrings --validate --outputencoding binary --outfilename Localizable.stringsdict --outdir /Users/runner/work/orange-cloud/orange-cloud/orange-cloud/apps/ios/Orange\ Cloud/build/Build/Products/Release-iphoneos/OrangeCloudWidgetsExtension.appex/ko.lproj -- /Users/runner/work/orange-cloud/orange-cloud/orange-cloud/apps/ios/Orange\ Cloud/build/Build/Intermediates.noindex/Orange\ Cloud.build/Release-iphoneos/OrangeCloudWidgetsExtension.build/ko.lproj/Localizable.stringsdict
/Users/runner/work/orange-cloud/orange-cloud/orange-cloud/apps/ios/Orange Cloud/build/Build/Intermediates.noindex/Orange Cloud.build/Release-iphoneos/OrangeCloudWidgetsExtension.build/ko.lproj/Localizable.stringsdict:1:1: note: detected encoding of input file as Unicode (UTF-8) (in target 'OrangeCloudWidgetsExtension' from project 'Orange Cloud')

CopyStringsFile /Users/runner/work/orange-cloud/orange-cloud/orange-cloud/apps/ios/Orange\ Cloud/build/Build/Products/Release-iphoneos/OrangeCloudWidgetsExtension.appex/ko.lproj/Localizable.strings /Users/runner/work/orange-cloud/orange-cloud/orange-cloud/apps/ios/Orange\ Cloud/build/Build/Intermediates.noindex/Orange\ Cloud.build/Release-iphoneos/OrangeCloudWidgetsExtension.build/ko.lproj/Localizable.strings (in target 'OrangeCloudWidgetsExtension' from project 'Orange Cloud')
    cd /Users/runner/work/orange-cloud/orange-cloud/orange-cloud/apps/ios/Orange\ Cloud
    builtin-copyStrings --validate --outputencoding binary --outfilename Localizable.strings --outdir /Users/runner/work/orange-cloud/orange-cloud/orange-cloud/apps/ios/Orange\ Cloud/build/Build/Products/Release-iphoneos/OrangeCloudWidgetsExtension.appex/ko.lproj -- /Users/runner/work/orange-cloud/orange-cloud/orange-cloud/apps/ios/Orange\ Cloud/build/Build/Intermediates.noindex/Orange\ Cloud.build/Release-iphoneos/OrangeCloudWidgetsExtension.build/ko.lproj/Localizable.strings
/Users/runner/work/orange-cloud/orange-cloud/orange-cloud/apps/ios/Orange Cloud/build/Build/Intermediates.noindex/Orange Cloud.build/Release-iphoneos/OrangeCloudWidgetsExtension.build/ko.lproj/Localizable.strings:1:1: note: detected encoding of input file as Unicode (UTF-8) (in target 'OrangeCloudWidgetsExtension' from project 'Orange Cloud')

CopyStringsFile /Users/runner/work/orange-cloud/orange-cloud/orange-cloud/apps/ios/Orange\ Cloud/build/Build/Products/Release-iphoneos/OrangeCloudWidgetsExtension.appex/ja.lproj/Localizable.strings /Users/runner/work/orange-cloud/orange-cloud/orange-cloud/apps/ios/Orange\ Cloud/build/Build/Intermediates.noindex/Orange\ Cloud.build/Release-iphoneos/OrangeCloudWidgetsExtension.build/ja.lproj/Localizable.strings (in target 'OrangeCloudWidgetsExtension' from project 'Orange Cloud')
    cd /Users/runner/work/orange-cloud/orange-cloud/orange-cloud/apps/ios/Orange\ Cloud
    builtin-copyStrings --validate --outputencoding binary --outfilename Localizable.strings --outdir /Users/runner/work/orange-cloud/orange-cloud/orange-cloud/apps/ios/Orange\ Cloud/build/Build/Products/Release-iphoneos/OrangeCloudWidgetsExtension.appex/ja.lproj -- /Users/runner/work/orange-cloud/orange-cloud/orange-cloud/apps/ios/Orange\ Cloud/build/Build/Intermediates.noindex/Orange\ Cloud.build/Release-iphoneos/OrangeCloudWidgetsExtension.build/ja.lproj/Localizable.strings
/Users/runner/work/orange-cloud/orange-cloud/orange-cloud/apps/ios/Orange Cloud/build/Build/Intermediates.noindex/Orange Cloud.build/Release-iphoneos/OrangeCloudWidgetsExtension.build/ja.lproj/Localizable.strings:1:1: note: detected encoding of input file as Unicode (UTF-8) (in target 'OrangeCloudWidgetsExtension' from project 'Orange Cloud')

CopyStringsFile /Users/runner/work/orange-cloud/orange-cloud/orange-cloud/apps/ios/Orange\ Cloud/build/Build/Products/Release-iphoneos/OrangeCloudWidgetsExtension.appex/fr.lproj/Localizable.stringsdict /Users/runner/work/orange-cloud/orange-cloud/orange-cloud/apps/ios/Orange\ Cloud/build/Build/Intermediates.noindex/Orange\ Cloud.build/Release-iphoneos/OrangeCloudWidgetsExtension.build/fr.lproj/Localizable.stringsdict (in target 'OrangeCloudWidgetsExtension' from project 'Orange Cloud')
    cd /Users/runner/work/orange-cloud/orange-cloud/orange-cloud/apps/ios/Orange\ Cloud
    builtin-copyStrings --validate --outputencoding binary --outfilename Localizable.stringsdict --outdir /Users/runner/work/orange-cloud/orange-cloud/orange-cloud/apps/ios/Orange\ Cloud/build/Build/Products/Release-iphoneos/OrangeCloudWidgetsExtension.appex/fr.lproj -- /Users/runner/work/orange-cloud/orange-cloud/orange-cloud/apps/ios/Orange\ Cloud/build/Build/Intermediates.noindex/Orange\ Cloud.build/Release-iphoneos/OrangeCloudWidgetsExtension.build/fr.lproj/Localizable.stringsdict
/Users/runner/work/orange-cloud/orange-cloud/orange-cloud/apps/ios/Orange Cloud/build/Build/Intermediates.noindex/Orange Cloud.build/Release-iphoneos/OrangeCloudWidgetsExtension.build/fr.lproj/Localizable.stringsdict:1:1: note: detected encoding of input file as Unicode (UTF-8) (in target 'OrangeCloudWidgetsExtension' from project 'Orange Cloud')

CopyStringsFile /Users/runner/work/orange-cloud/orange-cloud/orange-cloud/apps/ios/Orange\ Cloud/build/Build/Products/Release-iphoneos/OrangeCloudWidgetsExtension.appex/fr.lproj/Localizable.strings /Users/runner/work/orange-cloud/orange-cloud/orange-cloud/apps/ios/Orange\ Cloud/build/Build/Intermediates.noindex/Orange\ Cloud.build/Release-iphoneos/OrangeCloudWidgetsExtension.build/fr.lproj/Localizable.strings (in target 'OrangeCloudWidgetsExtension' from project 'Orange Cloud')
    cd /Users/runner/work/orange-cloud/orange-cloud/orange-cloud/apps/ios/Orange\ Cloud
    builtin-copyStrings --validate --outputencoding binary --outfilename Localizable.strings --outdir /Users/runner/work/orange-cloud/orange-cloud/orange-cloud/apps/ios/Orange\ Cloud/build/Build/Products/Release-iphoneos/OrangeCloudWidgetsExtension.appex/fr.lproj -- /Users/runner/work/orange-cloud/orange-cloud/orange-cloud/apps/ios/Orange\ Cloud/build/Build/Intermediates.noindex/Orange\ Cloud.build/Release-iphoneos/OrangeCloudWidgetsExtension.build/fr.lproj/Localizable.strings
/Users/runner/work/orange-cloud/orange-cloud/orange-cloud/apps/ios/Orange Cloud/build/Build/Intermediates.noindex/Orange Cloud.build/Release-iphoneos/OrangeCloudWidgetsExtension.build/fr.lproj/Localizable.strings:1:1: note: detected encoding of input file as Unicode (UTF-8) (in target 'OrangeCloudWidgetsExtension' from project 'Orange Cloud')

CopyStringsFile /Users/runner/work/orange-cloud/orange-cloud/orange-cloud/apps/ios/Orange\ Cloud/build/Build/Products/Release-iphoneos/OrangeCloudWidgetsExtension.appex/es-MX.lproj/Localizable.stringsdict /Users/runner/work/orange-cloud/orange-cloud/orange-cloud/apps/ios/Orange\ Cloud/build/Build/Intermediates.noindex/Orange\ Cloud.build/Release-iphoneos/OrangeCloudWidgetsExtension.build/es-MX.lproj/Localizable.stringsdict (in target 'OrangeCloudWidgetsExtension' from project 'Orange Cloud')
    cd /Users/runner/work/orange-cloud/orange-cloud/orange-cloud/apps/ios/Orange\ Cloud
    builtin-copyStrings --validate --outputencoding binary --outfilename Localizable.stringsdict --outdir /Users/runner/work/orange-cloud/orange-cloud/orange-cloud/apps/ios/Orange\ Cloud/build/Build/Products/Release-iphoneos/OrangeCloudWidgetsExtension.appex/es-MX.lproj -- /Users/runner/work/orange-cloud/orange-cloud/orange-cloud/apps/ios/Orange\ Cloud/build/Build/Intermediates.noindex/Orange\ Cloud.build/Release-iphoneos/OrangeCloudWidgetsExtension.build/es-MX.lproj/Localizable.stringsdict
/Users/runner/work/orange-cloud/orange-cloud/orange-cloud/apps/ios/Orange Cloud/build/Build/Intermediates.noindex/Orange Cloud.build/Release-iphoneos/OrangeCloudWidgetsExtension.build/es-MX.lproj/Localizable.stringsdict:1:1: note: detected encoding of input file as Unicode (UTF-8) (in target 'OrangeCloudWidgetsExtension' from project 'Orange Cloud')

CopyStringsFile /Users/runner/work/orange-cloud/orange-cloud/orange-cloud/apps/ios/Orange\ Cloud/build/Build/Products/Release-iphoneos/OrangeCloudWidgetsExtension.appex/es-MX.lproj/Localizable.strings /Users/runner/work/orange-cloud/orange-cloud/orange-cloud/apps/ios/Orange\ Cloud/build/Build/Intermediates.noindex/Orange\ Cloud.build/Release-iphoneos/OrangeCloudWidgetsExtension.build/es-MX.lproj/Localizable.strings (in target 'OrangeCloudWidgetsExtension' from project 'Orange Cloud')
    cd /Users/runner/work/orange-cloud/orange-cloud/orange-cloud/apps/ios/Orange\ Cloud
    builtin-copyStrings --validate --outputencoding binary --outfilename Localizable.strings --outdir /Users/runner/work/orange-cloud/orange-cloud/orange-cloud/apps/ios/Orange\ Cloud/build/Build/Products/Release-iphoneos/OrangeCloudWidgetsExtension.appex/es-MX.lproj -- /Users/runner/work/orange-cloud/orange-cloud/orange-cloud/apps/ios/Orange\ Cloud/build/Build/Intermediates.noindex/Orange\ Cloud.build/Release-iphoneos/OrangeCloudWidgetsExtension.build/es-MX.lproj/Localizable.strings
/Users/runner/work/orange-cloud/orange-cloud/orange-cloud/apps/ios/Orange Cloud/build/Build/Intermediates.noindex/Orange Cloud.build/Release-iphoneos/OrangeCloudWidgetsExtension.build/es-MX.lproj/Localizable.strings:1:1: note: detected encoding of input file as Unicode (UTF-8) (in target 'OrangeCloudWidgetsExtension' from project 'Orange Cloud')

CopyStringsFile /Users/runner/work/orange-cloud/orange-cloud/orange-cloud/apps/ios/Orange\ Cloud/build/Build/Products/Release-iphoneos/OrangeCloudWidgetsExtension.appex/en.lproj/Localizable.stringsdict /Users/runner/work/orange-cloud/orange-cloud/orange-cloud/apps/ios/Orange\ Cloud/build/Build/Intermediates.noindex/Orange\ Cloud.build/Release-iphoneos/OrangeCloudWidgetsExtension.build/en.lproj/Localizable.stringsdict (in target 'OrangeCloudWidgetsExtension' from project 'Orange Cloud')
    cd /Users/runner/work/orange-cloud/orange-cloud/orange-cloud/apps/ios/Orange\ Cloud
    builtin-copyStrings --validate --outputencoding binary --outfilename Localizable.stringsdict --outdir /Users/runner/work/orange-cloud/orange-cloud/orange-cloud/apps/ios/Orange\ Cloud/build/Build/Products/Release-iphoneos/OrangeCloudWidgetsExtension.appex/en.lproj -- /Users/runner/work/orange-cloud/orange-cloud/orange-cloud/apps/ios/Orange\ Cloud/build/Build/Intermediates.noindex/Orange\ Cloud.build/Release-iphoneos/OrangeCloudWidgetsExtension.build/en.lproj/Localizable.stringsdict
/Users/runner/work/orange-cloud/orange-cloud/orange-cloud/apps/ios/Orange Cloud/build/Build/Intermediates.noindex/Orange Cloud.build/Release-iphoneos/OrangeCloudWidgetsExtension.build/en.lproj/Localizable.stringsdict:1:1: note: detected encoding of input file as Unicode (UTF-8) (in target 'OrangeCloudWidgetsExtension' from project 'Orange Cloud')

CopyStringsFile /Users/runner/work/orange-cloud/orange-cloud/orange-cloud/apps/ios/Orange\ Cloud/build/Build/Products/Release-iphoneos/OrangeCloudWidgetsExtension.appex/en.lproj/Localizable.strings /Users/runner/work/orange-cloud/orange-cloud/orange-cloud/apps/ios/Orange\ Cloud/build/Build/Intermediates.noindex/Orange\ Cloud.build/Release-iphoneos/OrangeCloudWidgetsExtension.build/en.lproj/Localizable.strings (in target 'OrangeCloudWidgetsExtension' from project 'Orange Cloud')
    cd /Users/runner/work/orange-cloud/orange-cloud/orange-cloud/apps/ios/Orange\ Cloud
    builtin-copyStrings --validate --outputencoding binary --outfilename Localizable.strings --outdir /Users/runner/work/orange-cloud/orange-cloud/orange-cloud/apps/ios/Orange\ Cloud/build/Build/Products/Release-iphoneos/OrangeCloudWidgetsExtension.appex/en.lproj -- /Users/runner/work/orange-cloud/orange-cloud/orange-cloud/apps/ios/Orange\ Cloud/build/Build/Intermediates.noindex/Orange\ Cloud.build/Release-iphoneos/OrangeCloudWidgetsExtension.build/en.lproj/Localizable.strings
/Users/runner/work/orange-cloud/orange-cloud/orange-cloud/apps/ios/Orange Cloud/build/Build/Intermediates.noindex/Orange Cloud.build/Release-iphoneos/OrangeCloudWidgetsExtension.build/en.lproj/Localizable.strings:1:1: note: detected encoding of input file as Unicode (UTF-8) (in target 'OrangeCloudWidgetsExtension' from project 'Orange Cloud')

CopyStringsFile /Users/runner/work/orange-cloud/orange-cloud/orange-cloud/apps/ios/Orange\ Cloud/build/Build/Products/Release-iphoneos/OrangeCloudWidgetsExtension.appex/de.lproj/Localizable.stringsdict /Users/runner/work/orange-cloud/orange-cloud/orange-cloud/apps/ios/Orange\ Cloud/build/Build/Intermediates.noindex/Orange\ Cloud.build/Release-iphoneos/OrangeCloudWidgetsExtension.build/de.lproj/Localizable.stringsdict (in target 'OrangeCloudWidgetsExtension' from project 'Orange Cloud')
    cd /Users/runner/work/orange-cloud/orange-cloud/orange-cloud/apps/ios/Orange\ Cloud
    builtin-copyStrings --validate --outputencoding binary --outfilename Localizable.stringsdict --outdir /Users/runner/work/orange-cloud/orange-cloud/orange-cloud/apps/ios/Orange\ Cloud/build/Build/Products/Release-iphoneos/OrangeCloudWidgetsExtension.appex/de.lproj -- /Users/runner/work/orange-cloud/orange-cloud/orange-cloud/apps/ios/Orange\ Cloud/build/Build/Intermediates.noindex/Orange\ Cloud.build/Release-iphoneos/OrangeCloudWidgetsExtension.build/de.lproj/Localizable.stringsdict
/Users/runner/work/orange-cloud/orange-cloud/orange-cloud/apps/ios/Orange Cloud/build/Build/Intermediates.noindex/Orange Cloud.build/Release-iphoneos/OrangeCloudWidgetsExtension.build/de.lproj/Localizable.stringsdict:1:1: note: detected encoding of input file as Unicode (UTF-8) (in target 'OrangeCloudWidgetsExtension' from project 'Orange Cloud')

CopyStringsFile /Users/runner/work/orange-cloud/orange-cloud/orange-cloud/apps/ios/Orange\ Cloud/build/Build/Products/Release-iphoneos/OrangeCloudWidgetsExtension.appex/de.lproj/Localizable.strings /Users/runner/work/orange-cloud/orange-cloud/orange-cloud/apps/ios/Orange\ Cloud/build/Build/Intermediates.noindex/Orange\ Cloud.build/Release-iphoneos/OrangeCloudWidgetsExtension.build/de.lproj/Localizable.strings (in target 'OrangeCloudWidgetsExtension' from project 'Orange Cloud')
    cd /Users/runner/work/orange-cloud/orange-cloud/orange-cloud/apps/ios/Orange\ Cloud
    builtin-copyStrings --validate --outputencoding binary --outfilename Localizable.strings --outdir /Users/runner/work/orange-cloud/orange-cloud/orange-cloud/apps/ios/Orange\ Cloud/build/Build/Products/Release-iphoneos/OrangeCloudWidgetsExtension.appex/de.lproj -- /Users/runner/work/orange-cloud/orange-cloud/orange-cloud/apps/ios/Orange\ Cloud/build/Build/Intermediates.noindex/Orange\ Cloud.build/Release-iphoneos/OrangeCloudWidgetsExtension.build/de.lproj/Localizable.strings
/Users/runner/work/orange-cloud/orange-cloud/orange-cloud/apps/ios/Orange Cloud/build/Build/Intermediates.noindex/Orange Cloud.build/Release-iphoneos/OrangeCloudWidgetsExtension.build/de.lproj/Localizable.strings:1:1: note: detected encoding of input file as Unicode (UTF-8) (in target 'OrangeCloudWidgetsExtension' from project 'Orange Cloud')

CopyStringsFile /Users/runner/work/orange-cloud/orange-cloud/orange-cloud/apps/ios/Orange\ Cloud/build/Build/Products/Release-iphoneos/OrangeCloudWidgetsExtension.appex/ar.lproj/Localizable.stringsdict /Users/runner/work/orange-cloud/orange-cloud/orange-cloud/apps/ios/Orange\ Cloud/build/Build/Intermediates.noindex/Orange\ Cloud.build/Release-iphoneos/OrangeCloudWidgetsExtension.build/ar.lproj/Localizable.stringsdict (in target 'OrangeCloudWidgetsExtension' from project 'Orange Cloud')
    cd /Users/runner/work/orange-cloud/orange-cloud/orange-cloud/apps/ios/Orange\ Cloud
    builtin-copyStrings --validate --outputencoding binary --outfilename Localizable.stringsdict --outdir /Users/runner/work/orange-cloud/orange-cloud/orange-cloud/apps/ios/Orange\ Cloud/build/Build/Products/Release-iphoneos/OrangeCloudWidgetsExtension.appex/ar.lproj -- /Users/runner/work/orange-cloud/orange-cloud/orange-cloud/apps/ios/Orange\ Cloud/build/Build/Intermediates.noindex/Orange\ Cloud.build/Release-iphoneos/OrangeCloudWidgetsExtension.build/ar.lproj/Localizable.stringsdict
/Users/runner/work/orange-cloud/orange-cloud/orange-cloud/apps/ios/Orange Cloud/build/Build/Intermediates.noindex/Orange Cloud.build/Release-iphoneos/OrangeCloudWidgetsExtension.build/ar.lproj/Localizable.stringsdict:1:1: note: detected encoding of input file as Unicode (UTF-8) (in target 'OrangeCloudWidgetsExtension' from project 'Orange Cloud')

CopyStringsFile /Users/runner/work/orange-cloud/orange-cloud/orange-cloud/apps/ios/Orange\ Cloud/build/Build/Products/Release-iphoneos/OrangeCloudWidgetsExtension.appex/ar.lproj/Localizable.strings /Users/runner/work/orange-cloud/orange-cloud/orange-cloud/apps/ios/Orange\ Cloud/build/Build/Intermediates.noindex/Orange\ Cloud.build/Release-iphoneos/OrangeCloudWidgetsExtension.build/ar.lproj/Localizable.strings (in target 'OrangeCloudWidgetsExtension' from project 'Orange Cloud')
    cd /Users/runner/work/orange-cloud/orange-cloud/orange-cloud/apps/ios/Orange\ Cloud
    builtin-copyStrings --validate --outputencoding binary --outfilename Localizable.strings --outdir /Users/runner/work/orange-cloud/orange-cloud/orange-cloud/apps/ios/Orange\ Cloud/build/Build/Products/Release-iphoneos/OrangeCloudWidgetsExtension.appex/ar.lproj -- /Users/runner/work/orange-cloud/orange-cloud/orange-cloud/apps/ios/Orange\ Cloud/build/Build/Intermediates.noindex/Orange\ Cloud.build/Release-iphoneos/OrangeCloudWidgetsExtension.build/ar.lproj/Localizable.strings
/Users/runner/work/orange-cloud/orange-cloud/orange-cloud/apps/ios/Orange Cloud/build/Build/Intermediates.noindex/Orange Cloud.build/Release-iphoneos/OrangeCloudWidgetsExtension.build/ar.lproj/Localizable.strings:1:1: note: detected encoding of input file as Unicode (UTF-8) (in target 'OrangeCloudWidgetsExtension' from project 'Orange Cloud')

MkDir /Users/runner/work/orange-cloud/orange-cloud/orange-cloud/apps/ios/Orange\ Cloud/build/Build/Intermediates.noindex/Orange\ Cloud.build/Release-watchos/Orange\ Cloud\ WatchExtension.build/assetcatalog_output/unthinned (in target 'Orange Cloud WatchExtension' from project 'Orange Cloud')
    cd /Users/runner/work/orange-cloud/orange-cloud/orange-cloud/apps/ios/Orange\ Cloud
    /bin/mkdir -p /Users/runner/work/orange-cloud/orange-cloud/orange-cloud/apps/ios/Orange\ Cloud/build/Build/Intermediates.noindex/Orange\ Cloud.build/Release-watchos/Orange\ Cloud\ WatchExtension.build/assetcatalog_output/unthinned

MkDir /Users/runner/work/orange-cloud/orange-cloud/orange-cloud/apps/ios/Orange\ Cloud/build/Build/Intermediates.noindex/Orange\ Cloud.build/Release-watchos/Orange\ Cloud\ WatchExtension.build/assetcatalog_output/thinned (in target 'Orange Cloud WatchExtension' from project 'Orange Cloud')
    cd /Users/runner/work/orange-cloud/orange-cloud/orange-cloud/apps/ios/Orange\ Cloud
    /bin/mkdir -p /Users/runner/work/orange-cloud/orange-cloud/orange-cloud/apps/ios/Orange\ Cloud/build/Build/Intermediates.noindex/Orange\ Cloud.build/Release-watchos/Orange\ Cloud\ WatchExtension.build/assetcatalog_output/thinned

GenerateStringSymbols /Users/runner/work/orange-cloud/orange-cloud/orange-cloud/apps/ios/Orange\ Cloud/build/Build/Intermediates.noindex/Orange\ Cloud.build/Release-watchos/Orange\ Cloud\ WatchExtension.build/DerivedSources/GeneratedStringSymbols_Localizable.swift /Users/runner/work/orange-cloud/orange-cloud/orange-cloud/apps/ios/Orange\ Cloud/Orange\ Cloud\ Watch/Localizable.xcstrings (in target 'Orange Cloud WatchExtension' from project 'Orange Cloud')
    cd /Users/runner/work/orange-cloud/orange-cloud/orange-cloud/apps/ios/Orange\ Cloud
    /Applications/Xcode_26.6.app/Contents/Developer/usr/bin/xcstringstool generate-symbols --language swift --output-directory /Users/runner/work/orange-cloud/orange-cloud/orange-cloud/apps/ios/Orange\ Cloud/build/Build/Intermediates.noindex/Orange\ Cloud.build/Release-watchos/Orange\ Cloud\ WatchExtension.build/DerivedSources /Users/runner/work/orange-cloud/orange-cloud/orange-cloud/apps/ios/Orange\ Cloud/Orange\ Cloud\ Watch/Localizable.xcstrings

GenerateAssetSymbols /Users/runner/work/orange-cloud/orange-cloud/orange-cloud/apps/ios/Orange\ Cloud/Orange\ Cloud\ Watch/Assets.xcassets (in target 'Orange Cloud WatchExtension' from project 'Orange Cloud')
    cd /Users/runner/work/orange-cloud/orange-cloud/orange-cloud/apps/ios/Orange\ Cloud
    /Applications/Xcode_26.6.app/Contents/Developer/usr/bin/actool /Users/runner/work/orange-cloud/orange-cloud/orange-cloud/apps/ios/Orange\ Cloud/Orange\ Cloud\ Watch/Assets.xcassets --compile /Users/runner/work/orange-cloud/orange-cloud/orange-cloud/apps/ios/Orange\ Cloud/build/Build/Products/Release-watchos/Orange\ Cloud\ WatchExtension.appex --output-format human-readable-text --notices --warnings --export-dependency-info /Users/runner/work/orange-cloud/orange-cloud/orange-cloud/apps/ios/Orange\ Cloud/build/Build/Intermediates.noindex/Orange\ Cloud.build/Release-watchos/Orange\ Cloud\ WatchExtension.build/assetcatalog_dependencies --output-partial-info-plist /Users/runner/work/orange-cloud/orange-cloud/orange-cloud/apps/ios/Orange\ Cloud/build/Build/Intermediates.noindex/Orange\ Cloud.build/Release-watchos/Orange\ Cloud\ WatchExtension.build/assetcatalog_generated_info.plist --accent-color AccentColor --widget-background-color WidgetBackground --compress-pngs --enable-on-demand-resources NO --standalone-icon-behavior all --development-region zh-Hans --target-device watch --minimum-deployment-target 10.6 --platform watchos --bundle-identifier jiamin.chen.orange-cloud.watchkitapp.wdigets --generate-swift-asset-symbols /Users/runner/work/orange-cloud/orange-cloud/orange-cloud/apps/ios/Orange\ Cloud/build/Build/Intermediates.noindex/Orange\ Cloud.build/Release-watchos/Orange\ Cloud\ WatchExtension.build/DerivedSources/GeneratedAssetSymbols.swift --generate-objc-asset-symbols /Users/runner/work/orange-cloud/orange-cloud/orange-cloud/apps/ios/Orange\ Cloud/build/Build/Intermediates.noindex/Orange\ Cloud.build/Release-watchos/Orange\ Cloud\ WatchExtension.build/DerivedSources/GeneratedAssetSymbols.h --generate-asset-symbol-index /Users/runner/work/orange-cloud/orange-cloud/orange-cloud/apps/ios/Orange\ Cloud/build/Build/Intermediates.noindex/Orange\ Cloud.build/Release-watchos/Orange\ Cloud\ WatchExtension.build/DerivedSources/GeneratedAssetSymbols-Index.plist
/* com.apple.actool.compilation-results */
/Users/runner/work/orange-cloud/orange-cloud/orange-cloud/apps/ios/Orange Cloud/build/Build/Intermediates.noindex/Orange Cloud.build/Release-watchos/Orange Cloud WatchExtension.build/DerivedSources/GeneratedAssetSymbols-Index.plist
/Users/runner/work/orange-cloud/orange-cloud/orange-cloud/apps/ios/Orange Cloud/build/Build/Intermediates.noindex/Orange Cloud.build/Release-watchos/Orange Cloud WatchExtension.build/DerivedSources/GeneratedAssetSymbols.h
/Users/runner/work/orange-cloud/orange-cloud/orange-cloud/apps/ios/Orange Cloud/build/Build/Intermediates.noindex/Orange Cloud.build/Release-watchos/Orange Cloud WatchExtension.build/DerivedSources/GeneratedAssetSymbols.swift


CompileXCStrings /Users/runner/work/orange-cloud/orange-cloud/orange-cloud/apps/ios/Orange\ Cloud/build/Build/Intermediates.noindex/Orange\ Cloud.build/Release-watchos/Orange\ Cloud\ WatchExtension.build/ /Users/runner/work/orange-cloud/orange-cloud/orange-cloud/apps/ios/Orange\ Cloud/Orange\ Cloud\ Watch/Localizable.xcstrings (in target 'Orange Cloud WatchExtension' from project 'Orange Cloud')
    cd /Users/runner/work/orange-cloud/orange-cloud/orange-cloud/apps/ios/Orange\ Cloud
    /Applications/Xcode_26.6.app/Contents/Developer/usr/bin/xcstringstool compile --output-directory /Users/runner/work/orange-cloud/orange-cloud/orange-cloud/apps/ios/Orange\ Cloud/build/Build/Intermediates.noindex/Orange\ Cloud.build/Release-watchos/Orange\ Cloud\ WatchExtension.build /Users/runner/work/orange-cloud/orange-cloud/orange-cloud/apps/ios/Orange\ Cloud/Orange\ Cloud\ Watch/Localizable.xcstrings

CopyStringsFile /Users/runner/work/orange-cloud/orange-cloud/orange-cloud/apps/ios/Orange\ Cloud/build/Build/Products/Release-watchos/Orange\ Cloud\ WatchExtension.appex/zh-Hant.lproj/Localizable.strings /Users/runner/work/orange-cloud/orange-cloud/orange-cloud/apps/ios/Orange\ Cloud/build/Build/Intermediates.noindex/Orange\ Cloud.build/Release-watchos/Orange\ Cloud\ WatchExtension.build/zh-Hant.lproj/Localizable.strings (in target 'Orange Cloud WatchExtension' from project 'Orange Cloud')
    cd /Users/runner/work/orange-cloud/orange-cloud/orange-cloud/apps/ios/Orange\ Cloud
    builtin-copyStrings --validate --outputencoding binary --outfilename Localizable.strings --outdir /Users/runner/work/orange-cloud/orange-cloud/orange-cloud/apps/ios/Orange\ Cloud/build/Build/Products/Release-watchos/Orange\ Cloud\ WatchExtension.appex/zh-Hant.lproj -- /Users/runner/work/orange-cloud/orange-cloud/orange-cloud/apps/ios/Orange\ Cloud/build/Build/Intermediates.noindex/Orange\ Cloud.build/Release-watchos/Orange\ Cloud\ WatchExtension.build/zh-Hant.lproj/Localizable.strings
/Users/runner/work/orange-cloud/orange-cloud/orange-cloud/apps/ios/Orange Cloud/build/Build/Intermediates.noindex/Orange Cloud.build/Release-watchos/Orange Cloud WatchExtension.build/zh-Hant.lproj/Localizable.strings:1:1: note: detected encoding of input file as Unicode (UTF-8) (in target 'Orange Cloud WatchExtension' from project 'Orange Cloud')

CopyStringsFile /Users/runner/work/orange-cloud/orange-cloud/orange-cloud/apps/ios/Orange\ Cloud/build/Build/Products/Release-watchos/Orange\ Cloud\ WatchExtension.appex/zh-HK.lproj/Localizable.strings /Users/runner/work/orange-cloud/orange-cloud/orange-cloud/apps/ios/Orange\ Cloud/build/Build/Intermediates.noindex/Orange\ Cloud.build/Release-watchos/Orange\ Cloud\ WatchExtension.build/zh-HK.lproj/Localizable.strings (in target 'Orange Cloud WatchExtension' from project 'Orange Cloud')
    cd /Users/runner/work/orange-cloud/orange-cloud/orange-cloud/apps/ios/Orange\ Cloud
    builtin-copyStrings --validate --outputencoding binary --outfilename Localizable.strings --outdir /Users/runner/work/orange-cloud/orange-cloud/orange-cloud/apps/ios/Orange\ Cloud/build/Build/Products/Release-watchos/Orange\ Cloud\ WatchExtension.appex/zh-HK.lproj -- /Users/runner/work/orange-cloud/orange-cloud/orange-cloud/apps/ios/Orange\ Cloud/build/Build/Intermediates.noindex/Orange\ Cloud.build/Release-watchos/Orange\ Cloud\ WatchExtension.build/zh-HK.lproj/Localizable.strings
/Users/runner/work/orange-cloud/orange-cloud/orange-cloud/apps/ios/Orange Cloud/build/Build/Intermediates.noindex/Orange Cloud.build/Release-watchos/Orange Cloud WatchExtension.build/zh-HK.lproj/Localizable.strings:1:1: note: detected encoding of input file as Unicode (UTF-8) (in target 'Orange Cloud WatchExtension' from project 'Orange Cloud')

CopyStringsFile /Users/runner/work/orange-cloud/orange-cloud/orange-cloud/apps/ios/Orange\ Cloud/build/Build/Products/Release-watchos/Orange\ Cloud\ WatchExtension.appex/tr.lproj/Localizable.strings /Users/runner/work/orange-cloud/orange-cloud/orange-cloud/apps/ios/Orange\ Cloud/build/Build/Intermediates.noindex/Orange\ Cloud.build/Release-watchos/Orange\ Cloud\ WatchExtension.build/tr.lproj/Localizable.strings (in target 'Orange Cloud WatchExtension' from project 'Orange Cloud')
    cd /Users/runner/work/orange-cloud/orange-cloud/orange-cloud/apps/ios/Orange\ Cloud
    builtin-copyStrings --validate --outputencoding binary --outfilename Localizable.strings --outdir /Users/runner/work/orange-cloud/orange-cloud/orange-cloud/apps/ios/Orange\ Cloud/build/Build/Products/Release-watchos/Orange\ Cloud\ WatchExtension.appex/tr.lproj -- /Users/runner/work/orange-cloud/orange-cloud/orange-cloud/apps/ios/Orange\ Cloud/build/Build/Intermediates.noindex/Orange\ Cloud.build/Release-watchos/Orange\ Cloud\ WatchExtension.build/tr.lproj/Localizable.strings
/Users/runner/work/orange-cloud/orange-cloud/orange-cloud/apps/ios/Orange Cloud/build/Build/Intermediates.noindex/Orange Cloud.build/Release-watchos/Orange Cloud WatchExtension.build/tr.lproj/Localizable.strings:1:1: note: detected encoding of input file as Unicode (UTF-8) (in target 'Orange Cloud WatchExtension' from project 'Orange Cloud')

CopyStringsFile /Users/runner/work/orange-cloud/orange-cloud/orange-cloud/apps/ios/Orange\ Cloud/build/Build/Products/Release-watchos/Orange\ Cloud\ WatchExtension.appex/pt-PT.lproj/Localizable.strings /Users/runner/work/orange-cloud/orange-cloud/orange-cloud/apps/ios/Orange\ Cloud/build/Build/Intermediates.noindex/Orange\ Cloud.build/Release-watchos/Orange\ Cloud\ WatchExtension.build/pt-PT.lproj/Localizable.strings (in target 'Orange Cloud WatchExtension' from project 'Orange Cloud')
    cd /Users/runner/work/orange-cloud/orange-cloud/orange-cloud/apps/ios/Orange\ Cloud
    builtin-copyStrings --validate --outputencoding binary --outfilename Localizable.strings --outdir /Users/runner/work/orange-cloud/orange-cloud/orange-cloud/apps/ios/Orange\ Cloud/build/Build/Products/Release-watchos/Orange\ Cloud\ WatchExtension.appex/pt-PT.lproj -- /Users/runner/work/orange-cloud/orange-cloud/orange-cloud/apps/ios/Orange\ Cloud/build/Build/Intermediates.noindex/Orange\ Cloud.build/Release-watchos/Orange\ Cloud\ WatchExtension.build/pt-PT.lproj/Localizable.strings
/Users/runner/work/orange-cloud/orange-cloud/orange-cloud/apps/ios/Orange Cloud/build/Build/Intermediates.noindex/Orange Cloud.build/Release-watchos/Orange Cloud WatchExtension.build/pt-PT.lproj/Localizable.strings:1:1: note: detected encoding of input file as Unicode (UTF-8) (in target 'Orange Cloud WatchExtension' from project 'Orange Cloud')

CopyStringsFile /Users/runner/work/orange-cloud/orange-cloud/orange-cloud/apps/ios/Orange\ Cloud/build/Build/Products/Release-watchos/Orange\ Cloud\ WatchExtension.appex/pt-BR.lproj/Localizable.strings /Users/runner/work/orange-cloud/orange-cloud/orange-cloud/apps/ios/Orange\ Cloud/build/Build/Intermediates.noindex/Orange\ Cloud.build/Release-watchos/Orange\ Cloud\ WatchExtension.build/pt-BR.lproj/Localizable.strings (in target 'Orange Cloud WatchExtension' from project 'Orange Cloud')
    cd /Users/runner/work/orange-cloud/orange-cloud/orange-cloud/apps/ios/Orange\ Cloud
    builtin-copyStrings --validate --outputencoding binary --outfilename Localizable.strings --outdir /Users/runner/work/orange-cloud/orange-cloud/orange-cloud/apps/ios/Orange\ Cloud/build/Build/Products/Release-watchos/Orange\ Cloud\ WatchExtension.appex/pt-BR.lproj -- /Users/runner/work/orange-cloud/orange-cloud/orange-cloud/apps/ios/Orange\ Cloud/build/Build/Intermediates.noindex/Orange\ Cloud.build/Release-watchos/Orange\ Cloud\ WatchExtension.build/pt-BR.lproj/Localizable.strings
/Users/runner/work/orange-cloud/orange-cloud/orange-cloud/apps/ios/Orange Cloud/build/Build/Intermediates.noindex/Orange Cloud.build/Release-watchos/Orange Cloud WatchExtension.build/pt-BR.lproj/Localizable.strings:1:1: note: detected encoding of input file as Unicode (UTF-8) (in target 'Orange Cloud WatchExtension' from project 'Orange Cloud')

CopyStringsFile /Users/runner/work/orange-cloud/orange-cloud/orange-cloud/apps/ios/Orange\ Cloud/build/Build/Products/Release-watchos/Orange\ Cloud\ WatchExtension.appex/ko.lproj/Localizable.strings /Users/runner/work/orange-cloud/orange-cloud/orange-cloud/apps/ios/Orange\ Cloud/build/Build/Intermediates.noindex/Orange\ Cloud.build/Release-watchos/Orange\ Cloud\ WatchExtension.build/ko.lproj/Localizable.strings (in target 'Orange Cloud WatchExtension' from project 'Orange Cloud')
    cd /Users/runner/work/orange-cloud/orange-cloud/orange-cloud/apps/ios/Orange\ Cloud
    builtin-copyStrings --validate --outputencoding binary --outfilename Localizable.strings --outdir /Users/runner/work/orange-cloud/orange-cloud/orange-cloud/apps/ios/Orange\ Cloud/build/Build/Products/Release-watchos/Orange\ Cloud\ WatchExtension.appex/ko.lproj -- /Users/runner/work/orange-cloud/orange-cloud/orange-cloud/apps/ios/Orange\ Cloud/build/Build/Intermediates.noindex/Orange\ Cloud.build/Release-watchos/Orange\ Cloud\ WatchExtension.build/ko.lproj/Localizable.strings
/Users/runner/work/orange-cloud/orange-cloud/orange-cloud/apps/ios/Orange Cloud/build/Build/Intermediates.noindex/Orange Cloud.build/Release-watchos/Orange Cloud WatchExtension.build/ko.lproj/Localizable.strings:1:1: note: detected encoding of input file as Unicode (UTF-8) (in target 'Orange Cloud WatchExtension' from project 'Orange Cloud')

CopyStringsFile /Users/runner/work/orange-cloud/orange-cloud/orange-cloud/apps/ios/Orange\ Cloud/build/Build/Products/Release-watchos/Orange\ Cloud\ WatchExtension.appex/ja.lproj/Localizable.strings /Users/runner/work/orange-cloud/orange-cloud/orange-cloud/apps/ios/Orange\ Cloud/build/Build/Intermediates.noindex/Orange\ Cloud.build/Release-watchos/Orange\ Cloud\ WatchExtension.build/ja.lproj/Localizable.strings (in target 'Orange Cloud WatchExtension' from project 'Orange Cloud')
    cd /Users/runner/work/orange-cloud/orange-cloud/orange-cloud/apps/ios/Orange\ Cloud
    builtin-copyStrings --validate --outputencoding binary --outfilename Localizable.strings --outdir /Users/runner/work/orange-cloud/orange-cloud/orange-cloud/apps/ios/Orange\ Cloud/build/Build/Products/Release-watchos/Orange\ Cloud\ WatchExtension.appex/ja.lproj -- /Users/runner/work/orange-cloud/orange-cloud/orange-cloud/apps/ios/Orange\ Cloud/build/Build/Intermediates.noindex/Orange\ Cloud.build/Release-watchos/Orange\ Cloud\ WatchExtension.build/ja.lproj/Localizable.strings
/Users/runner/work/orange-cloud/orange-cloud/orange-cloud/apps/ios/Orange Cloud/build/Build/Intermediates.noindex/Orange Cloud.build/Release-watchos/Orange Cloud WatchExtension.build/ja.lproj/Localizable.strings:1:1: note: detected encoding of input file as Unicode (UTF-8) (in target 'Orange Cloud WatchExtension' from project 'Orange Cloud')

CopyStringsFile /Users/runner/work/orange-cloud/orange-cloud/orange-cloud/apps/ios/Orange\ Cloud/build/Build/Products/Release-watchos/Orange\ Cloud\ WatchExtension.appex/fr.lproj/Localizable.strings /Users/runner/work/orange-cloud/orange-cloud/orange-cloud/apps/ios/Orange\ Cloud/build/Build/Intermediates.noindex/Orange\ Cloud.build/Release-watchos/Orange\ Cloud\ WatchExtension.build/fr.lproj/Localizable.strings (in target 'Orange Cloud WatchExtension' from project 'Orange Cloud')
    cd /Users/runner/work/orange-cloud/orange-cloud/orange-cloud/apps/ios/Orange\ Cloud
    builtin-copyStrings --validate --outputencoding binary --outfilename Localizable.strings --outdir /Users/runner/work/orange-cloud/orange-cloud/orange-cloud/apps/ios/Orange\ Cloud/build/Build/Products/Release-watchos/Orange\ Cloud\ WatchExtension.appex/fr.lproj -- /Users/runner/work/orange-cloud/orange-cloud/orange-cloud/apps/ios/Orange\ Cloud/build/Build/Intermediates.noindex/Orange\ Cloud.build/Release-watchos/Orange\ Cloud\ WatchExtension.build/fr.lproj/Localizable.strings
/Users/runner/work/orange-cloud/orange-cloud/orange-cloud/apps/ios/Orange Cloud/build/Build/Intermediates.noindex/Orange Cloud.build/Release-watchos/Orange Cloud WatchExtension.build/fr.lproj/Localizable.strings:1:1: note: detected encoding of input file as Unicode (UTF-8) (in target 'Orange Cloud WatchExtension' from project 'Orange Cloud')

CopyStringsFile /Users/runner/work/orange-cloud/orange-cloud/orange-cloud/apps/ios/Orange\ Cloud/build/Build/Products/Release-watchos/Orange\ Cloud\ WatchExtension.appex/es-MX.lproj/Localizable.strings /Users/runner/work/orange-cloud/orange-cloud/orange-cloud/apps/ios/Orange\ Cloud/build/Build/Intermediates.noindex/Orange\ Cloud.build/Release-watchos/Orange\ Cloud\ WatchExtension.build/es-MX.lproj/Localizable.strings (in target 'Orange Cloud WatchExtension' from project 'Orange Cloud')
    cd /Users/runner/work/orange-cloud/orange-cloud/orange-cloud/apps/ios/Orange\ Cloud
    builtin-copyStrings --validate --outputencoding binary --outfilename Localizable.strings --outdir /Users/runner/work/orange-cloud/orange-cloud/orange-cloud/apps/ios/Orange\ Cloud/build/Build/Products/Release-watchos/Orange\ Cloud\ WatchExtension.appex/es-MX.lproj -- /Users/runner/work/orange-cloud/orange-cloud/orange-cloud/apps/ios/Orange\ Cloud/build/Build/Intermediates.noindex/Orange\ Cloud.build/Release-watchos/Orange\ Cloud\ WatchExtension.build/es-MX.lproj/Localizable.strings
/Users/runner/work/orange-cloud/orange-cloud/orange-cloud/apps/ios/Orange Cloud/build/Build/Intermediates.noindex/Orange Cloud.build/Release-watchos/Orange Cloud WatchExtension.build/es-MX.lproj/Localizable.strings:1:1: note: detected encoding of input file as Unicode (UTF-8) (in target 'Orange Cloud WatchExtension' from project 'Orange Cloud')

CopyStringsFile /Users/runner/work/orange-cloud/orange-cloud/orange-cloud/apps/ios/Orange\ Cloud/build/Build/Products/Release-watchos/Orange\ Cloud\ WatchExtension.appex/en.lproj/Localizable.strings /Users/runner/work/orange-cloud/orange-cloud/orange-cloud/apps/ios/Orange\ Cloud/build/Build/Intermediates.noindex/Orange\ Cloud.build/Release-watchos/Orange\ Cloud\ WatchExtension.build/en.lproj/Localizable.strings (in target 'Orange Cloud WatchExtension' from project 'Orange Cloud')
    cd /Users/runner/work/orange-cloud/orange-cloud/orange-cloud/apps/ios/Orange\ Cloud
    builtin-copyStrings --validate --outputencoding binary --outfilename Localizable.strings --outdir /Users/runner/work/orange-cloud/orange-cloud/orange-cloud/apps/ios/Orange\ Cloud/build/Build/Products/Release-watchos/Orange\ Cloud\ WatchExtension.appex/en.lproj -- /Users/runner/work/orange-cloud/orange-cloud/orange-cloud/apps/ios/Orange\ Cloud/build/Build/Intermediates.noindex/Orange\ Cloud.build/Release-watchos/Orange\ Cloud\ WatchExtension.build/en.lproj/Localizable.strings
/Users/runner/work/orange-cloud/orange-cloud/orange-cloud/apps/ios/Orange Cloud/build/Build/Intermediates.noindex/Orange Cloud.build/Release-watchos/Orange Cloud WatchExtension.build/en.lproj/Localizable.strings:1:1: note: detected encoding of input file as Unicode (UTF-8) (in target 'Orange Cloud WatchExtension' from project 'Orange Cloud')

CopyStringsFile /Users/runner/work/orange-cloud/orange-cloud/orange-cloud/apps/ios/Orange\ Cloud/build/Build/Products/Release-watchos/Orange\ Cloud\ WatchExtension.appex/de.lproj/Localizable.strings /Users/runner/work/orange-cloud/orange-cloud/orange-cloud/apps/ios/Orange\ Cloud/build/Build/Intermediates.noindex/Orange\ Cloud.build/Release-watchos/Orange\ Cloud\ WatchExtension.build/de.lproj/Localizable.strings (in target 'Orange Cloud WatchExtension' from project 'Orange Cloud')
    cd /Users/runner/work/orange-cloud/orange-cloud/orange-cloud/apps/ios/Orange\ Cloud
    builtin-copyStrings --validate --outputencoding binary --outfilename Localizable.strings --outdir /Users/runner/work/orange-cloud/orange-cloud/orange-cloud/apps/ios/Orange\ Cloud/build/Build/Products/Release-watchos/Orange\ Cloud\ WatchExtension.appex/de.lproj -- /Users/runner/work/orange-cloud/orange-cloud/orange-cloud/apps/ios/Orange\ Cloud/build/Build/Intermediates.noindex/Orange\ Cloud.build/Release-watchos/Orange\ Cloud\ WatchExtension.build/de.lproj/Localizable.strings
/Users/runner/work/orange-cloud/orange-cloud/orange-cloud/apps/ios/Orange Cloud/build/Build/Intermediates.noindex/Orange Cloud.build/Release-watchos/Orange Cloud WatchExtension.build/de.lproj/Localizable.strings:1:1: note: detected encoding of input file as Unicode (UTF-8) (in target 'Orange Cloud WatchExtension' from project 'Orange Cloud')

CopyStringsFile /Users/runner/work/orange-cloud/orange-cloud/orange-cloud/apps/ios/Orange\ Cloud/build/Build/Products/Release-watchos/Orange\ Cloud\ WatchExtension.appex/ar.lproj/Localizable.strings /Users/runner/work/orange-cloud/orange-cloud/orange-cloud/apps/ios/Orange\ Cloud/build/Build/Intermediates.noindex/Orange\ Cloud.build/Release-watchos/Orange\ Cloud\ WatchExtension.build/ar.lproj/Localizable.strings (in target 'Orange Cloud WatchExtension' from project 'Orange Cloud')
    cd /Users/runner/work/orange-cloud/orange-cloud/orange-cloud/apps/ios/Orange\ Cloud
    builtin-copyStrings --validate --outputencoding binary --outfilename Localizable.strings --outdir /Users/runner/work/orange-cloud/orange-cloud/orange-cloud/apps/ios/Orange\ Cloud/build/Build/Products/Release-watchos/Orange\ Cloud\ WatchExtension.appex/ar.lproj -- /Users/runner/work/orange-cloud/orange-cloud/orange-cloud/apps/ios/Orange\ Cloud/build/Build/Intermediates.noindex/Orange\ Cloud.build/Release-watchos/Orange\ Cloud\ WatchExtension.build/ar.lproj/Localizable.strings
/Users/runner/work/orange-cloud/orange-cloud/orange-cloud/apps/ios/Orange Cloud/build/Build/Intermediates.noindex/Orange Cloud.build/Release-watchos/Orange Cloud WatchExtension.build/ar.lproj/Localizable.strings:1:1: note: detected encoding of input file as Unicode (UTF-8) (in target 'Orange Cloud WatchExtension' from project 'Orange Cloud')

CompileAssetCatalogVariant thinned /Users/runner/work/orange-cloud/orange-cloud/orange-cloud/apps/ios/Orange\ Cloud/build/Build/Products/Release-watchos/Orange\ Cloud\ WatchExtension.appex /Users/runner/work/orange-cloud/orange-cloud/orange-cloud/apps/ios/Orange\ Cloud/Orange\ Cloud\ Watch/Assets.xcassets (in target 'Orange Cloud WatchExtension' from project 'Orange Cloud')
    cd /Users/runner/work/orange-cloud/orange-cloud/orange-cloud/apps/ios/Orange\ Cloud
    /Applications/Xcode_26.6.app/Contents/Developer/usr/bin/actool /Users/runner/work/orange-cloud/orange-cloud/orange-cloud/apps/ios/Orange\ Cloud/Orange\ Cloud\ Watch/Assets.xcassets --compile /Users/runner/work/orange-cloud/orange-cloud/orange-cloud/apps/ios/Orange\ Cloud/build/Build/Intermediates.noindex/Orange\ Cloud.build/Release-watchos/Orange\ Cloud\ WatchExtension.build/assetcatalog_output/thinned --output-format human-readable-text --notices --warnings --export-dependency-info /Users/runner/work/orange-cloud/orange-cloud/orange-cloud/apps/ios/Orange\ Cloud/build/Build/Intermediates.noindex/Orange\ Cloud.build/Release-watchos/Orange\ Cloud\ WatchExtension.build/assetcatalog_dependencies_thinned --output-partial-info-plist /Users/runner/work/orange-cloud/orange-cloud/orange-cloud/apps/ios/Orange\ Cloud/build/Build/Intermediates.noindex/Orange\ Cloud.build/Release-watchos/Orange\ Cloud\ WatchExtension.build/assetcatalog_generated_info.plist_thinned --accent-color AccentColor --widget-background-color WidgetBackground --compress-pngs --enable-on-demand-resources NO --standalone-icon-behavior all --development-region zh-Hans --target-device watch --minimum-deployment-target 10.6 --platform watchos
/* com.apple.actool.compilation-results */
/Users/runner/work/orange-cloud/orange-cloud/orange-cloud/apps/ios/Orange Cloud/build/Build/Intermediates.noindex/Orange Cloud.build/Release-watchos/Orange Cloud WatchExtension.build/assetcatalog_generated_info.plist_thinned


LinkAssetCatalog /Users/runner/work/orange-cloud/orange-cloud/orange-cloud/apps/ios/Orange\ Cloud/Orange\ Cloud\ Watch/Assets.xcassets (in target 'Orange Cloud WatchExtension' from project 'Orange Cloud')
    cd /Users/runner/work/orange-cloud/orange-cloud/orange-cloud/apps/ios/Orange\ Cloud
    builtin-linkAssetCatalog --thinned /Users/runner/work/orange-cloud/orange-cloud/orange-cloud/apps/ios/Orange\ Cloud/build/Build/Intermediates.noindex/Orange\ Cloud.build/Release-watchos/Orange\ Cloud\ WatchExtension.build/assetcatalog_output/thinned --thinned-dependencies /Users/runner/work/orange-cloud/orange-cloud/orange-cloud/apps/ios/Orange\ Cloud/build/Build/Intermediates.noindex/Orange\ Cloud.build/Release-watchos/Orange\ Cloud\ WatchExtension.build/assetcatalog_dependencies_thinned --thinned-info-plist-content /Users/runner/work/orange-cloud/orange-cloud/orange-cloud/apps/ios/Orange\ Cloud/build/Build/Intermediates.noindex/Orange\ Cloud.build/Release-watchos/Orange\ Cloud\ WatchExtension.build/assetcatalog_generated_info.plist_thinned --unthinned /Users/runner/work/orange-cloud/orange-cloud/orange-cloud/apps/ios/Orange\ Cloud/build/Build/Intermediates.noindex/Orange\ Cloud.build/Release-watchos/Orange\ Cloud\ WatchExtension.build/assetcatalog_output/unthinned --unthinned-dependencies /Users/runner/work/orange-cloud/orange-cloud/orange-cloud/apps/ios/Orange\ Cloud/build/Build/Intermediates.noindex/Orange\ Cloud.build/Release-watchos/Orange\ Cloud\ WatchExtension.build/assetcatalog_dependencies_unthinned --unthinned-info-plist-content /Users/runner/work/orange-cloud/orange-cloud/orange-cloud/apps/ios/Orange\ Cloud/build/Build/Intermediates.noindex/Orange\ Cloud.build/Release-watchos/Orange\ Cloud\ WatchExtension.build/assetcatalog_generated_info.plist_unthinned --output /Users/runner/work/orange-cloud/orange-cloud/orange-cloud/apps/ios/Orange\ Cloud/build/Build/Products/Release-watchos/Orange\ Cloud\ WatchExtension.appex --plist-output /Users/runner/work/orange-cloud/orange-cloud/orange-cloud/apps/ios/Orange\ Cloud/build/Build/Intermediates.noindex/Orange\ Cloud.build/Release-watchos/Orange\ Cloud\ WatchExtension.build/assetcatalog_generated_info.plist

ProcessInfoPlistFile /Users/runner/work/orange-cloud/orange-cloud/orange-cloud/apps/ios/Orange\ Cloud/build/Build/Products/Release-watchos/Orange\ Cloud\ WatchExtension.appex/Info.plist /Users/runner/work/orange-cloud/orange-cloud/orange-cloud/apps/ios/Orange\ Cloud/Orange\ Cloud\ Watch/Info.plist (in target 'Orange Cloud WatchExtension' from project 'Orange Cloud')
    cd /Users/runner/work/orange-cloud/orange-cloud/orange-cloud/apps/ios/Orange\ Cloud
    builtin-infoPlistUtility /Users/runner/work/orange-cloud/orange-cloud/orange-cloud/apps/ios/Orange\ Cloud/Orange\ Cloud\ Watch/Info.plist -producttype com.apple.product-type.app-extension -expandbuildsettings -format binary -platform watchos -additionalcontentfile /Users/runner/work/orange-cloud/orange-cloud/orange-cloud/apps/ios/Orange\ Cloud/build/Build/Intermediates.noindex/Orange\ Cloud.build/Release-watchos/Orange\ Cloud\ WatchExtension.build/assetcatalog_generated_info.plist -o /Users/runner/work/orange-cloud/orange-cloud/orange-cloud/apps/ios/Orange\ Cloud/build/Build/Products/Release-watchos/Orange\ Cloud\ WatchExtension.appex/Info.plist

ProcessInfoPlistFile /Users/runner/work/orange-cloud/orange-cloud/orange-cloud/apps/ios/Orange\ Cloud/build/Build/Products/Release-iphoneos/Orange\ Cloud\ File.appex/Info.plist /Users/runner/work/orange-cloud/orange-cloud/orange-cloud/apps/ios/Orange\ Cloud/Orange\ Cloud\ File/Info.plist (in target 'Orange Cloud File' from project 'Orange Cloud')
    cd /Users/runner/work/orange-cloud/orange-cloud/orange-cloud/apps/ios/Orange\ Cloud
    builtin-infoPlistUtility /Users/runner/work/orange-cloud/orange-cloud/orange-cloud/apps/ios/Orange\ Cloud/Orange\ Cloud\ File/Info.plist -producttype com.apple.product-type.app-extension -expandbuildsettings -format binary -platform iphoneos -requiredArchitecture arm64 -o /Users/runner/work/orange-cloud/orange-cloud/orange-cloud/apps/ios/Orange\ Cloud/build/Build/Products/Release-iphoneos/Orange\ Cloud\ File.appex/Info.plist

SwiftDriver Orange\ Cloud\ WatchExtension normal arm64 com.apple.xcode.tools.swift.compiler (in target 'Orange Cloud WatchExtension' from project 'Orange Cloud')
    cd /Users/runner/work/orange-cloud/orange-cloud/orange-cloud/apps/ios/Orange\ Cloud
    builtin-SwiftDriver -- /Applications/Xcode_26.6.app/Contents/Developer/Toolchains/XcodeDefault.xctoolchain/usr/bin/swiftc -module-name Orange_Cloud_WatchExtension -O -whole-module-optimization @/Users/runner/work/orange-cloud/orange-cloud/orange-cloud/apps/ios/Orange\ Cloud/build/Build/Intermediates.noindex/Orange\ Cloud.build/Release-watchos/Orange\ Cloud\ WatchExtension.build/Objects-normal/arm64/Orange\ Cloud\ WatchExtension.SwiftFileList -DOPENSOURCE_UNLOCKED -D OPENSOURCE_UNLOCKED -enable-bare-slash-regex -enable-upcoming-feature DisableOutwardActorInference -enable-upcoming-feature InferSendableFromCaptures -enable-upcoming-feature GlobalActorIsolatedTypesUsability -enable-upcoming-feature MemberImportVisibility -enable-upcoming-feature InferIsolatedConformances -enable-upcoming-feature NonisolatedNonsendingByDefault -enable-experimental-feature DebugDescriptionMacro -sdk /Applications/Xcode_26.6.app/Contents/Developer/Platforms/WatchOS.platform/Developer/SDKs/WatchOS26.5.sdk -target arm64-apple-watchos10.6 -g -module-cache-path /Users/runner/work/orange-cloud/orange-cloud/orange-cloud/apps/ios/Orange\ Cloud/build/ModuleCache.noindex -Xfrontend -serialize-debugging-options -application-extension -swift-version 5 -I /Users/runner/work/orange-cloud/orange-cloud/orange-cloud/apps/ios/Orange\ Cloud/build/Build/Products/Release-watchos -F /Users/runner/work/orange-cloud/orange-cloud/orange-cloud/apps/ios/Orange\ Cloud/build/Build/Products/Release-watchos -emit-localized-strings -emit-localized-strings-path /Users/runner/work/orange-cloud/orange-cloud/orange-cloud/apps/ios/Orange\ Cloud/build/Build/Intermediates.noindex/Orange\ Cloud.build/Release-watchos/Orange\ Cloud\ WatchExtension.build/Objects-normal/arm64 -c -num-threads 3 -Xcc -ivfsstatcache -Xcc /Users/runner/work/orange-cloud/orange-cloud/orange-cloud/apps/ios/Orange\ Cloud/build/SDKStatCaches.noindex/watchos26.5-23T570-688ef53f1462e2c8f657fdc38a81448f6f39cd4ed9f891394c9a6a463e5c5cb7.sdkstatcache -output-file-map /Users/runner/work/orange-cloud/orange-cloud/orange-cloud/apps/ios/Orange\ Cloud/build/Build/Intermediates.noindex/Orange\ Cloud.build/Release-watchos/Orange\ Cloud\ WatchExtension.build/Objects-normal/arm64/Orange\ Cloud\ WatchExtension-OutputFileMap.json -use-frontend-parseable-output -save-temps -no-color-diagnostics -explicit-module-build -module-cache-path /Users/runner/work/orange-cloud/orange-cloud/orange-cloud/apps/ios/Orange\ Cloud/build/Build/Intermediates.noindex/SwiftExplicitPrecompiledModules -clang-scanner-module-cache-path /Users/runner/work/orange-cloud/orange-cloud/orange-cloud/apps/ios/Orange\ Cloud/build/ModuleCache.noindex -sdk-module-cache-path /Users/runner/work/orange-cloud/orange-cloud/orange-cloud/apps/ios/Orange\ Cloud/build/ModuleCache.noindex -serialize-diagnostics -emit-dependencies -emit-module -emit-module-path /Users/runner/work/orange-cloud/orange-cloud/orange-cloud/apps/ios/Orange\ Cloud/build/Build/Intermediates.noindex/Orange\ Cloud.build/Release-watchos/Orange\ Cloud\ WatchExtension.build/Objects-normal/arm64/Orange_Cloud_WatchExtension.swiftmodule -validate-clang-modules-once -clang-build-session-file /Users/runner/work/orange-cloud/orange-cloud/orange-cloud/apps/ios/Orange\ Cloud/build/ModuleCache.noindex/Session.modulevalidation -Xcc -I/Users/runner/work/orange-cloud/orange-cloud/orange-cloud/apps/ios/Orange\ Cloud/build/Build/Intermediates.noindex/Orange\ Cloud.build/Release-watchos/Orange\ Cloud\ WatchExtension.build/swift-overrides.hmap -emit-const-values -Xfrontend -const-gather-protocols-file -Xfrontend /Users/runner/work/orange-cloud/orange-cloud/orange-cloud/apps/ios/Orange\ Cloud/build/Build/Intermediates.noindex/Orange\ Cloud.build/Release-watchos/Orange\ Cloud\ WatchExtension.build/Objects-normal/arm64/Orange\ Cloud\ WatchExtension_const_extract_protocols.json -Xcc -iquote -Xcc /Users/runner/work/orange-cloud/orange-cloud/orange-cloud/apps/ios/Orange\ Cloud/build/Build/Intermediates.noindex/Orange\ Cloud.build/Release-watchos/Orange\ Cloud\ WatchExtension.build/Orange\ Cloud\ WatchExtension-generated-files.hmap -Xcc -I/Users/runner/work/orange-cloud/orange-cloud/orange-cloud/apps/ios/Orange\ Cloud/build/Build/Intermediates.noindex/Orange\ Cloud.build/Release-watchos/Orange\ Cloud\ WatchExtension.build/Orange\ Cloud\ WatchExtension-own-target-headers.hmap -Xcc -I/Users/runner/work/orange-cloud/orange-cloud/orange-cloud/apps/ios/Orange\ Cloud/build/Build/Intermediates.noindex/Orange\ Cloud.build/Release-watchos/Orange\ Cloud\ WatchExtension.build/Orange\ Cloud\ WatchExtension-all-non-framework-target-headers.hmap -Xcc -ivfsoverlay -Xcc /Users/runner/work/orange-cloud/orange-cloud/orange-cloud/apps/ios/Orange\ Cloud/build/Build/Intermediates.noindex/Orange\ Cloud.build/Release-watchos/Orange\ Cloud-caa53a888f9e6677ffee03f20a1a9cdb-VFS-watchos/all-product-headers.yaml -Xcc -iquote -Xcc /Users/runner/work/orange-cloud/orange-cloud/orange-cloud/apps/ios/Orange\ Cloud/build/Build/Intermediates.noindex/Orange\ Cloud.build/Release-watchos/Orange\ Cloud\ WatchExtension.build/Orange\ Cloud\ WatchExtension-project-headers.hmap -Xcc -I/Users/runner/work/orange-cloud/orange-cloud/orange-cloud/apps/ios/Orange\ Cloud/build/Build/Products/Release-watchos/include -Xcc -I/Users/runner/work/orange-cloud/orange-cloud/orange-cloud/apps/ios/Orange\ Cloud/build/Build/Intermediates.noindex/Orange\ Cloud.build/Release-watchos/Orange\ Cloud\ WatchExtension.build/DerivedSources-normal/arm64 -Xcc -I/Users/runner/work/orange-cloud/orange-cloud/orange-cloud/apps/ios/Orange\ Cloud/build/Build/Intermediates.noindex/Orange\ Cloud.build/Release-watchos/Orange\ Cloud\ WatchExtension.build/DerivedSources/arm64 -Xcc -I/Users/runner/work/orange-cloud/orange-cloud/orange-cloud/apps/ios/Orange\ Cloud/build/Build/Intermediates.noindex/Orange\ Cloud.build/Release-watchos/Orange\ Cloud\ WatchExtension.build/DerivedSources -emit-objc-header -emit-objc-header-path /Users/runner/work/orange-cloud/orange-cloud/orange-cloud/apps/ios/Orange\ Cloud/build/Build/Intermediates.noindex/Orange\ Cloud.build/Release-watchos/Orange\ Cloud\ WatchExtension.build/Objects-normal/arm64/Orange_Cloud_WatchExtension-Swift.h -working-directory /Users/runner/work/orange-cloud/orange-cloud/orange-cloud/apps/ios/Orange\ Cloud -no-emit-module-separately-wmo

SwiftDriver Orange\ Cloud\ WatchExtension normal arm64_32 com.apple.xcode.tools.swift.compiler (in target 'Orange Cloud WatchExtension' from project 'Orange Cloud')
    cd /Users/runner/work/orange-cloud/orange-cloud/orange-cloud/apps/ios/Orange\ Cloud
    builtin-SwiftDriver -- /Applications/Xcode_26.6.app/Contents/Developer/Toolchains/XcodeDefault.xctoolchain/usr/bin/swiftc -module-name Orange_Cloud_WatchExtension -O -whole-module-optimization @/Users/runner/work/orange-cloud/orange-cloud/orange-cloud/apps/ios/Orange\ Cloud/build/Build/Intermediates.noindex/Orange\ Cloud.build/Release-watchos/Orange\ Cloud\ WatchExtension.build/Objects-normal/arm64_32/Orange\ Cloud\ WatchExtension.SwiftFileList -DOPENSOURCE_UNLOCKED -D OPENSOURCE_UNLOCKED -enable-bare-slash-regex -enable-upcoming-feature DisableOutwardActorInference -enable-upcoming-feature InferSendableFromCaptures -enable-upcoming-feature GlobalActorIsolatedTypesUsability -enable-upcoming-feature MemberImportVisibility -enable-upcoming-feature InferIsolatedConformances -enable-upcoming-feature NonisolatedNonsendingByDefault -enable-experimental-feature DebugDescriptionMacro -sdk /Applications/Xcode_26.6.app/Contents/Developer/Platforms/WatchOS.platform/Developer/SDKs/WatchOS26.5.sdk -target arm64_32-apple-watchos10.6 -g -module-cache-path /Users/runner/work/orange-cloud/orange-cloud/orange-cloud/apps/ios/Orange\ Cloud/build/ModuleCache.noindex -Xfrontend -serialize-debugging-options -application-extension -swift-version 5 -I /Users/runner/work/orange-cloud/orange-cloud/orange-cloud/apps/ios/Orange\ Cloud/build/Build/Products/Release-watchos -F /Users/runner/work/orange-cloud/orange-cloud/orange-cloud/apps/ios/Orange\ Cloud/build/Build/Products/Release-watchos -emit-localized-strings -emit-localized-strings-path /Users/runner/work/orange-cloud/orange-cloud/orange-cloud/apps/ios/Orange\ Cloud/build/Build/Intermediates.noindex/Orange\ Cloud.build/Release-watchos/Orange\ Cloud\ WatchExtension.build/Objects-normal/arm64_32 -c -num-threads 3 -Xcc -ivfsstatcache -Xcc /Users/runner/work/orange-cloud/orange-cloud/orange-cloud/apps/ios/Orange\ Cloud/build/SDKStatCaches.noindex/watchos26.5-23T570-688ef53f1462e2c8f657fdc38a81448f6f39cd4ed9f891394c9a6a463e5c5cb7.sdkstatcache -output-file-map /Users/runner/work/orange-cloud/orange-cloud/orange-cloud/apps/ios/Orange\ Cloud/build/Build/Intermediates.noindex/Orange\ Cloud.build/Release-watchos/Orange\ Cloud\ WatchExtension.build/Objects-normal/arm64_32/Orange\ Cloud\ WatchExtension-OutputFileMap.json -use-frontend-parseable-output -save-temps -no-color-diagnostics -explicit-module-build -module-cache-path /Users/runner/work/orange-cloud/orange-cloud/orange-cloud/apps/ios/Orange\ Cloud/build/Build/Intermediates.noindex/SwiftExplicitPrecompiledModules -clang-scanner-module-cache-path /Users/runner/work/orange-cloud/orange-cloud/orange-cloud/apps/ios/Orange\ Cloud/build/ModuleCache.noindex -sdk-module-cache-path /Users/runner/work/orange-cloud/orange-cloud/orange-cloud/apps/ios/Orange\ Cloud/build/ModuleCache.noindex -serialize-diagnostics -emit-dependencies -emit-module -emit-module-path /Users/runner/work/orange-cloud/orange-cloud/orange-cloud/apps/ios/Orange\ Cloud/build/Build/Intermediates.noindex/Orange\ Cloud.build/Release-watchos/Orange\ Cloud\ WatchExtension.build/Objects-normal/arm64_32/Orange_Cloud_WatchExtension.swiftmodule -validate-clang-modules-once -clang-build-session-file /Users/runner/work/orange-cloud/orange-cloud/orange-cloud/apps/ios/Orange\ Cloud/build/ModuleCache.noindex/Session.modulevalidation -Xcc -I/Users/runner/work/orange-cloud/orange-cloud/orange-cloud/apps/ios/Orange\ Cloud/build/Build/Intermediates.noindex/Orange\ Cloud.build/Release-watchos/Orange\ Cloud\ WatchExtension.build/swift-overrides.hmap -emit-const-values -Xfrontend -const-gather-protocols-file -Xfrontend /Users/runner/work/orange-cloud/orange-cloud/orange-cloud/apps/ios/Orange\ Cloud/build/Build/Intermediates.noindex/Orange\ Cloud.build/Release-watchos/Orange\ Cloud\ WatchExtension.build/Objects-normal/arm64_32/Orange\ Cloud\ WatchExtension_const_extract_protocols.json -Xcc -iquote -Xcc /Users/runner/work/orange-cloud/orange-cloud/orange-cloud/apps/ios/Orange\ Cloud/build/Build/Intermediates.noindex/Orange\ Cloud.build/Release-watchos/Orange\ Cloud\ WatchExtension.build/Orange\ Cloud\ WatchExtension-generated-files.hmap -Xcc -I/Users/runner/work/orange-cloud/orange-cloud/orange-cloud/apps/ios/Orange\ Cloud/build/Build/Intermediates.noindex/Orange\ Cloud.build/Release-watchos/Orange\ Cloud\ WatchExtension.build/Orange\ Cloud\ WatchExtension-own-target-headers.hmap -Xcc -I/Users/runner/work/orange-cloud/orange-cloud/orange-cloud/apps/ios/Orange\ Cloud/build/Build/Intermediates.noindex/Orange\ Cloud.build/Release-watchos/Orange\ Cloud\ WatchExtension.build/Orange\ Cloud\ WatchExtension-all-non-framework-target-headers.hmap -Xcc -ivfsoverlay -Xcc /Users/runner/work/orange-cloud/orange-cloud/orange-cloud/apps/ios/Orange\ Cloud/build/Build/Intermediates.noindex/Orange\ Cloud.build/Release-watchos/Orange\ Cloud-caa53a888f9e6677ffee03f20a1a9cdb-VFS-watchos/all-product-headers.yaml -Xcc -iquote -Xcc /Users/runner/work/orange-cloud/orange-cloud/orange-cloud/apps/ios/Orange\ Cloud/build/Build/Intermediates.noindex/Orange\ Cloud.build/Release-watchos/Orange\ Cloud\ WatchExtension.build/Orange\ Cloud\ WatchExtension-project-headers.hmap -Xcc -I/Users/runner/work/orange-cloud/orange-cloud/orange-cloud/apps/ios/Orange\ Cloud/build/Build/Products/Release-watchos/include -Xcc -I/Users/runner/work/orange-cloud/orange-cloud/orange-cloud/apps/ios/Orange\ Cloud/build/Build/Intermediates.noindex/Orange\ Cloud.build/Release-watchos/Orange\ Cloud\ WatchExtension.build/DerivedSources-normal/arm64_32 -Xcc -I/Users/runner/work/orange-cloud/orange-cloud/orange-cloud/apps/ios/Orange\ Cloud/build/Build/Intermediates.noindex/Orange\ Cloud.build/Release-watchos/Orange\ Cloud\ WatchExtension.build/DerivedSources/arm64_32 -Xcc -I/Users/runner/work/orange-cloud/orange-cloud/orange-cloud/apps/ios/Orange\ Cloud/build/Build/Intermediates.noindex/Orange\ Cloud.build/Release-watchos/Orange\ Cloud\ WatchExtension.build/DerivedSources -emit-objc-header -emit-objc-header-path /Users/runner/work/orange-cloud/orange-cloud/orange-cloud/apps/ios/Orange\ Cloud/build/Build/Intermediates.noindex/Orange\ Cloud.build/Release-watchos/Orange\ Cloud\ WatchExtension.build/Objects-normal/arm64_32/Orange_Cloud_WatchExtension-Swift.h -working-directory /Users/runner/work/orange-cloud/orange-cloud/orange-cloud/apps/ios/Orange\ Cloud -no-emit-module-separately-wmo

SwiftDriver notification normal arm64 com.apple.xcode.tools.swift.compiler (in target 'notification' from project 'Orange Cloud')
    cd /Users/runner/work/orange-cloud/orange-cloud/orange-cloud/apps/ios/Orange\ Cloud
    builtin-SwiftDriver -- /Applications/Xcode_26.6.app/Contents/Developer/Toolchains/XcodeDefault.xctoolchain/usr/bin/swiftc -module-name notification -O -whole-module-optimization @/Users/runner/work/orange-cloud/orange-cloud/orange-cloud/apps/ios/Orange\ Cloud/build/Build/Intermediates.noindex/Orange\ Cloud.build/Release-iphoneos/notification.build/Objects-normal/arm64/notification.SwiftFileList -DOPENSOURCE_UNLOCKED -D OPENSOURCE_UNLOCKED -enable-bare-slash-regex -enable-upcoming-feature DisableOutwardActorInference -enable-upcoming-feature InferSendableFromCaptures -enable-upcoming-feature GlobalActorIsolatedTypesUsability -enable-upcoming-feature MemberImportVisibility -enable-upcoming-feature InferIsolatedConformances -enable-upcoming-feature NonisolatedNonsendingByDefault -enable-experimental-feature DebugDescriptionMacro -sdk /Applications/Xcode_26.6.app/Contents/Developer/Platforms/iPhoneOS.platform/Developer/SDKs/iPhoneOS26.5.sdk -target arm64-apple-ios17.0 -g -module-cache-path /Users/runner/work/orange-cloud/orange-cloud/orange-cloud/apps/ios/Orange\ Cloud/build/ModuleCache.noindex -Xfrontend -serialize-debugging-options -application-extension -swift-version 5 -I /Users/runner/work/orange-cloud/orange-cloud/orange-cloud/apps/ios/Orange\ Cloud/build/Build/Products/Release-iphoneos -F /Users/runner/work/orange-cloud/orange-cloud/orange-cloud/apps/ios/Orange\ Cloud/build/Build/Products/Release-iphoneos -emit-localized-strings -emit-localized-strings-path /Users/runner/work/orange-cloud/orange-cloud/orange-cloud/apps/ios/Orange\ Cloud/build/Build/Intermediates.noindex/Orange\ Cloud.build/Release-iphoneos/notification.build/Objects-normal/arm64 -c -num-threads 3 -Xcc -ivfsstatcache -Xcc /Users/runner/work/orange-cloud/orange-cloud/orange-cloud/apps/ios/Orange\ Cloud/build/SDKStatCaches.noindex/iphoneos26.5-23F81a-688ef53f1462e2c8f657fdc38a81448fee66e23052a0157c865c76b268046726.sdkstatcache -output-file-map /Users/runner/work/orange-cloud/orange-cloud/orange-cloud/apps/ios/Orange\ Cloud/build/Build/Intermediates.noindex/Orange\ Cloud.build/Release-iphoneos/notification.build/Objects-normal/arm64/notification-OutputFileMap.json -use-frontend-parseable-output -save-temps -no-color-diagnostics -explicit-module-build -module-cache-path /Users/runner/work/orange-cloud/orange-cloud/orange-cloud/apps/ios/Orange\ Cloud/build/Build/Intermediates.noindex/SwiftExplicitPrecompiledModules -clang-scanner-module-cache-path /Users/runner/work/orange-cloud/orange-cloud/orange-cloud/apps/ios/Orange\ Cloud/build/ModuleCache.noindex -sdk-module-cache-path /Users/runner/work/orange-cloud/orange-cloud/orange-cloud/apps/ios/Orange\ Cloud/build/ModuleCache.noindex -serialize-diagnostics -emit-dependencies -emit-module -emit-module-path /Users/runner/work/orange-cloud/orange-cloud/orange-cloud/apps/ios/Orange\ Cloud/build/Build/Intermediates.noindex/Orange\ Cloud.build/Release-iphoneos/notification.build/Objects-normal/arm64/notification.swiftmodule -validate-clang-modules-once -clang-build-session-file /Users/runner/work/orange-cloud/orange-cloud/orange-cloud/apps/ios/Orange\ Cloud/build/ModuleCache.noindex/Session.modulevalidation -Xcc -I/Users/runner/work/orange-cloud/orange-cloud/orange-cloud/apps/ios/Orange\ Cloud/build/Build/Intermediates.noindex/Orange\ Cloud.build/Release-iphoneos/notification.build/swift-overrides.hmap -emit-const-values -Xfrontend -const-gather-protocols-file -Xfrontend /Users/runner/work/orange-cloud/orange-cloud/orange-cloud/apps/ios/Orange\ Cloud/build/Build/Intermediates.noindex/Orange\ Cloud.build/Release-iphoneos/notification.build/Objects-normal/arm64/notification_const_extract_protocols.json -Xcc -iquote -Xcc /Users/runner/work/orange-cloud/orange-cloud/orange-cloud/apps/ios/Orange\ Cloud/build/Build/Intermediates.noindex/Orange\ Cloud.build/Release-iphoneos/notification.build/notification-generated-files.hmap -Xcc -I/Users/runner/work/orange-cloud/orange-cloud/orange-cloud/apps/ios/Orange\ Cloud/build/Build/Intermediates.noindex/Orange\ Cloud.build/Release-iphoneos/notification.build/notification-own-target-headers.hmap -Xcc -I/Users/runner/work/orange-cloud/orange-cloud/orange-cloud/apps/ios/Orange\ Cloud/build/Build/Intermediates.noindex/Orange\ Cloud.build/Release-iphoneos/notification.build/notification-all-non-framework-target-headers.hmap -Xcc -ivfsoverlay -Xcc /Users/runner/work/orange-cloud/orange-cloud/orange-cloud/apps/ios/Orange\ Cloud/build/Build/Intermediates.noindex/Orange\ Cloud.build/Release-iphoneos/Orange\ Cloud-caa53a888f9e6677ffee03f20a1a9cdb-VFS-iphoneos/all-product-headers.yaml -Xcc -iquote -Xcc /Users/runner/work/orange-cloud/orange-cloud/orange-cloud/apps/ios/Orange\ Cloud/build/Build/Intermediates.noindex/Orange\ Cloud.build/Release-iphoneos/notification.build/notification-project-headers.hmap -Xcc -I/Users/runner/work/orange-cloud/orange-cloud/orange-cloud/apps/ios/Orange\ Cloud/build/Build/Products/Release-iphoneos/include -Xcc -I/Users/runner/work/orange-cloud/orange-cloud/orange-cloud/apps/ios/Orange\ Cloud/build/Build/Intermediates.noindex/Orange\ Cloud.build/Release-iphoneos/notification.build/DerivedSources-normal/arm64 -Xcc -I/Users/runner/work/orange-cloud/orange-cloud/orange-cloud/apps/ios/Orange\ Cloud/build/Build/Intermediates.noindex/Orange\ Cloud.build/Release-iphoneos/notification.build/DerivedSources/arm64 -Xcc -I/Users/runner/work/orange-cloud/orange-cloud/orange-cloud/apps/ios/Orange\ Cloud/build/Build/Intermediates.noindex/Orange\ Cloud.build/Release-iphoneos/notification.build/DerivedSources -emit-objc-header -emit-objc-header-path /Users/runner/work/orange-cloud/orange-cloud/orange-cloud/apps/ios/Orange\ Cloud/build/Build/Intermediates.noindex/Orange\ Cloud.build/Release-iphoneos/notification.build/Objects-normal/arm64/notification-Swift.h -working-directory /Users/runner/work/orange-cloud/orange-cloud/orange-cloud/apps/ios/Orange\ Cloud -no-emit-module-separately-wmo

SwiftDriver SentryCppHelper normal arm64 com.apple.xcode.tools.swift.compiler (in target 'SentryCppHelper' from project 'Sentry')
    cd /Users/runner/work/orange-cloud/orange-cloud/orange-cloud/apps/ios/Orange\ Cloud/Orange\ Cloud.xcodeproj
    builtin-SwiftDriver -- /Applications/Xcode_26.6.app/Contents/Developer/Toolchains/XcodeDefault.xctoolchain/usr/bin/swiftc -module-name SentryCppHelper -O -whole-module-optimization @/Users/runner/work/orange-cloud/orange-cloud/orange-cloud/apps/ios/Orange\ Cloud/build/Build/Intermediates.noindex/Sentry.build/Release-iphoneos/SentryCppHelper.build/Objects-normal/arm64/SentryCppHelper.SwiftFileList -DSWIFT_PACKAGE -DSWIFT_MODULE_RESOURCE_BUNDLE_UNAVAILABLE -DOPENSOURCE_UNLOCKED -DXcode -D OPENSOURCE_UNLOCKED -plugin-path /Applications/Xcode_26.6.app/Contents/Developer/Toolchains/XcodeDefault.xctoolchain/usr/lib/swift/host/plugins/testing -enable-experimental-feature DebugDescriptionMacro -sdk /Applications/Xcode_26.6.app/Contents/Developer/Platforms/iPhoneOS.platform/Developer/SDKs/iPhoneOS26.5.sdk -target arm64-apple-ios12.0 -g -module-cache-path /Users/runner/work/orange-cloud/orange-cloud/orange-cloud/apps/ios/Orange\ Cloud/build/ModuleCache.noindex -Xfrontend -serialize-debugging-options -suppress-warnings -swift-version 5 -I /Users/runner/work/orange-cloud/orange-cloud/orange-cloud/apps/ios/Orange\ Cloud/build/Build/Products/Release-iphoneos -Isystem /Applications/Xcode_26.6.app/Contents/Developer/Platforms/iPhoneOS.platform/Developer/usr/lib -F /Users/runner/work/orange-cloud/orange-cloud/orange-cloud/apps/ios/Orange\ Cloud/build/Build/Products/Release-iphoneos -F /Applications/Xcode_26.6.app/Contents/Developer/Platforms/iPhoneOS.platform/Developer/Library/Frameworks -F /Applications/Xcode_26.6.app/Contents/Developer/Platforms/iPhoneOS.platform/Developer/SDKs/iPhoneOS26.5.sdk/Developer/Library/Frameworks -parse-as-library -c -num-threads 3 -Xcc -ivfsstatcache -Xcc /Users/runner/work/orange-cloud/orange-cloud/orange-cloud/apps/ios/Orange\ Cloud/build/SDKStatCaches.noindex/iphoneos26.5-23F81a-688ef53f1462e2c8f657fdc38a81448fee66e23052a0157c865c76b268046726.sdkstatcache -output-file-map /Users/runner/work/orange-cloud/orange-cloud/orange-cloud/apps/ios/Orange\ Cloud/build/Build/Intermediates.noindex/Sentry.build/Release-iphoneos/SentryCppHelper.build/Objects-normal/arm64/SentryCppHelper-OutputFileMap.json -use-frontend-parseable-output -save-temps -no-color-diagnostics -explicit-module-build -module-cache-path /Users/runner/work/orange-cloud/orange-cloud/orange-cloud/apps/ios/Orange\ Cloud/build/Build/Intermediates.noindex/SwiftExplicitPrecompiledModules -clang-scanner-module-cache-path /Users/runner/work/orange-cloud/orange-cloud/orange-cloud/apps/ios/Orange\ Cloud/build/ModuleCache.noindex -sdk-module-cache-path /Users/runner/work/orange-cloud/orange-cloud/orange-cloud/apps/ios/Orange\ Cloud/build/ModuleCache.noindex -serialize-diagnostics -emit-dependencies -emit-module -emit-module-path /Users/runner/work/orange-cloud/orange-cloud/orange-cloud/apps/ios/Orange\ Cloud/build/Build/Intermediates.noindex/Sentry.build/Release-iphoneos/SentryCppHelper.build/Objects-normal/arm64/SentryCppHelper.swiftmodule -user-module-version 8.58.3 -validate-clang-modules-once -clang-build-session-file /Users/runner/work/orange-cloud/orange-cloud/orange-cloud/apps/ios/Orange\ Cloud/build/ModuleCache.noindex/Session.modulevalidation -package-name sentry_cocoa -Xcc -I/Users/runner/work/orange-cloud/orange-cloud/orange-cloud/apps/ios/Orange\ Cloud/build/Build/Intermediates.noindex/Sentry.build/Release-iphoneos/SentryCppHelper.build/swift-overrides.hmap -emit-const-values -Xfrontend -const-gather-protocols-file -Xfrontend /Users/runner/work/orange-cloud/orange-cloud/orange-cloud/apps/ios/Orange\ Cloud/build/Build/Intermediates.noindex/Sentry.build/Release-iphoneos/SentryCppHelper.build/Objects-normal/arm64/SentryCppHelper_const_extract_protocols.json -Xcc -I/Users/runner/work/orange-cloud/orange-cloud/orange-cloud/apps/ios/Orange\ Cloud/build/Build/Products/Release-iphoneos/include -Xcc -I/Users/runner/work/orange-cloud/orange-cloud/orange-cloud/apps/ios/Orange\ Cloud/build/Build/Intermediates.noindex/Sentry.build/Release-iphoneos/SentryCppHelper.build/DerivedSources-normal/arm64 -Xcc -I/Users/runner/work/orange-cloud/orange-cloud/orange-cloud/apps/ios/Orange\ Cloud/build/Build/Intermediates.noindex/Sentry.build/Release-iphoneos/SentryCppHelper.build/DerivedSources/arm64 -Xcc -I/Users/runner/work/orange-cloud/orange-cloud/orange-cloud/apps/ios/Orange\ Cloud/build/Build/Intermediates.noindex/Sentry.build/Release-iphoneos/SentryCppHelper.build/DerivedSources -Xcc -DSWIFT_PACKAGE -emit-objc-header -emit-objc-header-path /Users/runner/work/orange-cloud/orange-cloud/orange-cloud/apps/ios/Orange\ Cloud/build/Build/Intermediates.noindex/Sentry.build/Release-iphoneos/SentryCppHelper.build/Objects-normal/arm64/SentryCppHelper-Swift.h -working-directory /Users/runner/work/orange-cloud/orange-cloud/orange-cloud/apps/ios/Orange\ Cloud/Orange\ Cloud.xcodeproj -no-emit-module-separately-wmo

SwiftDriver OrangeCloudWidgetsExtension normal arm64 com.apple.xcode.tools.swift.compiler (in target 'OrangeCloudWidgetsExtension' from project 'Orange Cloud')
    cd /Users/runner/work/orange-cloud/orange-cloud/orange-cloud/apps/ios/Orange\ Cloud
    builtin-SwiftDriver -- /Applications/Xcode_26.6.app/Contents/Developer/Toolchains/XcodeDefault.xctoolchain/usr/bin/swiftc -module-name OrangeCloudWidgetsExtension -O -whole-module-optimization @/Users/runner/work/orange-cloud/orange-cloud/orange-cloud/apps/ios/Orange\ Cloud/build/Build/Intermediates.noindex/Orange\ Cloud.build/Release-iphoneos/OrangeCloudWidgetsExtension.build/Objects-normal/arm64/OrangeCloudWidgetsExtension.SwiftFileList -DOPENSOURCE_UNLOCKED -D OPENSOURCE_UNLOCKED -default-isolation\=MainActor -enable-bare-slash-regex -enable-upcoming-feature DisableOutwardActorInference -enable-upcoming-feature InferSendableFromCaptures -enable-upcoming-feature GlobalActorIsolatedTypesUsability -enable-upcoming-feature MemberImportVisibility -enable-upcoming-feature InferIsolatedConformances -enable-upcoming-feature NonisolatedNonsendingByDefault -enable-experimental-feature DebugDescriptionMacro -sdk /Applications/Xcode_26.6.app/Contents/Developer/Platforms/iPhoneOS.platform/Developer/SDKs/iPhoneOS26.5.sdk -target arm64-apple-ios17.0 -g -module-cache-path /Users/runner/work/orange-cloud/orange-cloud/orange-cloud/apps/ios/Orange\ Cloud/build/ModuleCache.noindex -Xfrontend -serialize-debugging-options -application-extension -swift-version 5 -I /Users/runner/work/orange-cloud/orange-cloud/orange-cloud/apps/ios/Orange\ Cloud/build/Build/Products/Release-iphoneos -F /Users/runner/work/orange-cloud/orange-cloud/orange-cloud/apps/ios/Orange\ Cloud/build/Build/Products/Release-iphoneos -emit-localized-strings -emit-localized-strings-path /Users/runner/work/orange-cloud/orange-cloud/orange-cloud/apps/ios/Orange\ Cloud/build/Build/Intermediates.noindex/Orange\ Cloud.build/Release-iphoneos/OrangeCloudWidgetsExtension.build/Objects-normal/arm64 -c -num-threads 3 -Xcc -ivfsstatcache -Xcc /Users/runner/work/orange-cloud/orange-cloud/orange-cloud/apps/ios/Orange\ Cloud/build/SDKStatCaches.noindex/iphoneos26.5-23F81a-688ef53f1462e2c8f657fdc38a81448fee66e23052a0157c865c76b268046726.sdkstatcache -output-file-map /Users/runner/work/orange-cloud/orange-cloud/orange-cloud/apps/ios/Orange\ Cloud/build/Build/Intermediates.noindex/Orange\ Cloud.build/Release-iphoneos/OrangeCloudWidgetsExtension.build/Objects-normal/arm64/OrangeCloudWidgetsExtension-OutputFileMap.json -use-frontend-parseable-output -save-temps -no-color-diagnostics -explicit-module-build -module-cache-path /Users/runner/work/orange-cloud/orange-cloud/orange-cloud/apps/ios/Orange\ Cloud/build/Build/Intermediates.noindex/SwiftExplicitPrecompiledModules -clang-scanner-module-cache-path /Users/runner/work/orange-cloud/orange-cloud/orange-cloud/apps/ios/Orange\ Cloud/build/ModuleCache.noindex -sdk-module-cache-path /Users/runner/work/orange-cloud/orange-cloud/orange-cloud/apps/ios/Orange\ Cloud/build/ModuleCache.noindex -serialize-diagnostics -emit-dependencies -emit-module -emit-module-path /Users/runner/work/orange-cloud/orange-cloud/orange-cloud/apps/ios/Orange\ Cloud/build/Build/Intermediates.noindex/Orange\ Cloud.build/Release-iphoneos/OrangeCloudWidgetsExtension.build/Objects-normal/arm64/OrangeCloudWidgetsExtension.swiftmodule -validate-clang-modules-once -clang-build-session-file /Users/runner/work/orange-cloud/orange-cloud/orange-cloud/apps/ios/Orange\ Cloud/build/ModuleCache.noindex/Session.modulevalidation -Xcc -I/Users/runner/work/orange-cloud/orange-cloud/orange-cloud/apps/ios/Orange\ Cloud/build/Build/Intermediates.noindex/Orange\ Cloud.build/Release-iphoneos/OrangeCloudWidgetsExtension.build/swift-overrides.hmap -emit-const-values -Xfrontend -const-gather-protocols-file -Xfrontend /Users/runner/work/orange-cloud/orange-cloud/orange-cloud/apps/ios/Orange\ Cloud/build/Build/Intermediates.noindex/Orange\ Cloud.build/Release-iphoneos/OrangeCloudWidgetsExtension.build/Objects-normal/arm64/OrangeCloudWidgetsExtension_const_extract_protocols.json -Xcc -iquote -Xcc /Users/runner/work/orange-cloud/orange-cloud/orange-cloud/apps/ios/Orange\ Cloud/build/Build/Intermediates.noindex/Orange\ Cloud.build/Release-iphoneos/OrangeCloudWidgetsExtension.build/OrangeCloudWidgetsExtension-generated-files.hmap -Xcc -I/Users/runner/work/orange-cloud/orange-cloud/orange-cloud/apps/ios/Orange\ Cloud/build/Build/Intermediates.noindex/Orange\ Cloud.build/Release-iphoneos/OrangeCloudWidgetsExtension.build/OrangeCloudWidgetsExtension-own-target-headers.hmap -Xcc -I/Users/runner/work/orange-cloud/orange-cloud/orange-cloud/apps/ios/Orange\ Cloud/build/Build/Intermediates.noindex/Orange\ Cloud.build/Release-iphoneos/OrangeCloudWidgetsExtension.build/OrangeCloudWidgetsExtension-all-non-framework-target-headers.hmap -Xcc -ivfsoverlay -Xcc /Users/runner/work/orange-cloud/orange-cloud/orange-cloud/apps/ios/Orange\ Cloud/build/Build/Intermediates.noindex/Orange\ Cloud.build/Release-iphoneos/Orange\ Cloud-caa53a888f9e6677ffee03f20a1a9cdb-VFS-iphoneos/all-product-headers.yaml -Xcc -iquote -Xcc /Users/runner/work/orange-cloud/orange-cloud/orange-cloud/apps/ios/Orange\ Cloud/build/Build/Intermediates.noindex/Orange\ Cloud.build/Release-iphoneos/OrangeCloudWidgetsExtension.build/OrangeCloudWidgetsExtension-project-headers.hmap -Xcc -I/Users/runner/work/orange-cloud/orange-cloud/orange-cloud/apps/ios/Orange\ Cloud/build/Build/Products/Release-iphoneos/include -Xcc -I/Users/runner/work/orange-cloud/orange-cloud/orange-cloud/apps/ios/Orange\ Cloud/build/Build/Intermediates.noindex/Orange\ Cloud.build/Release-iphoneos/OrangeCloudWidgetsExtension.build/DerivedSources-normal/arm64 -Xcc -I/Users/runner/work/orange-cloud/orange-cloud/orange-cloud/apps/ios/Orange\ Cloud/build/Build/Intermediates.noindex/Orange\ Cloud.build/Release-iphoneos/OrangeCloudWidgetsExtension.build/DerivedSources/arm64 -Xcc -I/Users/runner/work/orange-cloud/orange-cloud/orange-cloud/apps/ios/Orange\ Cloud/build/Build/Intermediates.noindex/Orange\ Cloud.build/Release-iphoneos/OrangeCloudWidgetsExtension.build/DerivedSources -emit-objc-header -emit-objc-header-path /Users/runner/work/orange-cloud/orange-cloud/orange-cloud/apps/ios/Orange\ Cloud/build/Build/Intermediates.noindex/Orange\ Cloud.build/Release-iphoneos/OrangeCloudWidgetsExtension.build/Objects-normal/arm64/OrangeCloudWidgetsExtension-Swift.h -working-directory /Users/runner/work/orange-cloud/orange-cloud/orange-cloud/apps/ios/Orange\ Cloud -no-emit-module-separately-wmo

SwiftDriver Orange\ Cloud\ File normal arm64 com.apple.xcode.tools.swift.compiler (in target 'Orange Cloud File' from project 'Orange Cloud')
    cd /Users/runner/work/orange-cloud/orange-cloud/orange-cloud/apps/ios/Orange\ Cloud
    builtin-SwiftDriver -- /Applications/Xcode_26.6.app/Contents/Developer/Toolchains/XcodeDefault.xctoolchain/usr/bin/swiftc -module-name Orange_Cloud_File -O -whole-module-optimization @/Users/runner/work/orange-cloud/orange-cloud/orange-cloud/apps/ios/Orange\ Cloud/build/Build/Intermediates.noindex/Orange\ Cloud.build/Release-iphoneos/Orange\ Cloud\ File.build/Objects-normal/arm64/Orange\ Cloud\ File.SwiftFileList -DOPENSOURCE_UNLOCKED -D OPENSOURCE_UNLOCKED -enable-bare-slash-regex -enable-upcoming-feature DisableOutwardActorInference -enable-upcoming-feature InferSendableFromCaptures -enable-upcoming-feature GlobalActorIsolatedTypesUsability -enable-upcoming-feature MemberImportVisibility -enable-upcoming-feature InferIsolatedConformances -enable-upcoming-feature NonisolatedNonsendingByDefault -enable-experimental-feature DebugDescriptionMacro -sdk /Applications/Xcode_26.6.app/Contents/Developer/Platforms/iPhoneOS.platform/Developer/SDKs/iPhoneOS26.5.sdk -target arm64-apple-ios17.0 -g -module-cache-path /Users/runner/work/orange-cloud/orange-cloud/orange-cloud/apps/ios/Orange\ Cloud/build/ModuleCache.noindex -Xfrontend -serialize-debugging-options -application-extension -swift-version 5 -I /Users/runner/work/orange-cloud/orange-cloud/orange-cloud/apps/ios/Orange\ Cloud/build/Build/Products/Release-iphoneos -F /Users/runner/work/orange-cloud/orange-cloud/orange-cloud/apps/ios/Orange\ Cloud/build/Build/Products/Release-iphoneos -emit-localized-strings -emit-localized-strings-path /Users/runner/work/orange-cloud/orange-cloud/orange-cloud/apps/ios/Orange\ Cloud/build/Build/Intermediates.noindex/Orange\ Cloud.build/Release-iphoneos/Orange\ Cloud\ File.build/Objects-normal/arm64 -c -num-threads 3 -Xcc -ivfsstatcache -Xcc /Users/runner/work/orange-cloud/orange-cloud/orange-cloud/apps/ios/Orange\ Cloud/build/SDKStatCaches.noindex/iphoneos26.5-23F81a-688ef53f1462e2c8f657fdc38a81448fee66e23052a0157c865c76b268046726.sdkstatcache -output-file-map /Users/runner/work/orange-cloud/orange-cloud/orange-cloud/apps/ios/Orange\ Cloud/build/Build/Intermediates.noindex/Orange\ Cloud.build/Release-iphoneos/Orange\ Cloud\ File.build/Objects-normal/arm64/Orange\ Cloud\ File-OutputFileMap.json -use-frontend-parseable-output -save-temps -no-color-diagnostics -explicit-module-build -module-cache-path /Users/runner/work/orange-cloud/orange-cloud/orange-cloud/apps/ios/Orange\ Cloud/build/Build/Intermediates.noindex/SwiftExplicitPrecompiledModules -clang-scanner-module-cache-path /Users/runner/work/orange-cloud/orange-cloud/orange-cloud/apps/ios/Orange\ Cloud/build/ModuleCache.noindex -sdk-module-cache-path /Users/runner/work/orange-cloud/orange-cloud/orange-cloud/apps/ios/Orange\ Cloud/build/ModuleCache.noindex -serialize-diagnostics -emit-dependencies -emit-module -emit-module-path /Users/runner/work/orange-cloud/orange-cloud/orange-cloud/apps/ios/Orange\ Cloud/build/Build/Intermediates.noindex/Orange\ Cloud.build/Release-iphoneos/Orange\ Cloud\ File.build/Objects-normal/arm64/Orange_Cloud_File.swiftmodule -validate-clang-modules-once -clang-build-session-file /Users/runner/work/orange-cloud/orange-cloud/orange-cloud/apps/ios/Orange\ Cloud/build/ModuleCache.noindex/Session.modulevalidation -Xcc -I/Users/runner/work/orange-cloud/orange-cloud/orange-cloud/apps/ios/Orange\ Cloud/build/Build/Intermediates.noindex/Orange\ Cloud.build/Release-iphoneos/Orange\ Cloud\ File.build/swift-overrides.hmap -emit-const-values -Xfrontend -const-gather-protocols-file -Xfrontend /Users/runner/work/orange-cloud/orange-cloud/orange-cloud/apps/ios/Orange\ Cloud/build/Build/Intermediates.noindex/Orange\ Cloud.build/Release-iphoneos/Orange\ Cloud\ File.build/Objects-normal/arm64/Orange\ Cloud\ File_const_extract_protocols.json -Xcc -iquote -Xcc /Users/runner/work/orange-cloud/orange-cloud/orange-cloud/apps/ios/Orange\ Cloud/build/Build/Intermediates.noindex/Orange\ Cloud.build/Release-iphoneos/Orange\ Cloud\ File.build/Orange\ Cloud\ File-generated-files.hmap -Xcc -I/Users/runner/work/orange-cloud/orange-cloud/orange-cloud/apps/ios/Orange\ Cloud/build/Build/Intermediates.noindex/Orange\ Cloud.build/Release-iphoneos/Orange\ Cloud\ File.build/Orange\ Cloud\ File-own-target-headers.hmap -Xcc -I/Users/runner/work/orange-cloud/orange-cloud/orange-cloud/apps/ios/Orange\ Cloud/build/Build/Intermediates.noindex/Orange\ Cloud.build/Release-iphoneos/Orange\ Cloud\ File.build/Orange\ Cloud\ File-all-non-framework-target-headers.hmap -Xcc -ivfsoverlay -Xcc /Users/runner/work/orange-cloud/orange-cloud/orange-cloud/apps/ios/Orange\ Cloud/build/Build/Intermediates.noindex/Orange\ Cloud.build/Release-iphoneos/Orange\ Cloud-caa53a888f9e6677ffee03f20a1a9cdb-VFS-iphoneos/all-product-headers.yaml -Xcc -iquote -Xcc /Users/runner/work/orange-cloud/orange-cloud/orange-cloud/apps/ios/Orange\ Cloud/build/Build/Intermediates.noindex/Orange\ Cloud.build/Release-iphoneos/Orange\ Cloud\ File.build/Orange\ Cloud\ File-project-headers.hmap -Xcc -I/Users/runner/work/orange-cloud/orange-cloud/orange-cloud/apps/ios/Orange\ Cloud/build/Build/Products/Release-iphoneos/include -Xcc -I/Users/runner/work/orange-cloud/orange-cloud/orange-cloud/apps/ios/Orange\ Cloud/build/Build/Intermediates.noindex/Orange\ Cloud.build/Release-iphoneos/Orange\ Cloud\ File.build/DerivedSources-normal/arm64 -Xcc -I/Users/runner/work/orange-cloud/orange-cloud/orange-cloud/apps/ios/Orange\ Cloud/build/Build/Intermediates.noindex/Orange\ Cloud.build/Release-iphoneos/Orange\ Cloud\ File.build/DerivedSources/arm64 -Xcc -I/Users/runner/work/orange-cloud/orange-cloud/orange-cloud/apps/ios/Orange\ Cloud/build/Build/Intermediates.noindex/Orange\ Cloud.build/Release-iphoneos/Orange\ Cloud\ File.build/DerivedSources -emit-objc-header -emit-objc-header-path /Users/runner/work/orange-cloud/orange-cloud/orange-cloud/apps/ios/Orange\ Cloud/build/Build/Intermediates.noindex/Orange\ Cloud.build/Release-iphoneos/Orange\ Cloud\ File.build/Objects-normal/arm64/Orange_Cloud_File-Swift.h -working-directory /Users/runner/work/orange-cloud/orange-cloud/orange-cloud/apps/ios/Orange\ Cloud -no-emit-module-separately-wmo

SwiftExplicitDependencyGeneratePcm arm64 /Users/runner/work/orange-cloud/orange-cloud/orange-cloud/apps/ios/Orange\ Cloud/build/ModuleCache.noindex/_Builtin_stddef-BDDA5SR1T2HA8UBFUUECW1UYG.pcm

SwiftExplicitDependencyGeneratePcm arm64 /Users/runner/work/orange-cloud/orange-cloud/orange-cloud/apps/ios/Orange\ Cloud/build/ModuleCache.noindex/_Builtin_stdarg-2LGBBZG062KMT1FRJ36H6ZPEE.pcm

SwiftExplicitDependencyGeneratePcm arm64 /Users/runner/work/orange-cloud/orange-cloud/orange-cloud/apps/ios/Orange\ Cloud/build/ModuleCache.noindex/SwiftShims-90GDS6AS8SS0WYANHYRBTNK5Y.pcm

SwiftExplicitDependencyGeneratePcm arm64_32 /Users/runner/work/orange-cloud/orange-cloud/orange-cloud/apps/ios/Orange\ Cloud/build/ModuleCache.noindex/_AvailabilityInternal-CQN7T5OH4CRXBG0QP8IJWPCP.pcm

SwiftExplicitDependencyGeneratePcm arm64 /Users/runner/work/orange-cloud/orange-cloud/orange-cloud/apps/ios/Orange\ Cloud/build/ModuleCache.noindex/_Builtin_stdbool-2G6HDK3QKPLHXIPIZY0LRBY4Q.pcm

SwiftExplicitDependencyGeneratePcm arm64 /Users/runner/work/orange-cloud/orange-cloud/orange-cloud/apps/ios/Orange\ Cloud/build/ModuleCache.noindex/ptrauth-546J9SBAQ7ZZL9NBR0AUUVV4D.pcm

SwiftExplicitDependencyGeneratePcm arm64 /Users/runner/work/orange-cloud/orange-cloud/orange-cloud/apps/ios/Orange\ Cloud/build/ModuleCache.noindex/ptrcheck-221UCWCQG7OYHAH041ICVU6XC.pcm

SwiftExplicitDependencyGeneratePcm arm64 /Users/runner/work/orange-cloud/orange-cloud/orange-cloud/apps/ios/Orange\ Cloud/build/ModuleCache.noindex/ptrauth-CTMNQ6169X8T59BUMYY3UKMG.pcm

SwiftExplicitDependencyGeneratePcm arm64 /Users/runner/work/orange-cloud/orange-cloud/orange-cloud/apps/ios/Orange\ Cloud/build/ModuleCache.noindex/DeveloperToolsSupport-9PW1F934XV3OCTZQMC5P17LY3.pcm

SwiftExplicitDependencyGeneratePcm arm64_32 /Users/runner/work/orange-cloud/orange-cloud/orange-cloud/apps/ios/Orange\ Cloud/build/ModuleCache.noindex/_Builtin_stddef-1MQU4WWBO8ZKD28FC36KV724K.pcm

SwiftExplicitDependencyGeneratePcm arm64_32 /Users/runner/work/orange-cloud/orange-cloud/orange-cloud/apps/ios/Orange\ Cloud/build/ModuleCache.noindex/ptrauth-CWPWFB38BHU4OC89CFSWX7RU9.pcm

SwiftExplicitDependencyGeneratePcm arm64 /Users/runner/work/orange-cloud/orange-cloud/orange-cloud/apps/ios/Orange\ Cloud/build/ModuleCache.noindex/_Builtin_float-ATMRXG8R4804NWJL1VBX4JGZ5.pcm

SwiftExplicitDependencyGeneratePcm arm64 /Users/runner/work/orange-cloud/orange-cloud/orange-cloud/apps/ios/Orange\ Cloud/build/ModuleCache.noindex/_Builtin_stdarg-BWJGQ42506X3J0I1DTDRIDAFP.pcm

SwiftExplicitDependencyGeneratePcm arm64 /Users/runner/work/orange-cloud/orange-cloud/orange-cloud/apps/ios/Orange\ Cloud/build/ModuleCache.noindex/SwiftShims-CG0KOVQW9XLR9Q3WW4S4CB4JL.pcm

SwiftExplicitDependencyGeneratePcm arm64_32 /Users/runner/work/orange-cloud/orange-cloud/orange-cloud/apps/ios/Orange\ Cloud/build/ModuleCache.noindex/_Builtin_float-5GWXEA8LZZ62J0TXKWM2FRHGK.pcm

SwiftExplicitDependencyGeneratePcm arm64 /Users/runner/work/orange-cloud/orange-cloud/orange-cloud/apps/ios/Orange\ Cloud/build/ModuleCache.noindex/_SwiftConcurrencyShims-EVVQ26AWE9L10EQ9RY7INUI3X.pcm

SwiftExplicitDependencyGeneratePcm arm64 /Users/runner/work/orange-cloud/orange-cloud/orange-cloud/apps/ios/Orange\ Cloud/build/ModuleCache.noindex/DeveloperToolsSupport-7AULXIF8CQT9BMB9XEW72JX9I.pcm

SwiftExplicitDependencyGeneratePcm arm64_32 /Users/runner/work/orange-cloud/orange-cloud/orange-cloud/apps/ios/Orange\ Cloud/build/ModuleCache.noindex/_Builtin_stdarg-284UXARC25F3VT7QY6PA96GVH.pcm

SwiftExplicitDependencyGeneratePcm arm64 /Users/runner/work/orange-cloud/orange-cloud/orange-cloud/apps/ios/Orange\ Cloud/build/ModuleCache.noindex/ActivityKit-5RVEK8FSG1XGTL91V27PKT7TS.pcm

SwiftExplicitDependencyGeneratePcm arm64 /Users/runner/work/orange-cloud/orange-cloud/orange-cloud/apps/ios/Orange\ Cloud/build/ModuleCache.noindex/_AvailabilityInternal-EFHL7RW7XSVSBJMIAP4VDG4K8.pcm

SwiftExplicitDependencyGeneratePcm arm64 /Users/runner/work/orange-cloud/orange-cloud/orange-cloud/apps/ios/Orange\ Cloud/build/ModuleCache.noindex/_SwiftConcurrencyShims-9YMCYF9L9O6XN5OIQL840SLLK.pcm

SwiftExplicitDependencyGeneratePcm arm64 /Users/runner/work/orange-cloud/orange-cloud/orange-cloud/apps/ios/Orange\ Cloud/build/ModuleCache.noindex/ptrcheck-11TPB6HHKEOUIJZ3SWON5SNBC.pcm

SwiftExplicitDependencyGeneratePcm arm64 /Users/runner/work/orange-cloud/orange-cloud/orange-cloud/apps/ios/Orange\ Cloud/build/ModuleCache.noindex/SwiftShims-GGVAVQIH1CG3THISXMENIE7A.pcm

SwiftExplicitDependencyGeneratePcm arm64_32 /Users/runner/work/orange-cloud/orange-cloud/orange-cloud/apps/ios/Orange\ Cloud/build/ModuleCache.noindex/SwiftShims-6C7J4UV3EO7GNSFDSKKI8VFUF.pcm

SwiftExplicitDependencyGeneratePcm arm64 /Users/runner/work/orange-cloud/orange-cloud/orange-cloud/apps/ios/Orange\ Cloud/build/ModuleCache.noindex/_DarwinFoundation1-3FWNNEOAQHVJBAUH4EJ7E6WWR.pcm

SwiftExplicitDependencyGeneratePcm arm64_32 /Users/runner/work/orange-cloud/orange-cloud/orange-cloud/apps/ios/Orange\ Cloud/build/ModuleCache.noindex/_SwiftConcurrencyShims-6CJ301R4R7PTR1NBXP7HQXOAZ.pcm

SwiftExplicitDependencyGeneratePcm arm64 /Users/runner/work/orange-cloud/orange-cloud/orange-cloud/apps/ios/Orange\ Cloud/build/ModuleCache.noindex/_AvailabilityInternal-E238W1QII3QLH2PVRC01BM998.pcm

SwiftCompile normal arm64 Compiling\ SentryCppHelper.swift /Users/runner/work/orange-cloud/orange-cloud/orange-cloud/apps/ios/Orange\ Cloud/build/SourcePackages/checkouts/sentry-cocoa/Sources/SentryCppHelper/SentryCppHelper.swift /Applications/Xcode_26.6.app/Contents/Developer/Toolchains/XcodeDefault.xctoolchain/usr/lib/swift/iphoneos/prebuilt-modules/26.5/_Concurrency.swiftmodule/arm64e-apple-ios.swiftmodule /Applications/Xcode_26.6.app/Contents/Developer/Toolchains/XcodeDefault.xctoolchain/usr/lib/swift/iphoneos/prebuilt-modules/26.5/_StringProcessing.swiftmodule/arm64e-apple-ios.swiftmodule /Applications/Xcode_26.6.app/Contents/Developer/Toolchains/XcodeDefault.xctoolchain/usr/lib/swift/iphoneos/prebuilt-modules/26.5/Swift.swiftmodule/arm64e-apple-ios.swiftmodule /Users/runner/work/orange-cloud/orange-cloud/orange-cloud/apps/ios/Orange\ Cloud/build/ModuleCache.noindex/SwiftShims-GGVAVQIH1CG3THISXMENIE7A.pcm /Users/runner/work/orange-cloud/orange-cloud/orange-cloud/apps/ios/Orange\ Cloud/build/ModuleCache.noindex/_SwiftConcurrencyShims-EVVQ26AWE9L10EQ9RY7INUI3X.pcm /Users/runner/work/orange-cloud/orange-cloud/orange-cloud/apps/ios/Orange\ Cloud/build/Build/Intermediates.noindex/Sentry.build/Release-iphoneos/SentryCppHelper.build/Objects-normal/arm64/SentryCppHelper-dependencies-1.json (in target 'SentryCppHelper' from project 'Sentry')

SwiftCompile normal arm64 /Users/runner/work/orange-cloud/orange-cloud/orange-cloud/apps/ios/Orange\ Cloud/build/SourcePackages/checkouts/sentry-cocoa/Sources/SentryCppHelper/SentryCppHelper.swift (in target 'SentryCppHelper' from project 'Sentry')
    cd /Users/runner/work/orange-cloud/orange-cloud/orange-cloud/apps/ios/Orange\ Cloud/Orange\ Cloud.xcodeproj
    

SwiftExplicitDependencyGeneratePcm arm64 /Users/runner/work/orange-cloud/orange-cloud/orange-cloud/apps/ios/Orange\ Cloud/build/ModuleCache.noindex/_Builtin_stddef-CGPGVU8JW00A0H88N61AJ0BSW.pcm

SwiftExplicitDependencyGeneratePcm arm64 /Users/runner/work/orange-cloud/orange-cloud/orange-cloud/apps/ios/Orange\ Cloud/build/ModuleCache.noindex/_DarwinFoundation2-BPK974U1L5DJTZD5ZGR23RQ5U.pcm

SwiftExplicitDependencyGeneratePcm arm64 /Users/runner/work/orange-cloud/orange-cloud/orange-cloud/apps/ios/Orange\ Cloud/build/ModuleCache.noindex/_DarwinFoundation1-3OHQ7UE012KH6WDGO3OQQZPSF.pcm

SwiftExplicitDependencyGeneratePcm arm64 /Users/runner/work/orange-cloud/orange-cloud/orange-cloud/apps/ios/Orange\ Cloud/build/ModuleCache.noindex/ExtensionFoundation-1PXFKHB6CG1YK011G1PLSQPJY.pcm

SwiftDriverJobDiscovery normal arm64 Compiling SentryCppHelper.swift (in target 'SentryCppHelper' from project 'Sentry')

SwiftDriver\ Compilation\ Requirements SentryCppHelper normal arm64 com.apple.xcode.tools.swift.compiler (in target 'SentryCppHelper' from project 'Sentry')
    cd /Users/runner/work/orange-cloud/orange-cloud/orange-cloud/apps/ios/Orange\ Cloud/Orange\ Cloud.xcodeproj
    builtin-Swift-Compilation-Requirements -- /Applications/Xcode_26.6.app/Contents/Developer/Toolchains/XcodeDefault.xctoolchain/usr/bin/swiftc -module-name SentryCppHelper -O -whole-module-optimization @/Users/runner/work/orange-cloud/orange-cloud/orange-cloud/apps/ios/Orange\ Cloud/build/Build/Intermediates.noindex/Sentry.build/Release-iphoneos/SentryCppHelper.build/Objects-normal/arm64/SentryCppHelper.SwiftFileList -DSWIFT_PACKAGE -DSWIFT_MODULE_RESOURCE_BUNDLE_UNAVAILABLE -DOPENSOURCE_UNLOCKED -DXcode -D OPENSOURCE_UNLOCKED -plugin-path /Applications/Xcode_26.6.app/Contents/Developer/Toolchains/XcodeDefault.xctoolchain/usr/lib/swift/host/plugins/testing -enable-experimental-feature DebugDescriptionMacro -sdk /Applications/Xcode_26.6.app/Contents/Developer/Platforms/iPhoneOS.platform/Developer/SDKs/iPhoneOS26.5.sdk -target arm64-apple-ios12.0 -g -module-cache-path /Users/runner/work/orange-cloud/orange-cloud/orange-cloud/apps/ios/Orange\ Cloud/build/ModuleCache.noindex -Xfrontend -serialize-debugging-options -suppress-warnings -swift-version 5 -I /Users/runner/work/orange-cloud/orange-cloud/orange-cloud/apps/ios/Orange\ Cloud/build/Build/Products/Release-iphoneos -Isystem /Applications/Xcode_26.6.app/Contents/Developer/Platforms/iPhoneOS.platform/Developer/usr/lib -F /Users/runner/work/orange-cloud/orange-cloud/orange-cloud/apps/ios/Orange\ Cloud/build/Build/Products/Release-iphoneos -F /Applications/Xcode_26.6.app/Contents/Developer/Platforms/iPhoneOS.platform/Developer/Library/Frameworks -F /Applications/Xcode_26.6.app/Contents/Developer/Platforms/iPhoneOS.platform/Developer/SDKs/iPhoneOS26.5.sdk/Developer/Library/Frameworks -parse-as-library -c -num-threads 3 -Xcc -ivfsstatcache -Xcc /Users/runner/work/orange-cloud/orange-cloud/orange-cloud/apps/ios/Orange\ Cloud/build/SDKStatCaches.noindex/iphoneos26.5-23F81a-688ef53f1462e2c8f657fdc38a81448fee66e23052a0157c865c76b268046726.sdkstatcache -output-file-map /Users/runner/work/orange-cloud/orange-cloud/orange-cloud/apps/ios/Orange\ Cloud/build/Build/Intermediates.noindex/Sentry.build/Release-iphoneos/SentryCppHelper.build/Objects-normal/arm64/SentryCppHelper-OutputFileMap.json -use-frontend-parseable-output -save-temps -no-color-diagnostics -explicit-module-build -module-cache-path /Users/runner/work/orange-cloud/orange-cloud/orange-cloud/apps/ios/Orange\ Cloud/build/Build/Intermediates.noindex/SwiftExplicitPrecompiledModules -clang-scanner-module-cache-path /Users/runner/work/orange-cloud/orange-cloud/orange-cloud/apps/ios/Orange\ Cloud/build/ModuleCache.noindex -sdk-module-cache-path /Users/runner/work/orange-cloud/orange-cloud/orange-cloud/apps/ios/Orange\ Cloud/build/ModuleCache.noindex -serialize-diagnostics -emit-dependencies -emit-module -emit-module-path /Users/runner/work/orange-cloud/orange-cloud/orange-cloud/apps/ios/Orange\ Cloud/build/Build/Intermediates.noindex/Sentry.build/Release-iphoneos/SentryCppHelper.build/Objects-normal/arm64/SentryCppHelper.swiftmodule -user-module-version 8.58.3 -validate-clang-modules-once -clang-build-session-file /Users/runner/work/orange-cloud/orange-cloud/orange-cloud/apps/ios/Orange\ Cloud/build/ModuleCache.noindex/Session.modulevalidation -package-name sentry_cocoa -Xcc -I/Users/runner/work/orange-cloud/orange-cloud/orange-cloud/apps/ios/Orange\ Cloud/build/Build/Intermediates.noindex/Sentry.build/Release-iphoneos/SentryCppHelper.build/swift-overrides.hmap -emit-const-values -Xfrontend -const-gather-protocols-file -Xfrontend /Users/runner/work/orange-cloud/orange-cloud/orange-cloud/apps/ios/Orange\ Cloud/build/Build/Intermediates.noindex/Sentry.build/Release-iphoneos/SentryCppHelper.build/Objects-normal/arm64/SentryCppHelper_const_extract_protocols.json -Xcc -I/Users/runner/work/orange-cloud/orange-cloud/orange-cloud/apps/ios/Orange\ Cloud/build/Build/Products/Release-iphoneos/include -Xcc -I/Users/runner/work/orange-cloud/orange-cloud/orange-cloud/apps/ios/Orange\ Cloud/build/Build/Intermediates.noindex/Sentry.build/Release-iphoneos/SentryCppHelper.build/DerivedSources-normal/arm64 -Xcc -I/Users/runner/work/orange-cloud/orange-cloud/orange-cloud/apps/ios/Orange\ Cloud/build/Build/Intermediates.noindex/Sentry.build/Release-iphoneos/SentryCppHelper.build/DerivedSources/arm64 -Xcc -I/Users/runner/work/orange-cloud/orange-cloud/orange-cloud/apps/ios/Orange\ Cloud/build/Build/Intermediates.noindex/Sentry.build/Release-iphoneos/SentryCppHelper.build/DerivedSources -Xcc -DSWIFT_PACKAGE -emit-objc-header -emit-objc-header-path /Users/runner/work/orange-cloud/orange-cloud/orange-cloud/apps/ios/Orange\ Cloud/build/Build/Intermediates.noindex/Sentry.build/Release-iphoneos/SentryCppHelper.build/Objects-normal/arm64/SentryCppHelper-Swift.h -working-directory /Users/runner/work/orange-cloud/orange-cloud/orange-cloud/apps/ios/Orange\ Cloud/Orange\ Cloud.xcodeproj -no-emit-module-separately-wmo

SwiftExplicitDependencyGeneratePcm arm64 /Users/runner/work/orange-cloud/orange-cloud/orange-cloud/apps/ios/Orange\ Cloud/build/ModuleCache.noindex/_Builtin_limits-AKD9UWC5RL57HMBV2HZSUMF78.pcm

SwiftMergeGeneratedHeaders /Users/runner/work/orange-cloud/orange-cloud/orange-cloud/apps/ios/Orange\ Cloud/build/Build/Intermediates.noindex/GeneratedModuleMaps-iphoneos/SentryCppHelper-Swift.h /Users/runner/work/orange-cloud/orange-cloud/orange-cloud/apps/ios/Orange\ Cloud/build/Build/Intermediates.noindex/Sentry.build/Release-iphoneos/SentryCppHelper.build/Objects-normal/arm64/SentryCppHelper-Swift.h (in target 'SentryCppHelper' from project 'Sentry')
    cd /Users/runner/work/orange-cloud/orange-cloud/orange-cloud/apps/ios/Orange\ Cloud/build/SourcePackages/checkouts/sentry-cocoa
    builtin-swiftHeaderTool -arch arm64 /Users/runner/work/orange-cloud/orange-cloud/orange-cloud/apps/ios/Orange\ Cloud/build/Build/Intermediates.noindex/Sentry.build/Release-iphoneos/SentryCppHelper.build/Objects-normal/arm64/SentryCppHelper-Swift.h -o /Users/runner/work/orange-cloud/orange-cloud/orange-cloud/apps/ios/Orange\ Cloud/build/Build/Intermediates.noindex/GeneratedModuleMaps-iphoneos/SentryCppHelper-Swift.h

Copy /Users/runner/work/orange-cloud/orange-cloud/orange-cloud/apps/ios/Orange\ Cloud/build/Build/Products/Release-iphoneos/SentryCppHelper.swiftmodule/arm64-apple-ios.swiftmodule /Users/runner/work/orange-cloud/orange-cloud/orange-cloud/apps/ios/Orange\ Cloud/build/Build/Intermediates.noindex/Sentry.build/Release-iphoneos/SentryCppHelper.build/Objects-normal/arm64/SentryCppHelper.swiftmodule (in target 'SentryCppHelper' from project 'Sentry')
    cd /Users/runner/work/orange-cloud/orange-cloud/orange-cloud/apps/ios/Orange\ Cloud/build/SourcePackages/checkouts/sentry-cocoa
    builtin-copy -exclude .DS_Store -exclude CVS -exclude .svn -exclude .git -exclude .hg -strip-unsigned-binaries -strip-deterministic -strip-tool /Applications/Xcode_26.6.app/Contents/Developer/Toolchains/XcodeDefault.xctoolchain/usr/bin/strip -resolve-src-symlinks -rename /Users/runner/work/orange-cloud/orange-cloud/orange-cloud/apps/ios/Orange\ Cloud/build/Build/Intermediates.noindex/Sentry.build/Release-iphoneos/SentryCppHelper.build/Objects-normal/arm64/SentryCppHelper.swiftmodule /Users/runner/work/orange-cloud/orange-cloud/orange-cloud/apps/ios/Orange\ Cloud/build/Build/Products/Release-iphoneos/SentryCppHelper.swiftmodule/arm64-apple-ios.swiftmodule

Copy /Users/runner/work/orange-cloud/orange-cloud/orange-cloud/apps/ios/Orange\ Cloud/build/Build/Products/Release-iphoneos/SentryCppHelper.swiftmodule/arm64-apple-ios.swiftdoc /Users/runner/work/orange-cloud/orange-cloud/orange-cloud/apps/ios/Orange\ Cloud/build/Build/Intermediates.noindex/Sentry.build/Release-iphoneos/SentryCppHelper.build/Objects-normal/arm64/SentryCppHelper.swiftdoc (in target 'SentryCppHelper' from project 'Sentry')
    cd /Users/runner/work/orange-cloud/orange-cloud/orange-cloud/apps/ios/Orange\ Cloud/build/SourcePackages/checkouts/sentry-cocoa
    builtin-copy -exclude .DS_Store -exclude CVS -exclude .svn -exclude .git -exclude .hg -strip-unsigned-binaries -strip-deterministic -strip-tool /Applications/Xcode_26.6.app/Contents/Developer/Toolchains/XcodeDefault.xctoolchain/usr/bin/strip -resolve-src-symlinks -rename /Users/runner/work/orange-cloud/orange-cloud/orange-cloud/apps/ios/Orange\ Cloud/build/Build/Intermediates.noindex/Sentry.build/Release-iphoneos/SentryCppHelper.build/Objects-normal/arm64/SentryCppHelper.swiftdoc /Users/runner/work/orange-cloud/orange-cloud/orange-cloud/apps/ios/Orange\ Cloud/build/Build/Products/Release-iphoneos/SentryCppHelper.swiftmodule/arm64-apple-ios.swiftdoc

Copy /Users/runner/work/orange-cloud/orange-cloud/orange-cloud/apps/ios/Orange\ Cloud/build/Build/Products/Release-iphoneos/SentryCppHelper.swiftmodule/arm64-apple-ios.abi.json /Users/runner/work/orange-cloud/orange-cloud/orange-cloud/apps/ios/Orange\ Cloud/build/Build/Intermediates.noindex/Sentry.build/Release-iphoneos/SentryCppHelper.build/Objects-normal/arm64/SentryCppHelper.abi.json (in target 'SentryCppHelper' from project 'Sentry')
    cd /Users/runner/work/orange-cloud/orange-cloud/orange-cloud/apps/ios/Orange\ Cloud/build/SourcePackages/checkouts/sentry-cocoa
    builtin-copy -exclude .DS_Store -exclude CVS -exclude .svn -exclude .git -exclude .hg -strip-unsigned-binaries -strip-deterministic -strip-tool /Applications/Xcode_26.6.app/Contents/Developer/Toolchains/XcodeDefault.xctoolchain/usr/bin/strip -resolve-src-symlinks -rename /Users/runner/work/orange-cloud/orange-cloud/orange-cloud/apps/ios/Orange\ Cloud/build/Build/Intermediates.noindex/Sentry.build/Release-iphoneos/SentryCppHelper.build/Objects-normal/arm64/SentryCppHelper.abi.json /Users/runner/work/orange-cloud/orange-cloud/orange-cloud/apps/ios/Orange\ Cloud/build/Build/Products/Release-iphoneos/SentryCppHelper.swiftmodule/arm64-apple-ios.abi.json

Copy /Users/runner/work/orange-cloud/orange-cloud/orange-cloud/apps/ios/Orange\ Cloud/build/Build/Products/Release-iphoneos/SentryCppHelper.swiftmodule/Project/arm64-apple-ios.swiftsourceinfo /Users/runner/work/orange-cloud/orange-cloud/orange-cloud/apps/ios/Orange\ Cloud/build/Build/Intermediates.noindex/Sentry.build/Release-iphoneos/SentryCppHelper.build/Objects-normal/arm64/SentryCppHelper.swiftsourceinfo (in target 'SentryCppHelper' from project 'Sentry')
    cd /Users/runner/work/orange-cloud/orange-cloud/orange-cloud/apps/ios/Orange\ Cloud/build/SourcePackages/checkouts/sentry-cocoa
    builtin-copy -exclude .DS_Store -exclude CVS -exclude .svn -exclude .git -exclude .hg -strip-unsigned-binaries -strip-deterministic -strip-tool /Applications/Xcode_26.6.app/Contents/Developer/Toolchains/XcodeDefault.xctoolchain/usr/bin/strip -resolve-src-symlinks -rename /Users/runner/work/orange-cloud/orange-cloud/orange-cloud/apps/ios/Orange\ Cloud/build/Build/Intermediates.noindex/Sentry.build/Release-iphoneos/SentryCppHelper.build/Objects-normal/arm64/SentryCppHelper.swiftsourceinfo /Users/runner/work/orange-cloud/orange-cloud/orange-cloud/apps/ios/Orange\ Cloud/build/Build/Products/Release-iphoneos/SentryCppHelper.swiftmodule/Project/arm64-apple-ios.swiftsourceinfo

SwiftExplicitDependencyGeneratePcm arm64 /Users/runner/work/orange-cloud/orange-cloud/orange-cloud/apps/ios/Orange\ Cloud/build/ModuleCache.noindex/_Builtin_limits-BROOYCYISMBIEBT9SHPJBW29S.pcm

SwiftExplicitDependencyGeneratePcm arm64 /Users/runner/work/orange-cloud/orange-cloud/orange-cloud/apps/ios/Orange\ Cloud/build/ModuleCache.noindex/ExtensionFoundation-AW46PVABNTFDU6E8R0WO5FJES.pcm

SwiftExplicitDependencyGeneratePcm arm64 /Users/runner/work/orange-cloud/orange-cloud/orange-cloud/apps/ios/Orange\ Cloud/build/ModuleCache.noindex/_DarwinFoundation2-7JZRVRXZ1PCV7TJOCWR0TBF4V.pcm

SwiftExplicitDependencyGeneratePcm arm64 /Users/runner/work/orange-cloud/orange-cloud/orange-cloud/apps/ios/Orange\ Cloud/build/ModuleCache.noindex/_Builtin_tgmath-D1HSJW9DHEJIBCHOICR61L2RX.pcm

SwiftExplicitDependencyGeneratePcm arm64 /Users/runner/work/orange-cloud/orange-cloud/orange-cloud/apps/ios/Orange\ Cloud/build/ModuleCache.noindex/_Builtin_stdint-CVMLZ4CZR6XABP0MOM97UB870.pcm

SwiftExplicitDependencyGeneratePcm arm64 /Users/runner/work/orange-cloud/orange-cloud/orange-cloud/apps/ios/Orange\ Cloud/build/ModuleCache.noindex/sys_types-3LQW6H2J67JF9LOKCYTQQUJFO.pcm

SwiftExplicitDependencyGeneratePcm arm64 /Users/runner/work/orange-cloud/orange-cloud/orange-cloud/apps/ios/Orange\ Cloud/build/ModuleCache.noindex/_Builtin_stdbool-E1JBS337CJUWF1XUKQF8AAFXC.pcm

SwiftExplicitDependencyGeneratePcm arm64 /Users/runner/work/orange-cloud/orange-cloud/orange-cloud/apps/ios/Orange\ Cloud/build/ModuleCache.noindex/_DarwinFoundation3-3E28P4D1LKVQYU2HNL9H04I60.pcm

SwiftExplicitDependencyGeneratePcm arm64 /Users/runner/work/orange-cloud/orange-cloud/orange-cloud/apps/ios/Orange\ Cloud/build/ModuleCache.noindex/_Builtin_stdatomic-6R7M2RL38QJXHTLNUHQ04DPE0.pcm

SwiftExplicitDependencyGeneratePcm arm64 /Users/runner/work/orange-cloud/orange-cloud/orange-cloud/apps/ios/Orange\ Cloud/build/ModuleCache.noindex/_Builtin_intrinsics-CIU413QPRMQB1MBNZQ98QIDA.pcm

SwiftExplicitDependencyGeneratePcm arm64 /Users/runner/work/orange-cloud/orange-cloud/orange-cloud/apps/ios/Orange\ Cloud/build/ModuleCache.noindex/_Builtin_tgmath-78JF18DW5R2PAOJ01Z34DWT5M.pcm

SwiftExplicitDependencyGeneratePcm arm64 /Users/runner/work/orange-cloud/orange-cloud/orange-cloud/apps/ios/Orange\ Cloud/build/ModuleCache.noindex/sys_types-2SAL8VPCJJKHXT0LIMKO2LVKC.pcm

SwiftExplicitDependencyGeneratePcm arm64 /Users/runner/work/orange-cloud/orange-cloud/orange-cloud/apps/ios/Orange\ Cloud/build/ModuleCache.noindex/_Builtin_inttypes-XXB7PI9Z9YMY483AN138YQFV.pcm

SwiftExplicitDependencyGeneratePcm arm64 /Users/runner/work/orange-cloud/orange-cloud/orange-cloud/apps/ios/Orange\ Cloud/build/ModuleCache.noindex/_Builtin_stdint-D3X8YFP98OBWH36CXJUD6Q6YT.pcm

SwiftExplicitDependencyGeneratePcm arm64 /Users/runner/work/orange-cloud/orange-cloud/orange-cloud/apps/ios/Orange\ Cloud/build/ModuleCache.noindex/Darwin-21LSS4ICKML4SPBMHUMHFUPW6.pcm

SwiftExplicitDependencyGeneratePcm arm64_32 /Users/runner/work/orange-cloud/orange-cloud/orange-cloud/apps/ios/Orange\ Cloud/build/ModuleCache.noindex/ptrcheck-91I2U7LDCHI52RCP8CZZOJYZC.pcm

SwiftExplicitDependencyGeneratePcm arm64 /Users/runner/work/orange-cloud/orange-cloud/orange-cloud/apps/ios/Orange\ Cloud/build/ModuleCache.noindex/_Builtin_stdatomic-A23PQ6SAC5PF1KETRVIDCI8F5.pcm

SwiftExplicitDependencyGeneratePcm arm64_32 /Users/runner/work/orange-cloud/orange-cloud/orange-cloud/apps/ios/Orange\ Cloud/build/ModuleCache.noindex/_DarwinFoundation1-1BWWAYWY0OB39I671WLDYIB98.pcm

SwiftExplicitDependencyGeneratePcm arm64 /Users/runner/work/orange-cloud/orange-cloud/orange-cloud/apps/ios/Orange\ Cloud/build/ModuleCache.noindex/_Builtin_intrinsics-87S8RRN3X4SBKLV76N4B8GIFS.pcm

SwiftExplicitDependencyGeneratePcm arm64_32 /Users/runner/work/orange-cloud/orange-cloud/orange-cloud/apps/ios/Orange\ Cloud/build/ModuleCache.noindex/_DarwinFoundation2-ALGOWT0SNS2WJD9BX9L8KWE0L.pcm

SwiftExplicitDependencyGeneratePcm arm64 /Users/runner/work/orange-cloud/orange-cloud/orange-cloud/apps/ios/Orange\ Cloud/build/ModuleCache.noindex/simd-QM1ZL54V7EDHY1720F6D581Z.pcm

SwiftExplicitDependencyGeneratePcm arm64_32 /Users/runner/work/orange-cloud/orange-cloud/orange-cloud/apps/ios/Orange\ Cloud/build/ModuleCache.noindex/_Builtin_limits-6ISLWCYO1B4GYJ3LBOPSO27OA.pcm

SwiftExplicitDependencyGeneratePcm arm64_32 /Users/runner/work/orange-cloud/orange-cloud/orange-cloud/apps/ios/Orange\ Cloud/build/ModuleCache.noindex/_Builtin_stdint-91CSZ8PF9A4VKH7CWPEEHC045.pcm

SwiftExplicitDependencyGeneratePcm arm64 /Users/runner/work/orange-cloud/orange-cloud/orange-cloud/apps/ios/Orange\ Cloud/build/ModuleCache.noindex/simd-1CRSJVNXCAQFBDZD430H02CQO.pcm

SwiftExplicitDependencyGeneratePcm arm64_32 /Users/runner/work/orange-cloud/orange-cloud/orange-cloud/apps/ios/Orange\ Cloud/build/ModuleCache.noindex/_Builtin_tgmath-2XD77L2JKO1SJJ65L2JVSQQEO.pcm

SwiftExplicitDependencyGeneratePcm arm64_32 /Users/runner/work/orange-cloud/orange-cloud/orange-cloud/apps/ios/Orange\ Cloud/build/ModuleCache.noindex/_Builtin_intrinsics-CK8KMVW5P4TWPD3WDTOH1GE4A.pcm

SwiftExplicitDependencyGeneratePcm arm64_32 /Users/runner/work/orange-cloud/orange-cloud/orange-cloud/apps/ios/Orange\ Cloud/build/ModuleCache.noindex/_Builtin_stdatomic-88G4WJSQC3DDYROLCFIDGJFJ1.pcm

SwiftExplicitDependencyGeneratePcm arm64_32 /Users/runner/work/orange-cloud/orange-cloud/orange-cloud/apps/ios/Orange\ Cloud/build/ModuleCache.noindex/simd-9B4CJ7HH0OZ87DEEUJJD35YJH.pcm

SwiftExplicitDependencyGeneratePcm arm64_32 /Users/runner/work/orange-cloud/orange-cloud/orange-cloud/apps/ios/Orange\ Cloud/build/ModuleCache.noindex/_DarwinFoundation3-7ISP4DG3P4PMHPJNHMPDTAKSE.pcm

SwiftExplicitDependencyGeneratePcm arm64_32 /Users/runner/work/orange-cloud/orange-cloud/orange-cloud/apps/ios/Orange\ Cloud/build/ModuleCache.noindex/ExtensionFoundation-DZFNEK1L4V1E7JZMA8NWV0B5O.pcm

SwiftExplicitDependencyGeneratePcm arm64 /Users/runner/work/orange-cloud/orange-cloud/orange-cloud/apps/ios/Orange\ Cloud/build/ModuleCache.noindex/Spatial-4YTR1DEZS8WJVGQYQJ0LHJW8K.pcm

SwiftExplicitDependencyGeneratePcm arm64 /Users/runner/work/orange-cloud/orange-cloud/orange-cloud/apps/ios/Orange\ Cloud/build/ModuleCache.noindex/_DarwinFoundation3-63X5AAN4SBZLXZ16669WG27O3.pcm

SwiftExplicitDependencyGeneratePcm arm64_32 /Users/runner/work/orange-cloud/orange-cloud/orange-cloud/apps/ios/Orange\ Cloud/build/ModuleCache.noindex/_Builtin_inttypes-A5BZ1FEM1W7D0LV5T9IPDB62S.pcm

SwiftExplicitDependencyGeneratePcm arm64 /Users/runner/work/orange-cloud/orange-cloud/orange-cloud/apps/ios/Orange\ Cloud/build/ModuleCache.noindex/_Builtin_inttypes-D4KSDA19DMS361N6QFJT4N4L7.pcm

SwiftExplicitDependencyGeneratePcm arm64 /Users/runner/work/orange-cloud/orange-cloud/orange-cloud/apps/ios/Orange\ Cloud/build/ModuleCache.noindex/ObjectiveC-D42VUH7JL6RIXVZLLOVY6TCOL.pcm

SwiftExplicitDependencyGeneratePcm arm64 /Users/runner/work/orange-cloud/orange-cloud/orange-cloud/apps/ios/Orange\ Cloud/build/ModuleCache.noindex/Darwin-A8PXOVYS9BCLF1IVCSQVKFFCQ.pcm

SwiftExplicitDependencyGeneratePcm arm64 /Users/runner/work/orange-cloud/orange-cloud/orange-cloud/apps/ios/Orange\ Cloud/build/ModuleCache.noindex/Spatial-A8J2427F2UOMH124LBII562ST.pcm

SwiftExplicitDependencyGeneratePcm arm64 /Users/runner/work/orange-cloud/orange-cloud/orange-cloud/apps/ios/Orange\ Cloud/build/ModuleCache.noindex/os_object-4M7UOCUL7F55X8MLR7CNI8FYE.pcm

SwiftExplicitDependencyGeneratePcm arm64 /Users/runner/work/orange-cloud/orange-cloud/orange-cloud/apps/ios/Orange\ Cloud/build/ModuleCache.noindex/_Builtin_float-8XGXUW6AS45A95NNWABG8P538.pcm

SwiftExplicitDependencyGeneratePcm arm64 /Users/runner/work/orange-cloud/orange-cloud/orange-cloud/apps/ios/Orange\ Cloud/build/ModuleCache.noindex/os_workgroup-60N9IFY7S49DR9XFSZXZDE1TN.pcm

SwiftExplicitDependencyGeneratePcm arm64_32 /Users/runner/work/orange-cloud/orange-cloud/orange-cloud/apps/ios/Orange\ Cloud/build/ModuleCache.noindex/DeveloperToolsSupport-E6G1XLP9YAH1WYUEVSN760OYP.pcm

SwiftExplicitDependencyGeneratePcm arm64 /Users/runner/work/orange-cloud/orange-cloud/orange-cloud/apps/ios/Orange\ Cloud/build/ModuleCache.noindex/MachO-4MUVS3GM94DW31TYK8H0JYO8E.pcm

SwiftExplicitDependencyGeneratePcm arm64 /Users/runner/work/orange-cloud/orange-cloud/orange-cloud/apps/ios/Orange\ Cloud/build/ModuleCache.noindex/ObjectiveC-14MM691XMH80URBQPH0O9IOBV.pcm

SwiftExplicitDependencyGeneratePcm arm64 /Users/runner/work/orange-cloud/orange-cloud/orange-cloud/apps/ios/Orange\ Cloud/build/ModuleCache.noindex/MachO-6GBWO8X1OYDV99PKPM0BPA3N1.pcm

SwiftExplicitDependencyGeneratePcm arm64 /Users/runner/work/orange-cloud/orange-cloud/orange-cloud/apps/ios/Orange\ Cloud/build/ModuleCache.noindex/Dispatch-4W2VK0DK5VS7A9TDA657D0C7S.pcm

SwiftExplicitDependencyGeneratePcm arm64 /Users/runner/work/orange-cloud/orange-cloud/orange-cloud/apps/ios/Orange\ Cloud/build/ModuleCache.noindex/CommonCrypto-F4NOUFJPS255QKF84MKAMZP4Q.pcm

SwiftExplicitDependencyGeneratePcm arm64 /Users/runner/work/orange-cloud/orange-cloud/orange-cloud/apps/ios/Orange\ Cloud/build/ModuleCache.noindex/os_object-95SAVYXH4Z5C53ZK3E12F05LN.pcm

SwiftExplicitDependencyGeneratePcm arm64_32 /Users/runner/work/orange-cloud/orange-cloud/orange-cloud/apps/ios/Orange\ Cloud/build/ModuleCache.noindex/sys_types-C9DRAI0QKH76TZL476LI4HQ5X.pcm

SwiftExplicitDependencyGeneratePcm arm64 /Users/runner/work/orange-cloud/orange-cloud/orange-cloud/apps/ios/Orange\ Cloud/build/ModuleCache.noindex/CoreFoundation-5LBIW7XW10W7KTC1HN6LRIZ9.pcm

SwiftExplicitDependencyGeneratePcm arm64 /Users/runner/work/orange-cloud/orange-cloud/orange-cloud/apps/ios/Orange\ Cloud/build/ModuleCache.noindex/dnssd-4GBR82R0G12LQONVHGWVEAOPF.pcm

SwiftExplicitDependencyGeneratePcm arm64 /Users/runner/work/orange-cloud/orange-cloud/orange-cloud/apps/ios/Orange\ Cloud/build/ModuleCache.noindex/XPC-22YAO9BZHQSFYF4NZ49L971B5.pcm

SwiftExplicitDependencyGeneratePcm arm64 /Users/runner/work/orange-cloud/orange-cloud/orange-cloud/apps/ios/Orange\ Cloud/build/ModuleCache.noindex/os_workgroup-DD2EXT578PX9VS6SU1FW25CWK.pcm

SwiftExplicitDependencyGeneratePcm arm64_32 /Users/runner/work/orange-cloud/orange-cloud/orange-cloud/apps/ios/Orange\ Cloud/build/ModuleCache.noindex/_Builtin_stdbool-5H8L20POF7Q1RC9HF7N2XYBQP.pcm

SwiftExplicitDependencyGeneratePcm arm64 /Users/runner/work/orange-cloud/orange-cloud/orange-cloud/apps/ios/Orange\ Cloud/build/ModuleCache.noindex/Dispatch-8KYVAPSKLC9G089WZ2901NHY2.pcm

SwiftExplicitDependencyGeneratePcm arm64 /Users/runner/work/orange-cloud/orange-cloud/orange-cloud/apps/ios/Orange\ Cloud/build/ModuleCache.noindex/CoreGraphics-75B2WKEPL5RHSYOTL7WGYLL4H.pcm

SwiftExplicitDependencyGeneratePcm arm64 /Users/runner/work/orange-cloud/orange-cloud/orange-cloud/apps/ios/Orange\ Cloud/build/ModuleCache.noindex/os-7SHSELHQ3T2J5N7OT5C93IVBP.pcm

SwiftExplicitDependencyGeneratePcm arm64_32 /Users/runner/work/orange-cloud/orange-cloud/orange-cloud/apps/ios/Orange\ Cloud/build/ModuleCache.noindex/Darwin-20DUXLHQ6ESTAIH9LGRKB96DO.pcm

SwiftExplicitDependencyGeneratePcm arm64 /Users/runner/work/orange-cloud/orange-cloud/orange-cloud/apps/ios/Orange\ Cloud/build/ModuleCache.noindex/XPC-4TLF1NCSH22JYTKRIAHL2C91T.pcm

SwiftExplicitDependencyGeneratePcm arm64 /Users/runner/work/orange-cloud/orange-cloud/orange-cloud/apps/ios/Orange\ Cloud/build/ModuleCache.noindex/CFNetwork-9JT0HAQOSLWGHBQ5NDYJQG9IZ.pcm

SwiftExplicitDependencyGeneratePcm arm64 /Users/runner/work/orange-cloud/orange-cloud/orange-cloud/apps/ios/Orange\ Cloud/build/ModuleCache.noindex/ImageIO-85TR174ITRJ2TJ47K3EHFJPDV.pcm

SwiftExplicitDependencyGeneratePcm arm64 /Users/runner/work/orange-cloud/orange-cloud/orange-cloud/apps/ios/Orange\ Cloud/build/ModuleCache.noindex/CoreText-39PS07PHRQMVY2UHR4X6X4IMN.pcm

SwiftExplicitDependencyGeneratePcm arm64 /Users/runner/work/orange-cloud/orange-cloud/orange-cloud/apps/ios/Orange\ Cloud/build/ModuleCache.noindex/os-50375MH70JMFH0UN32S1RYCGO.pcm

SwiftExplicitDependencyGeneratePcm arm64_32 /Users/runner/work/orange-cloud/orange-cloud/orange-cloud/apps/ios/Orange\ Cloud/build/ModuleCache.noindex/Spatial-E655GFGXPQCEOGOIJSPOEWZFB.pcm

SwiftExplicitDependencyGeneratePcm arm64 /Users/runner/work/orange-cloud/orange-cloud/orange-cloud/apps/ios/Orange\ Cloud/build/ModuleCache.noindex/CoreFoundation-AMKVW1VMNZD4IOHQ9VRF5KF6W.pcm

SwiftExplicitDependencyGeneratePcm arm64_32 /Users/runner/work/orange-cloud/orange-cloud/orange-cloud/apps/ios/Orange\ Cloud/build/ModuleCache.noindex/MachO-5OVHCT487Q2O3RHFT2BGASW0T.pcm

SwiftExplicitDependencyGeneratePcm arm64_32 /Users/runner/work/orange-cloud/orange-cloud/orange-cloud/apps/ios/Orange\ Cloud/build/ModuleCache.noindex/ObjectiveC-CQW8KO4YP1C4H3NYQCJR9BGAS.pcm

SwiftExplicitDependencyGeneratePcm arm64 /Users/runner/work/orange-cloud/orange-cloud/orange-cloud/apps/ios/Orange\ Cloud/build/ModuleCache.noindex/Security-7VR20GBMJZXSAX5JLEEW84FK0.pcm

SwiftExplicitDependencyGeneratePcm arm64 /Users/runner/work/orange-cloud/orange-cloud/orange-cloud/apps/ios/Orange\ Cloud/build/ModuleCache.noindex/Security-1ZBGLSOMAIJZYTRGWCWQIGQ0W.pcm

SwiftExplicitDependencyGeneratePcm arm64 /Users/runner/work/orange-cloud/orange-cloud/orange-cloud/apps/ios/Orange\ Cloud/build/ModuleCache.noindex/CoreGraphics-2B2WS9331E9MQ7412B71Y9RDH.pcm

SwiftExplicitDependencyGeneratePcm arm64_32 /Users/runner/work/orange-cloud/orange-cloud/orange-cloud/apps/ios/Orange\ Cloud/build/ModuleCache.noindex/os_object-5SO67XR279EHB2KXFCZW48BAN.pcm

SwiftExplicitDependencyGeneratePcm arm64 /Users/runner/work/orange-cloud/orange-cloud/orange-cloud/apps/ios/Orange\ Cloud/build/ModuleCache.noindex/Foundation-4GXNUBTXEQN2UJ4Y6PJLTJK9V.pcm

SwiftExplicitDependencyGeneratePcm arm64 /Users/runner/work/orange-cloud/orange-cloud/orange-cloud/apps/ios/Orange\ Cloud/build/ModuleCache.noindex/dnssd-E4FPACP4XLAK7O4ECKF40RFK1.pcm

SwiftExplicitDependencyGeneratePcm arm64 /Users/runner/work/orange-cloud/orange-cloud/orange-cloud/apps/ios/Orange\ Cloud/build/ModuleCache.noindex/CoreText-DXLWMGWORFERMI4VLAX1NSSCI.pcm

SwiftExplicitDependencyGeneratePcm arm64_32 /Users/runner/work/orange-cloud/orange-cloud/orange-cloud/apps/ios/Orange\ Cloud/build/ModuleCache.noindex/os_workgroup-J7YT6WR7FSGH7HL2U2XOEPT4.pcm

SwiftExplicitDependencyGeneratePcm arm64 /Users/runner/work/orange-cloud/orange-cloud/orange-cloud/apps/ios/Orange\ Cloud/build/ModuleCache.noindex/CoreVideo-EZ4FY3QJXOEDQMNF2OIMQ9TNR.pcm

SwiftExplicitDependencyGeneratePcm arm64 /Users/runner/work/orange-cloud/orange-cloud/orange-cloud/apps/ios/Orange\ Cloud/build/ModuleCache.noindex/_SwiftConcurrencyShims-9KM3NE93AJBOVWJZ5P4I2HD9Y.pcm

SwiftExplicitDependencyGeneratePcm arm64_32 /Users/runner/work/orange-cloud/orange-cloud/orange-cloud/apps/ios/Orange\ Cloud/build/ModuleCache.noindex/Dispatch-EFJQ17IWHAW2V09ZJDR1FAQMP.pcm

SwiftExplicitDependencyGeneratePcm arm64 /Users/runner/work/orange-cloud/orange-cloud/orange-cloud/apps/ios/Orange\ Cloud/build/ModuleCache.noindex/Foundation-9844SV0E024DKQTYT7JJBJDBI.pcm

SwiftDriver\ Compilation notification normal arm64 com.apple.xcode.tools.swift.compiler (in target 'notification' from project 'Orange Cloud')
    cd /Users/runner/work/orange-cloud/orange-cloud/orange-cloud/apps/ios/Orange\ Cloud
    builtin-Swift-Compilation -- /Applications/Xcode_26.6.app/Contents/Developer/Toolchains/XcodeDefault.xctoolchain/usr/bin/swiftc -module-name notification -O -whole-module-optimization @/Users/runner/work/orange-cloud/orange-cloud/orange-cloud/apps/ios/Orange\ Cloud/build/Build/Intermediates.noindex/Orange\ Cloud.build/Release-iphoneos/notification.build/Objects-normal/arm64/notification.SwiftFileList -DOPENSOURCE_UNLOCKED -D OPENSOURCE_UNLOCKED -enable-bare-slash-regex -enable-upcoming-feature DisableOutwardActorInference -enable-upcoming-feature InferSendableFromCaptures -enable-upcoming-feature GlobalActorIsolatedTypesUsability -enable-upcoming-feature MemberImportVisibility -enable-upcoming-feature InferIsolatedConformances -enable-upcoming-feature NonisolatedNonsendingByDefault -enable-experimental-feature DebugDescriptionMacro -sdk /Applications/Xcode_26.6.app/Contents/Developer/Platforms/iPhoneOS.platform/Developer/SDKs/iPhoneOS26.5.sdk -target arm64-apple-ios17.0 -g -module-cache-path /Users/runner/work/orange-cloud/orange-cloud/orange-cloud/apps/ios/Orange\ Cloud/build/ModuleCache.noindex -Xfrontend -serialize-debugging-options -application-extension -swift-version 5 -I /Users/runner/work/orange-cloud/orange-cloud/orange-cloud/apps/ios/Orange\ Cloud/build/Build/Products/Release-iphoneos -F /Users/runner/work/orange-cloud/orange-cloud/orange-cloud/apps/ios/Orange\ Cloud/build/Build/Products/Release-iphoneos -emit-localized-strings -emit-localized-strings-path /Users/runner/work/orange-cloud/orange-cloud/orange-cloud/apps/ios/Orange\ Cloud/build/Build/Intermediates.noindex/Orange\ Cloud.build/Release-iphoneos/notification.build/Objects-normal/arm64 -c -num-threads 3 -Xcc -ivfsstatcache -Xcc /Users/runner/work/orange-cloud/orange-cloud/orange-cloud/apps/ios/Orange\ Cloud/build/SDKStatCaches.noindex/iphoneos26.5-23F81a-688ef53f1462e2c8f657fdc38a81448fee66e23052a0157c865c76b268046726.sdkstatcache -output-file-map /Users/runner/work/orange-cloud/orange-cloud/orange-cloud/apps/ios/Orange\ Cloud/build/Build/Intermediates.noindex/Orange\ Cloud.build/Release-iphoneos/notification.build/Objects-normal/arm64/notification-OutputFileMap.json -use-frontend-parseable-output -save-temps -no-color-diagnostics -explicit-module-build -module-cache-path /Users/runner/work/orange-cloud/orange-cloud/orange-cloud/apps/ios/Orange\ Cloud/build/Build/Intermediates.noindex/SwiftExplicitPrecompiledModules -clang-scanner-module-cache-path /Users/runner/work/orange-cloud/orange-cloud/orange-cloud/apps/ios/Orange\ Cloud/build/ModuleCache.noindex -sdk-module-cache-path /Users/runner/work/orange-cloud/orange-cloud/orange-cloud/apps/ios/Orange\ Cloud/build/ModuleCache.noindex -serialize-diagnostics -emit-dependencies -emit-module -emit-module-path /Users/runner/work/orange-cloud/orange-cloud/orange-cloud/apps/ios/Orange\ Cloud/build/Build/Intermediates.noindex/Orange\ Cloud.build/Release-iphoneos/notification.build/Objects-normal/arm64/notification.swiftmodule -validate-clang-modules-once -clang-build-session-file /Users/runner/work/orange-cloud/orange-cloud/orange-cloud/apps/ios/Orange\ Cloud/build/ModuleCache.noindex/Session.modulevalidation -Xcc -I/Users/runner/work/orange-cloud/orange-cloud/orange-cloud/apps/ios/Orange\ Cloud/build/Build/Intermediates.noindex/Orange\ Cloud.build/Release-iphoneos/notification.build/swift-overrides.hmap -emit-const-values -Xfrontend -const-gather-protocols-file -Xfrontend /Users/runner/work/orange-cloud/orange-cloud/orange-cloud/apps/ios/Orange\ Cloud/build/Build/Intermediates.noindex/Orange\ Cloud.build/Release-iphoneos/notification.build/Objects-normal/arm64/notification_const_extract_protocols.json -Xcc -iquote -Xcc /Users/runner/work/orange-cloud/orange-cloud/orange-cloud/apps/ios/Orange\ Cloud/build/Build/Intermediates.noindex/Orange\ Cloud.build/Release-iphoneos/notification.build/notification-generated-files.hmap -Xcc -I/Users/runner/work/orange-cloud/orange-cloud/orange-cloud/apps/ios/Orange\ Cloud/build/Build/Intermediates.noindex/Orange\ Cloud.build/Release-iphoneos/notification.build/notification-own-target-headers.hmap -Xcc -I/Users/runner/work/orange-cloud/orange-cloud/orange-cloud/apps/ios/Orange\ Cloud/build/Build/Intermediates.noindex/Orange\ Cloud.build/Release-iphoneos/notification.build/notification-all-non-framework-target-headers.hmap -Xcc -ivfsoverlay -Xcc /Users/runner/work/orange-cloud/orange-cloud/orange-cloud/apps/ios/Orange\ Cloud/build/Build/Intermediates.noindex/Orange\ Cloud.build/Release-iphoneos/Orange\ Cloud-caa53a888f9e6677ffee03f20a1a9cdb-VFS-iphoneos/all-product-headers.yaml -Xcc -iquote -Xcc /Users/runner/work/orange-cloud/orange-cloud/orange-cloud/apps/ios/Orange\ Cloud/build/Build/Intermediates.noindex/Orange\ Cloud.build/Release-iphoneos/notification.build/notification-project-headers.hmap -Xcc -I/Users/runner/work/orange-cloud/orange-cloud/orange-cloud/apps/ios/Orange\ Cloud/build/Build/Products/Release-iphoneos/include -Xcc -I/Users/runner/work/orange-cloud/orange-cloud/orange-cloud/apps/ios/Orange\ Cloud/build/Build/Intermediates.noindex/Orange\ Cloud.build/Release-iphoneos/notification.build/DerivedSources-normal/arm64 -Xcc -I/Users/runner/work/orange-cloud/orange-cloud/orange-cloud/apps/ios/Orange\ Cloud/build/Build/Intermediates.noindex/Orange\ Cloud.build/Release-iphoneos/notification.build/DerivedSources/arm64 -Xcc -I/Users/runner/work/orange-cloud/orange-cloud/orange-cloud/apps/ios/Orange\ Cloud/build/Build/Intermediates.noindex/Orange\ Cloud.build/Release-iphoneos/notification.build/DerivedSources -emit-objc-header -emit-objc-header-path /Users/runner/work/orange-cloud/orange-cloud/orange-cloud/apps/ios/Orange\ Cloud/build/Build/Intermediates.noindex/Orange\ Cloud.build/Release-iphoneos/notification.build/Objects-normal/arm64/notification-Swift.h -working-directory /Users/runner/work/orange-cloud/orange-cloud/orange-cloud/apps/ios/Orange\ Cloud -no-emit-module-separately-wmo

SwiftExplicitDependencyGeneratePcm arm64_32 /Users/runner/work/orange-cloud/orange-cloud/orange-cloud/apps/ios/Orange\ Cloud/build/ModuleCache.noindex/XPC-8WGX3JCLGLZLRGE3RO7VZY7E3.pcm

SwiftExplicitDependencyGeneratePcm arm64_32 /Users/runner/work/orange-cloud/orange-cloud/orange-cloud/apps/ios/Orange\ Cloud/build/ModuleCache.noindex/CoreFoundation-B7UKDJU7Y29NKILA08VTYD9Z1.pcm

SwiftExplicitDependencyGeneratePcm arm64 /Users/runner/work/orange-cloud/orange-cloud/orange-cloud/apps/ios/Orange\ Cloud/build/ModuleCache.noindex/OSLog-691Q6EZM3A96CJVXWS92E5KQQ.pcm

SwiftExplicitDependencyGeneratePcm arm64 /Users/runner/work/orange-cloud/orange-cloud/orange-cloud/apps/ios/Orange\ Cloud/build/ModuleCache.noindex/CoreTransferable-1PBEROLU5DCN60TNBCLPA6PSO.pcm

SwiftExplicitDependencyGeneratePcm arm64 /Users/runner/work/orange-cloud/orange-cloud/orange-cloud/apps/ios/Orange\ Cloud/build/ModuleCache.noindex/DataDetection-B8DQ7ON5ZPYRWNOT9FKGDVUS8.pcm

SwiftExplicitDependencyGeneratePcm arm64 /Users/runner/work/orange-cloud/orange-cloud/orange-cloud/apps/ios/Orange\ Cloud/build/ModuleCache.noindex/_LocationEssentials-F2XRIEJWXDEQE8JFHFXXKDZOI.pcm

SwiftExplicitDependencyGeneratePcm arm64 /Users/runner/work/orange-cloud/orange-cloud/orange-cloud/apps/ios/Orange\ Cloud/build/ModuleCache.noindex/IOSurface-7FXBMXJ1ZP2TQ3OS4XONMWIXI.pcm

SwiftExplicitDependencyGeneratePcm arm64_32 /Users/runner/work/orange-cloud/orange-cloud/orange-cloud/apps/ios/Orange\ Cloud/build/ModuleCache.noindex/CoreGraphics-A9PB26DT90KL24LVGPFLZZZ7R.pcm

SwiftExplicitDependencyGeneratePcm arm64 /Users/runner/work/orange-cloud/orange-cloud/orange-cloud/apps/ios/Orange\ Cloud/build/ModuleCache.noindex/AppIntents-IDZRX1LMXCBKF7UQ4POY4FKA.pcm

SwiftExplicitDependencyGeneratePcm arm64 /Users/runner/work/orange-cloud/orange-cloud/orange-cloud/apps/ios/Orange\ Cloud/build/ModuleCache.noindex/_LocationEssentials-57ORKD3VL0TXK10FZPRLQOGOB.pcm

SwiftExplicitDependencyGeneratePcm arm64 /Users/runner/work/orange-cloud/orange-cloud/orange-cloud/apps/ios/Orange\ Cloud/build/ModuleCache.noindex/RelevanceKit-6B6AY79IB23O1DQAVD4CAW8M5.pcm

SwiftExplicitDependencyGeneratePcm arm64 /Users/runner/work/orange-cloud/orange-cloud/orange-cloud/apps/ios/Orange\ Cloud/build/ModuleCache.noindex/WidgetKit-808L9KP5GRFWC1DZMZSXZRTWO.pcm

SwiftExplicitDependencyGeneratePcm arm64 /Users/runner/work/orange-cloud/orange-cloud/orange-cloud/apps/ios/Orange\ Cloud/build/ModuleCache.noindex/OpenGLES-7Y8SLSXJFIGDAD7C36KKKX14G.pcm

SwiftExplicitDependencyGeneratePcm arm64 /Users/runner/work/orange-cloud/orange-cloud/orange-cloud/apps/ios/Orange\ Cloud/build/ModuleCache.noindex/Accessibility-876KBB6L4MNG9CXF11NZ247PA.pcm

SwiftExplicitDependencyGeneratePcm arm64 /Users/runner/work/orange-cloud/orange-cloud/orange-cloud/apps/ios/Orange\ Cloud/build/ModuleCache.noindex/OSLog-E6DTMLSFI7DBREK2KLNMU1UPU.pcm

SwiftExplicitDependencyGeneratePcm arm64 /Users/runner/work/orange-cloud/orange-cloud/orange-cloud/apps/ios/Orange\ Cloud/build/ModuleCache.noindex/Metal-ADMF9825471DRXLL4V17FZ330.pcm

SwiftExplicitDependencyGeneratePcm arm64 /Users/runner/work/orange-cloud/orange-cloud/orange-cloud/apps/ios/Orange\ Cloud/build/ModuleCache.noindex/Network-764R60KPSL3OVTJGYA02VDLNO.pcm

SwiftExplicitDependencyGeneratePcm arm64 /Users/runner/work/orange-cloud/orange-cloud/orange-cloud/apps/ios/Orange\ Cloud/build/ModuleCache.noindex/QuartzCore-98ACBMR9RTP2V6ILH6DL96J3T.pcm

SwiftExplicitDependencyGeneratePcm arm64 /Users/runner/work/orange-cloud/orange-cloud/orange-cloud/apps/ios/Orange\ Cloud/build/ModuleCache.noindex/WidgetKit-400HHR7D22SF9DABCVKF6S01R.pcm

SwiftExplicitDependencyGeneratePcm arm64 /Users/runner/work/orange-cloud/orange-cloud/orange-cloud/apps/ios/Orange\ Cloud/build/ModuleCache.noindex/Network-1II9SWZH65UGNQD1CBDKV6K7U.pcm

SwiftExplicitDependencyGeneratePcm arm64 /Users/runner/work/orange-cloud/orange-cloud/orange-cloud/apps/ios/Orange\ Cloud/build/ModuleCache.noindex/DataDetection-AI51QSYTHZ0TEGAX3D7UC8WNE.pcm

SwiftExplicitDependencyGeneratePcm arm64 /Users/runner/work/orange-cloud/orange-cloud/orange-cloud/apps/ios/Orange\ Cloud/build/ModuleCache.noindex/UIUtilities-6T0JPHD89X30EQ3NLRU27KBDV.pcm

SwiftExplicitDependencyGeneratePcm arm64 /Users/runner/work/orange-cloud/orange-cloud/orange-cloud/apps/ios/Orange\ Cloud/build/ModuleCache.noindex/CoreVideo-9WSARXHLDFRBBHE2BBHQU8JU9.pcm

SwiftExplicitDependencyGeneratePcm arm64 /Users/runner/work/orange-cloud/orange-cloud/orange-cloud/apps/ios/Orange\ Cloud/build/ModuleCache.noindex/CoreLocation-BTIV9TA4Z7JVKIWEHIAIBPHSY.pcm

SwiftExplicitDependencyGeneratePcm arm64 /Users/runner/work/orange-cloud/orange-cloud/orange-cloud/apps/ios/Orange\ Cloud/build/ModuleCache.noindex/SceneKit-1HUE8BBF5T6YO4C6K81N7JRQ6.pcm

SwiftExplicitDependencyGeneratePcm arm64 /Users/runner/work/orange-cloud/orange-cloud/orange-cloud/apps/ios/Orange\ Cloud/build/ModuleCache.noindex/SwiftUICore-UEGK1O83CCS6B4V3EZ51ER1V.pcm

SwiftExplicitDependencyGeneratePcm arm64 /Users/runner/work/orange-cloud/orange-cloud/orange-cloud/apps/ios/Orange\ Cloud/build/ModuleCache.noindex/QuartzCore-DUSJSABIHNI977ICX122MUC0L.pcm

SwiftExplicitDependencyGeneratePcm arm64 /Users/runner/work/orange-cloud/orange-cloud/orange-cloud/apps/ios/Orange\ Cloud/build/ModuleCache.noindex/CoreImage-DYNWA30DDQG0T8K0RWKHR9YD0.pcm

SwiftExplicitDependencyGeneratePcm arm64 /Users/runner/work/orange-cloud/orange-cloud/orange-cloud/apps/ios/Orange\ Cloud/build/ModuleCache.noindex/Accessibility-6DJ81KMRYLO7NOLERMGEBG32U.pcm

SwiftExplicitDependencyGeneratePcm arm64 /Users/runner/work/orange-cloud/orange-cloud/orange-cloud/apps/ios/Orange\ Cloud/build/ModuleCache.noindex/CoreData-6CALE3WKWQPCA6P4MEUN5UQQD.pcm

SwiftExplicitDependencyGeneratePcm arm64 /Users/runner/work/orange-cloud/orange-cloud/orange-cloud/apps/ios/Orange\ Cloud/build/ModuleCache.noindex/UIUtilities-AD12S2VJ3PQV8S0UAUGZMPMS3.pcm

SwiftExplicitDependencyGeneratePcm arm64 /Users/runner/work/orange-cloud/orange-cloud/orange-cloud/apps/ios/Orange\ Cloud/build/ModuleCache.noindex/CoreData-EE4TXKU99V7QUX2UWOE0X0RHQ.pcm

SwiftExplicitDependencyGeneratePcm arm64 /Users/runner/work/orange-cloud/orange-cloud/orange-cloud/apps/ios/Orange\ Cloud/build/ModuleCache.noindex/AppIntents-20TI2Q3BE7703QQZGGYG4HKXE.pcm

SwiftExplicitDependencyGeneratePcm arm64 /Users/runner/work/orange-cloud/orange-cloud/orange-cloud/apps/ios/Orange\ Cloud/build/ModuleCache.noindex/Symbols-51U1UF7DTS76HOS4H3VHOUA7D.pcm

SwiftExplicitDependencyGeneratePcm arm64 /Users/runner/work/orange-cloud/orange-cloud/orange-cloud/apps/ios/Orange\ Cloud/build/ModuleCache.noindex/FileProvider-DWIP0W4535B0G2GDNS57Z2TFV.pcm

SwiftExplicitDependencyGeneratePcm arm64 /Users/runner/work/orange-cloud/orange-cloud/orange-cloud/apps/ios/Orange\ Cloud/build/ModuleCache.noindex/RelevanceKit-5SY87658JWT9ZZXUX4N7QRY4H.pcm

SwiftExplicitDependencyGeneratePcm arm64 /Users/runner/work/orange-cloud/orange-cloud/orange-cloud/apps/ios/Orange\ Cloud/build/ModuleCache.noindex/CoreTransferable-DLUOFBXRT4JDJFZQJ6S9UOI11.pcm

SwiftExplicitDependencyGeneratePcm arm64 /Users/runner/work/orange-cloud/orange-cloud/orange-cloud/apps/ios/Orange\ Cloud/build/ModuleCache.noindex/UniformTypeIdentifiers-8AIS5LH1Y7Z846BHXJKF2YPM4.pcm

SwiftExplicitDependencyGeneratePcm arm64 /Users/runner/work/orange-cloud/orange-cloud/orange-cloud/apps/ios/Orange\ Cloud/build/ModuleCache.noindex/CoreLocation-DECE1QYC6V7M8LR5HMLL6AK5C.pcm

SwiftExplicitDependencyGeneratePcm arm64_32 /Users/runner/work/orange-cloud/orange-cloud/orange-cloud/apps/ios/Orange\ Cloud/build/ModuleCache.noindex/dnssd-DS4BU1E7A1YQLTIMPDC7HPY2O.pcm

SwiftExplicitDependencyGeneratePcm arm64_32 /Users/runner/work/orange-cloud/orange-cloud/orange-cloud/apps/ios/Orange\ Cloud/build/ModuleCache.noindex/CoreVideo-8S18LROC4V68V6FQOS6392X94.pcm

SwiftExplicitDependencyGeneratePcm arm64 /Users/runner/work/orange-cloud/orange-cloud/orange-cloud/apps/ios/Orange\ Cloud/build/ModuleCache.noindex/UserNotifications-85HHARYWIH5F5CECTIRLE0UXI.pcm

SwiftExplicitDependencyGeneratePcm arm64_32 /Users/runner/work/orange-cloud/orange-cloud/orange-cloud/apps/ios/Orange\ Cloud/build/ModuleCache.noindex/os-C43BF700X5WES1SARWWISKQQ0.pcm

SwiftExplicitDependencyGeneratePcm arm64_32 /Users/runner/work/orange-cloud/orange-cloud/orange-cloud/apps/ios/Orange\ Cloud/build/ModuleCache.noindex/Security-3AVAFMS4JSEOAYLNKUQ0YMFAS.pcm

SwiftExplicitDependencyGeneratePcm arm64_32 /Users/runner/work/orange-cloud/orange-cloud/orange-cloud/apps/ios/Orange\ Cloud/build/ModuleCache.noindex/CoreText-8TXD7LV8MJHJ0KJSY0X73LC7Q.pcm

SwiftCompile normal arm64 Compiling\ NotificationService.swift,\ PushExtensionStore.swift /Users/runner/work/orange-cloud/orange-cloud/orange-cloud/apps/ios/Orange\ Cloud/notification/NotificationService.swift /Users/runner/work/orange-cloud/orange-cloud/orange-cloud/apps/ios/Orange\ Cloud/notification/PushExtensionStore.swift /Applications/Xcode_26.6.app/Contents/Developer/Toolchains/XcodeDefault.xctoolchain/usr/lib/swift/iphoneos/prebuilt-modules/26.5/ObjectiveC.swiftmodule/arm64e-apple-ios.swiftmodule /Applications/Xcode_26.6.app/Contents/Developer/Toolchains/XcodeDefault.xctoolchain/usr/lib/swift/iphoneos/prebuilt-modules/26.5/Darwin.swiftmodule/arm64e-apple-ios.swiftmodule /Applications/Xcode_26.6.app/Contents/Developer/Toolchains/XcodeDefault.xctoolchain/usr/lib/swift/iphoneos/prebuilt-modules/26.5/_DarwinFoundation3.swiftmodule/arm64e-apple-ios.swiftmodule /Applications/Xcode_26.6.app/Contents/Developer/Toolchains/XcodeDefault.xctoolchain/usr/lib/swift/iphoneos/prebuilt-modules/26.5/_StringProcessing.swiftmodule/arm64e-apple-ios.swiftmodule /Applications/Xcode_26.6.app/Contents/Developer/Toolchains/XcodeDefault.xctoolchain/usr/lib/swift/iphoneos/prebuilt-modules/26.5/_Concurrency.swiftmodule/arm64e-apple-ios.swiftmodule /Applications/Xcode_26.6.app/Contents/Developer/Toolchains/XcodeDefault.xctoolchain/usr/lib/swift/iphoneos/prebuilt-modules/26.5/_Builtin_float.swiftmodule/arm64e-apple-ios.swiftmodule /Applications/Xcode_26.6.app/Contents/Developer/Toolchains/XcodeDefault.xctoolchain/usr/lib/swift/iphoneos/prebuilt-modules/26.5/Dispatch.swiftmodule/arm64e-apple-ios.swiftmodule /Applications/Xcode_26.6.app/Contents/Developer/Toolchains/XcodeDefault.xctoolchain/usr/lib/swift/iphoneos/prebuilt-modules/26.5/_DarwinFoundation2.swiftmodule/arm64e-apple-ios.swiftmodule /Applications/Xcode_26.6.app/Contents/Developer/Toolchains/XcodeDefault.xctoolchain/usr/lib/swift/iphoneos/prebuilt-modules/26.5/Observation.swiftmodule/arm64e-apple-ios.swiftmodule /Applications/Xcode_26.6.app/Contents/Developer/Toolchains/XcodeDefault.xctoolchain/usr/lib/swift/iphoneos/prebuilt-modules/26.5/XPC.swiftmodule/arm64e-apple-ios.swiftmodule /Applications/Xcode_26.6.app/Contents/Developer/Toolchains/XcodeDefault.xctoolchain/usr/lib/swift/iphoneos/prebuilt-modules/26.5/CoreFoundation.swiftmodule/arm64e-apple-ios.swiftmodule /Applications/Xcode_26.6.app/Contents/Developer/Toolchains/XcodeDefault.xctoolchain/usr/lib/swift/iphoneos/prebuilt-modules/26.5/Swift.swiftmodule/arm64e-apple-ios.swiftmodule /Applications/Xcode_26.6.app/Contents/Developer/Toolchains/XcodeDefault.xctoolchain/usr/lib/swift/iphoneos/prebuilt-modules/26.5/Combine.swiftmodule/arm64e-apple-ios.swiftmodule /Applications/Xcode_26.6.app/Contents/Developer/Toolchains/XcodeDefault.xctoolchain/usr/lib/swift/iphoneos/prebuilt-modules/26.5/_DarwinFoundation1.swiftmodule/arm64e-apple-ios.swiftmodule /Applications/Xcode_26.6.app/Contents/Developer/Toolchains/XcodeDefault.xctoolchain/usr/lib/swift/iphoneos/prebuilt-modules/26.5/System.swiftmodule/arm64e-apple-ios.swiftmodule /Applications/Xcode_26.6.app/Contents/Developer/Toolchains/XcodeDefault.xctoolchain/usr/lib/swift/iphoneos/prebuilt-modules/26.5/Foundation.swiftmodule/arm64e-apple-ios.swiftmodule /Users/runner/work/orange-cloud/orange-cloud/orange-cloud/apps/ios/Orange\ Cloud/build/ModuleCache.noindex/_DarwinFoundation3-3E28P4D1LKVQYU2HNL9H04I60.pcm /Users/runner/work/orange-cloud/orange-cloud/orange-cloud/apps/ios/Orange\ Cloud/build/ModuleCache.noindex/os_object-4M7UOCUL7F55X8MLR7CNI8FYE.pcm /Users/runner/work/orange-cloud/orange-cloud/orange-cloud/apps/ios/Orange\ Cloud/build/ModuleCache.noindex/XPC-22YAO9BZHQSFYF4NZ49L971B5.pcm /Users/runner/work/orange-cloud/orange-cloud/orange-cloud/apps/ios/Orange\ Cloud/build/ModuleCache.noindex/CFNetwork-9JT0HAQOSLWGHBQ5NDYJQG9IZ.pcm /Users/runner/work/orange-cloud/orange-cloud/orange-cloud/apps/ios/Orange\ Cloud/build/ModuleCache.noindex/_DarwinFoundation1-3FWNNEOAQHVJBAUH4EJ7E6WWR.pcm /Users/runner/work/orange-cloud/orange-cloud/orange-cloud/apps/ios/Orange\ Cloud/build/ModuleCache.noindex/CoreFoundation-5LBIW7XW10W7KTC1HN6LRIZ9.pcm /Users/runner/work/orange-cloud/orange-cloud/orange-cloud/apps/ios/Orange\ Cloud/build/ModuleCache.noindex/_SwiftConcurrencyShims-9YMCYF9L9O6XN5OIQL840SLLK.pcm /Users/runner/work/orange-cloud/orange-cloud/orange-cloud/apps/ios/Orange\ Cloud/build/ModuleCache.noindex/ptrauth-546J9SBAQ7ZZL9NBR0AUUVV4D.pcm /Users/runner/work/orange-cloud/orange-cloud/orange-cloud/apps/ios/Orange\ Cloud/build/ModuleCache.noindex/ptrcheck-11TPB6HHKEOUIJZ3SWON5SNBC.pcm /Users/runner/work/orange-cloud/orange-cloud/orange-cloud/apps/ios/Orange\ Cloud/build/ModuleCache.noindex/_Builtin_stdarg-2LGBBZG062KMT1FRJ36H6ZPEE.pcm /Users/runner/work/orange-cloud/orange-cloud/orange-cloud/apps/ios/Orange\ Cloud/build/ModuleCache.noindex/Darwin-21LSS4ICKML4SPBMHUMHFUPW6.pcm /Users/runner/work/orange-cloud/orange-cloud/orange-cloud/apps/ios/Orange\ Cloud/build/ModuleCache.noindex/_Builtin_stdbool-E1JBS337CJUWF1XUKQF8AAFXC.pcm /Users/runner/work/orange-cloud/orange-cloud/orange-cloud/apps/ios/Orange\ Cloud/build/ModuleCache.noindex/_Builtin_float-8XGXUW6AS45A95NNWABG8P538.pcm /Users/runner/work/orange-cloud/orange-cloud/orange-cloud/apps/ios/Orange\ Cloud/build/ModuleCache.noindex/_Builtin_stdint-CVMLZ4CZR6XABP0MOM97UB870.pcm /Users/runner/work/orange-cloud/orange-cloud/orange-cloud/apps/ios/Orange\ Cloud/build/ModuleCache.noindex/_Builtin_limits-AKD9UWC5RL57HMBV2HZSUMF78.pcm /Users/runner/work/orange-cloud/orange-cloud/orange-cloud/apps/ios/Orange\ Cloud/build/ModuleCache.noindex/UserNotifications-85HHARYWIH5F5CECTIRLE0UXI.pcm /Users/runner/work/orange-cloud/orange-cloud/orange-cloud/apps/ios/Orange\ Cloud/build/ModuleCache.noindex/Security-7VR20GBMJZXSAX5JLEEW84FK0.pcm /Users/runner/work/orange-cloud/orange-cloud/orange-cloud/apps/ios/Orange\ Cloud/build/ModuleCache.noindex/_Builtin_inttypes-XXB7PI9Z9YMY483AN138YQFV.pcm /Users/runner/work/orange-cloud/orange-cloud/orange-cloud/apps/ios/Orange\ Cloud/build/ModuleCache.noindex/Dispatch-4W2VK0DK5VS7A9TDA657D0C7S.pcm /Users/runner/work/orange-cloud/orange-cloud/orange-cloud/apps/ios/Orange\ Cloud/build/ModuleCache.noindex/ObjectiveC-D42VUH7JL6RIXVZLLOVY6TCOL.pcm /Users/runner/work/orange-cloud/orange-cloud/orange-cloud/apps/ios/Orange\ Cloud/build/ModuleCache.noindex/sys_types-3LQW6H2J67JF9LOKCYTQQUJFO.pcm /Users/runner/work/orange-cloud/orange-cloud/orange-cloud/apps/ios/Orange\ Cloud/build/ModuleCache.noindex/_DarwinFoundation2-BPK974U1L5DJTZD5ZGR23RQ5U.pcm /Users/runner/work/orange-cloud/orange-cloud/orange-cloud/apps/ios/Orange\ Cloud/build/ModuleCache.noindex/os_workgroup-60N9IFY7S49DR9XFSZXZDE1TN.pcm /Users/runner/work/orange-cloud/orange-cloud/orange-cloud/apps/ios/Orange\ Cloud/build/ModuleCache.noindex/SwiftShims-90GDS6AS8SS0WYANHYRBTNK5Y.pcm /Users/runner/work/orange-cloud/orange-cloud/orange-cloud/apps/ios/Orange\ Cloud/build/ModuleCache.noindex/Foundation-4GXNUBTXEQN2UJ4Y6PJLTJK9V.pcm /Users/runner/work/orange-cloud/orange-cloud/orange-cloud/apps/ios/Orange\ Cloud/build/ModuleCache.noindex/_Builtin_stddef-BDDA5SR1T2HA8UBFUUECW1UYG.pcm /Users/runner/work/orange-cloud/orange-cloud/orange-cloud/apps/ios/Orange\ Cloud/build/ModuleCache.noindex/CommonCrypto-F4NOUFJPS255QKF84MKAMZP4Q.pcm /Users/runner/work/orange-cloud/orange-cloud/orange-cloud/apps/ios/Orange\ Cloud/build/ModuleCache.noindex/_AvailabilityInternal-EFHL7RW7XSVSBJMIAP4VDG4K8.pcm /Users/runner/work/orange-cloud/orange-cloud/orange-cloud/apps/ios/Orange\ Cloud/build/Build/Intermediates.noindex/Orange\ Cloud.build/Release-iphoneos/notification.build/Objects-normal/arm64/notification-dependencies-1.json (in target 'notification' from project 'Orange Cloud')
CompileSwift normal arm64 (in target 'notification' from project 'Orange Cloud')
    cd /Users/runner/work/orange-cloud/orange-cloud/orange-cloud/apps/ios/Orange\ Cloud
    

SwiftExplicitDependencyGeneratePcm arm64 /Users/runner/work/orange-cloud/orange-cloud/orange-cloud/apps/ios/Orange\ Cloud/build/ModuleCache.noindex/Intents-C8FO32JNYT0GZCX6IPZ1HKM8V.pcm

SwiftExplicitDependencyGeneratePcm arm64 /Users/runner/work/orange-cloud/orange-cloud/orange-cloud/apps/ios/Orange\ Cloud/build/ModuleCache.noindex/UIKit-2Q36L9W1IKUCSYF74BYGZ9THM.pcm

SwiftExplicitDependencyGeneratePcm arm64_32 /Users/runner/work/orange-cloud/orange-cloud/orange-cloud/apps/ios/Orange\ Cloud/build/ModuleCache.noindex/Foundation-CWKO586JQBMGS19BFJ67XKSG4.pcm

SwiftExplicitDependencyGeneratePcm arm64 /Users/runner/work/orange-cloud/orange-cloud/orange-cloud/apps/ios/Orange\ Cloud/build/ModuleCache.noindex/UniformTypeIdentifiers-91LRHZ5WD26NIZT8YT8ETQB7P.pcm

SwiftExplicitDependencyGeneratePcm arm64_32 /Users/runner/work/orange-cloud/orange-cloud/orange-cloud/apps/ios/Orange\ Cloud/build/ModuleCache.noindex/RelevanceKit-6S65DHV30KKFU15JCZ59JH7B8.pcm

SwiftCompile normal arm64 Compiling\ FileProviderEnumerator.swift,\ FileProviderExtension.swift,\ FileProviderIdentifierStore.swift,\ FileProviderItem.swift,\ R2FileProviderClient.swift,\ RefreshGate.swift /Users/runner/work/orange-cloud/orange-cloud/orange-cloud/apps/ios/Orange\ Cloud/Orange\ Cloud\ File/FileProviderEnumerator.swift /Users/runner/work/orange-cloud/orange-cloud/orange-cloud/apps/ios/Orange\ Cloud/Orange\ Cloud\ File/FileProviderExtension.swift /Users/runner/work/orange-cloud/orange-cloud/orange-cloud/apps/ios/Orange\ Cloud/Orange\ Cloud\ File/FileProviderIdentifierStore.swift /Users/runner/work/orange-cloud/orange-cloud/orange-cloud/apps/ios/Orange\ Cloud/Orange\ Cloud\ File/FileProviderItem.swift /Users/runner/work/orange-cloud/orange-cloud/orange-cloud/apps/ios/Orange\ Cloud/Orange\ Cloud\ File/R2FileProviderClient.swift /Users/runner/work/orange-cloud/orange-cloud/orange-cloud/apps/ios/Orange\ Cloud/Orange\ Cloud\ File/RefreshGate.swift /Applications/Xcode_26.6.app/Contents/Developer/Toolchains/XcodeDefault.xctoolchain/usr/lib/swift/iphoneos/prebuilt-modules/26.5/Swift.swiftmodule/arm64e-apple-ios.swiftmodule /Applications/Xcode_26.6.app/Contents/Developer/Toolchains/XcodeDefault.xctoolchain/usr/lib/swift/iphoneos/prebuilt-modules/26.5/CoreFoundation.swiftmodule/arm64e-apple-ios.swiftmodule /Applications/Xcode_26.6.app/Contents/Developer/Toolchains/XcodeDefault.xctoolchain/usr/lib/swift/iphoneos/prebuilt-modules/26.5/_StringProcessing.swiftmodule/arm64e-apple-ios.swiftmodule /Applications/Xcode_26.6.app/Contents/Developer/Toolchains/XcodeDefault.xctoolchain/usr/lib/swift/iphoneos/prebuilt-modules/26.5/FileProvider.swiftmodule/arm64e-apple-ios.swiftmodule /Applications/Xcode_26.6.app/Contents/Developer/Toolchains/XcodeDefault.xctoolchain/usr/lib/swift/iphoneos/prebuilt-modules/26.5/_DarwinFoundation1.swiftmodule/arm64e-apple-ios.swiftmodule /Applications/Xcode_26.6.app/Contents/Developer/Toolchains/XcodeDefault.xctoolchain/usr/lib/swift/iphoneos/prebuilt-modules/26.5/Darwin.swiftmodule/arm64e-apple-ios.swiftmodule /Applications/Xcode_26.6.app/Contents/Developer/Toolchains/XcodeDefault.xctoolchain/usr/lib/swift/iphoneos/prebuilt-modules/26.5/Foundation.swiftmodule/arm64e-apple-ios.swiftmodule /Applications/Xcode_26.6.app/Contents/Developer/Toolchains/XcodeDefault.xctoolchain/usr/lib/swift/iphoneos/prebuilt-modules/26.5/Observation.swiftmodule/arm64e-apple-ios.swiftmodule /Applications/Xcode_26.6.app/Contents/Developer/Toolchains/XcodeDefault.xctoolchain/usr/lib/swift/iphoneos/prebuilt-modules/26.5/ObjectiveC.swiftmodule/arm64e-apple-ios.swiftmodule /Applications/Xcode_26.6.app/Contents/Developer/Toolchains/XcodeDefault.xctoolchain/usr/lib/swift/iphoneos/prebuilt-modules/26.5/UniformTypeIdentifiers.swiftmodule/arm64e-apple-ios.swiftmodule /Applications/Xcode_26.6.app/Contents/Developer/Toolchains/XcodeDefault.xctoolchain/usr/lib/swift/iphoneos/prebuilt-modules/26.5/System.swiftmodule/arm64e-apple-ios.swiftmodule /Applications/Xcode_26.6.app/Contents/Developer/Toolchains/XcodeDefault.xctoolchain/usr/lib/swift/iphoneos/prebuilt-modules/26.5/_DarwinFoundation3.swiftmodule/arm64e-apple-ios.swiftmodule /Applications/Xcode_26.6.app/Contents/Developer/Toolchains/XcodeDefault.xctoolchain/usr/lib/swift/iphoneos/prebuilt-modules/26.5/_Concurrency.swiftmodule/arm64e-apple-ios.swiftmodule /Applications/Xcode_26.6.app/Contents/Developer/Toolchains/XcodeDefault.xctoolchain/usr/lib/swift/iphoneos/prebuilt-modules/26.5/XPC.swiftmodule/arm64e-apple-ios.swiftmodule /Applications/Xcode_26.6.app/Contents/Developer/Toolchains/XcodeDefault.xctoolchain/usr/lib/swift/iphoneos/prebuilt-modules/26.5/_DarwinFoundation2.swiftmodule/arm64e-apple-ios.swiftmodule /Applications/Xcode_26.6.app/Contents/Developer/Toolchains/XcodeDefault.xctoolchain/usr/lib/swift/iphoneos/prebuilt-modules/26.5/CoreGraphics.swiftmodule/arm64e-apple-ios.swiftmodule /Applications/Xcode_26.6.app/Contents/Developer/Toolchains/XcodeDefault.xctoolchain/usr/lib/swift/iphoneos/prebuilt-modules/26.5/Combine.swiftmodule/arm64e-apple-ios.swiftmodule /Applications/Xcode_26.6.app/Contents/Developer/Toolchains/XcodeDefault.xctoolchain/usr/lib/swift/iphoneos/prebuilt-modules/26.5/Dispatch.swiftmodule/arm64e-apple-ios.swiftmodule /Applications/Xcode_26.6.app/Contents/Developer/Toolchains/XcodeDefault.xctoolchain/usr/lib/swift/iphoneos/prebuilt-modules/26.5/_Builtin_float.swiftmodule/arm64e-apple-ios.swiftmodule /Users/runner/work/orange-cloud/orange-cloud/orange-cloud/apps/ios/Orange\ Cloud/build/ModuleCache.noindex/os_workgroup-60N9IFY7S49DR9XFSZXZDE1TN.pcm /Users/runner/work/orange-cloud/orange-cloud/orange-cloud/apps/ios/Orange\ Cloud/build/ModuleCache.noindex/_DarwinFoundation2-BPK974U1L5DJTZD5ZGR23RQ5U.pcm /Users/runner/work/orange-cloud/orange-cloud/orange-cloud/apps/ios/Orange\ Cloud/build/ModuleCache.noindex/_SwiftConcurrencyShims-9YMCYF9L9O6XN5OIQL840SLLK.pcm /Users/runner/work/orange-cloud/orange-cloud/orange-cloud/apps/ios/Orange\ Cloud/build/ModuleCache.noindex/_Builtin_float-8XGXUW6AS45A95NNWABG8P538.pcm /Users/runner/work/orange-cloud/orange-cloud/orange-cloud/apps/ios/Orange\ Cloud/build/ModuleCache.noindex/ObjectiveC-D42VUH7JL6RIXVZLLOVY6TCOL.pcm /Users/runner/work/orange-cloud/orange-cloud/orange-cloud/apps/ios/Orange\ Cloud/build/ModuleCache.noindex/XPC-22YAO9BZHQSFYF4NZ49L971B5.pcm /Users/runner/work/orange-cloud/orange-cloud/orange-cloud/apps/ios/Orange\ Cloud/build/ModuleCache.noindex/_DarwinFoundation1-3FWNNEOAQHVJBAUH4EJ7E6WWR.pcm /Users/runner/work/orange-cloud/orange-cloud/orange-cloud/apps/ios/Orange\ Cloud/build/ModuleCache.noindex/_Builtin_stdbool-E1JBS337CJUWF1XUKQF8AAFXC.pcm /Users/runner/work/orange-cloud/orange-cloud/orange-cloud/apps/ios/Orange\ Cloud/build/ModuleCache.noindex/_Builtin_limits-AKD9UWC5RL57HMBV2HZSUMF78.pcm /Users/runner/work/orange-cloud/orange-cloud/orange-cloud/apps/ios/Orange\ Cloud/build/ModuleCache.noindex/ptrcheck-11TPB6HHKEOUIJZ3SWON5SNBC.pcm /Users/runner/work/orange-cloud/orange-cloud/orange-cloud/apps/ios/Orange\ Cloud/build/ModuleCache.noindex/sys_types-3LQW6H2J67JF9LOKCYTQQUJFO.pcm /Users/runner/work/orange-cloud/orange-cloud/orange-cloud/apps/ios/Orange\ Cloud/build/ModuleCache.noindex/Foundation-4GXNUBTXEQN2UJ4Y6PJLTJK9V.pcm /Users/runner/work/orange-cloud/orange-cloud/orange-cloud/apps/ios/Orange\ Cloud/build/ModuleCache.noindex/ptrauth-546J9SBAQ7ZZL9NBR0AUUVV4D.pcm /Users/runner/work/orange-cloud/orange-cloud/orange-cloud/apps/ios/Orange\ Cloud/build/ModuleCache.noindex/_Builtin_inttypes-XXB7PI9Z9YMY483AN138YQFV.pcm /Users/runner/work/orange-cloud/orange-cloud/orange-cloud/apps/ios/Orange\ Cloud/build/ModuleCache.noindex/_Builtin_stdarg-2LGBBZG062KMT1FRJ36H6ZPEE.pcm /Users/runner/work/orange-cloud/orange-cloud/orange-cloud/apps/ios/Orange\ Cloud/build/ModuleCache.noindex/CoreGraphics-75B2WKEPL5RHSYOTL7WGYLL4H.pcm /Users/runner/work/orange-cloud/orange-cloud/orange-cloud/apps/ios/Orange\ Cloud/build/ModuleCache.noindex/SwiftShims-90GDS6AS8SS0WYANHYRBTNK5Y.pcm /Users/runner/work/orange-cloud/orange-cloud/orange-cloud/apps/ios/Orange\ Cloud/build/ModuleCache.noindex/CFNetwork-9JT0HAQOSLWGHBQ5NDYJQG9IZ.pcm /Users/runner/work/orange-cloud/orange-cloud/orange-cloud/apps/ios/Orange\ Cloud/build/ModuleCache.noindex/Security-7VR20GBMJZXSAX5JLEEW84FK0.pcm /Users/runner/work/orange-cloud/orange-cloud/orange-cloud/apps/ios/Orange\ Cloud/build/ModuleCache.noindex/FileProvider-DWIP0W4535B0G2GDNS57Z2TFV.pcm /Users/runner/work/orange-cloud/orange-cloud/orange-cloud/apps/ios/Orange\ Cloud/build/ModuleCache.noindex/UniformTypeIdentifiers-91LRHZ5WD26NIZT8YT8ETQB7P.pcm /Users/runner/work/orange-cloud/orange-cloud/orange-cloud/apps/ios/Orange\ Cloud/build/ModuleCache.noindex/Darwin-21LSS4ICKML4SPBMHUMHFUPW6.pcm /Users/runner/work/orange-cloud/orange-cloud/orange-cloud/apps/ios/Orange\ Cloud/build/ModuleCache.noindex/os_object-4M7UOCUL7F55X8MLR7CNI8FYE.pcm /Users/runner/work/orange-cloud/orange-cloud/orange-cloud/apps/ios/Orange\ Cloud/build/ModuleCache.noindex/Dispatch-4W2VK0DK5VS7A9TDA657D0C7S.pcm /Users/runner/work/orange-cloud/orange-cloud/orange-cloud/apps/ios/Orange\ Cloud/build/ModuleCache.noindex/_DarwinFoundation3-3E28P4D1LKVQYU2HNL9H04I60.pcm /Users/runner/work/orange-cloud/orange-cloud/orange-cloud/apps/ios/Orange\ Cloud/build/ModuleCache.noindex/_AvailabilityInternal-EFHL7RW7XSVSBJMIAP4VDG4K8.pcm /Users/runner/work/orange-cloud/orange-cloud/orange-cloud/apps/ios/Orange\ Cloud/build/ModuleCache.noindex/_Builtin_stdint-CVMLZ4CZR6XABP0MOM97UB870.pcm /Users/runner/work/orange-cloud/orange-cloud/orange-cloud/apps/ios/Orange\ Cloud/build/ModuleCache.noindex/_Builtin_stddef-BDDA5SR1T2HA8UBFUUECW1UYG.pcm /Users/runner/work/orange-cloud/orange-cloud/orange-cloud/apps/ios/Orange\ Cloud/build/ModuleCache.noindex/CoreFoundation-5LBIW7XW10W7KTC1HN6LRIZ9.pcm /Users/runner/work/orange-cloud/orange-cloud/orange-cloud/apps/ios/Orange\ Cloud/build/Build/Intermediates.noindex/Orange\ Cloud.build/Release-iphoneos/Orange\ Cloud\ File.build/Objects-normal/arm64/Orange_Cloud_File-dependencies-1.json (in target 'Orange Cloud File' from project 'Orange Cloud')
CompileSwift normal arm64 (in target 'Orange Cloud File' from project 'Orange Cloud')
    cd /Users/runner/work/orange-cloud/orange-cloud/orange-cloud/apps/ios/Orange\ Cloud
    

SwiftExplicitDependencyGeneratePcm arm64 /Users/runner/work/orange-cloud/orange-cloud/orange-cloud/apps/ios/Orange\ Cloud/build/ModuleCache.noindex/CoreSpotlight-COYRZSN8WFI5EZ8I3WHRVASF2.pcm

SwiftExplicitDependencyGeneratePcm arm64_32 /Users/runner/work/orange-cloud/orange-cloud/orange-cloud/apps/ios/Orange\ Cloud/build/ModuleCache.noindex/Symbols-FN56NPU0PYZAM0UI554YAD2W.pcm

SwiftExplicitDependencyGeneratePcm arm64_32 /Users/runner/work/orange-cloud/orange-cloud/orange-cloud/apps/ios/Orange\ Cloud/build/ModuleCache.noindex/Network-16JR9OZ7WR5TT4N91TYVR8FVA.pcm

SwiftExplicitDependencyGeneratePcm arm64_32 /Users/runner/work/orange-cloud/orange-cloud/orange-cloud/apps/ios/Orange\ Cloud/build/ModuleCache.noindex/UserNotifications-4RD7X00RVR5JXB5WQZDJBWNY7.pcm

SwiftExplicitDependencyGeneratePcm arm64_32 /Users/runner/work/orange-cloud/orange-cloud/orange-cloud/apps/ios/Orange\ Cloud/build/ModuleCache.noindex/SceneKit-9HMLQ33ZCHIRYB019JEJMEC0B.pcm

SwiftExplicitDependencyGeneratePcm arm64_32 /Users/runner/work/orange-cloud/orange-cloud/orange-cloud/apps/ios/Orange\ Cloud/build/ModuleCache.noindex/OSLog-EAFC46IY06EZ15N3JBD04ZU3A.pcm

SwiftDriverJobDiscovery normal arm64 Compiling NotificationService.swift, PushExtensionStore.swift (in target 'notification' from project 'Orange Cloud')

SwiftDriver\ Compilation\ Requirements notification normal arm64 com.apple.xcode.tools.swift.compiler (in target 'notification' from project 'Orange Cloud')
    cd /Users/runner/work/orange-cloud/orange-cloud/orange-cloud/apps/ios/Orange\ Cloud
    builtin-Swift-Compilation-Requirements -- /Applications/Xcode_26.6.app/Contents/Developer/Toolchains/XcodeDefault.xctoolchain/usr/bin/swiftc -module-name notification -O -whole-module-optimization @/Users/runner/work/orange-cloud/orange-cloud/orange-cloud/apps/ios/Orange\ Cloud/build/Build/Intermediates.noindex/Orange\ Cloud.build/Release-iphoneos/notification.build/Objects-normal/arm64/notification.SwiftFileList -DOPENSOURCE_UNLOCKED -D OPENSOURCE_UNLOCKED -enable-bare-slash-regex -enable-upcoming-feature DisableOutwardActorInference -enable-upcoming-feature InferSendableFromCaptures -enable-upcoming-feature GlobalActorIsolatedTypesUsability -enable-upcoming-feature MemberImportVisibility -enable-upcoming-feature InferIsolatedConformances -enable-upcoming-feature NonisolatedNonsendingByDefault -enable-experimental-feature DebugDescriptionMacro -sdk /Applications/Xcode_26.6.app/Contents/Developer/Platforms/iPhoneOS.platform/Developer/SDKs/iPhoneOS26.5.sdk -target arm64-apple-ios17.0 -g -module-cache-path /Users/runner/work/orange-cloud/orange-cloud/orange-cloud/apps/ios/Orange\ Cloud/build/ModuleCache.noindex -Xfrontend -serialize-debugging-options -application-extension -swift-version 5 -I /Users/runner/work/orange-cloud/orange-cloud/orange-cloud/apps/ios/Orange\ Cloud/build/Build/Products/Release-iphoneos -F /Users/runner/work/orange-cloud/orange-cloud/orange-cloud/apps/ios/Orange\ Cloud/build/Build/Products/Release-iphoneos -emit-localized-strings -emit-localized-strings-path /Users/runner/work/orange-cloud/orange-cloud/orange-cloud/apps/ios/Orange\ Cloud/build/Build/Intermediates.noindex/Orange\ Cloud.build/Release-iphoneos/notification.build/Objects-normal/arm64 -c -num-threads 3 -Xcc -ivfsstatcache -Xcc /Users/runner/work/orange-cloud/orange-cloud/orange-cloud/apps/ios/Orange\ Cloud/build/SDKStatCaches.noindex/iphoneos26.5-23F81a-688ef53f1462e2c8f657fdc38a81448fee66e23052a0157c865c76b268046726.sdkstatcache -output-file-map /Users/runner/work/orange-cloud/orange-cloud/orange-cloud/apps/ios/Orange\ Cloud/build/Build/Intermediates.noindex/Orange\ Cloud.build/Release-iphoneos/notification.build/Objects-normal/arm64/notification-OutputFileMap.json -use-frontend-parseable-output -save-temps -no-color-diagnostics -explicit-module-build -module-cache-path /Users/runner/work/orange-cloud/orange-cloud/orange-cloud/apps/ios/Orange\ Cloud/build/Build/Intermediates.noindex/SwiftExplicitPrecompiledModules -clang-scanner-module-cache-path /Users/runner/work/orange-cloud/orange-cloud/orange-cloud/apps/ios/Orange\ Cloud/build/ModuleCache.noindex -sdk-module-cache-path /Users/runner/work/orange-cloud/orange-cloud/orange-cloud/apps/ios/Orange\ Cloud/build/ModuleCache.noindex -serialize-diagnostics -emit-dependencies -emit-module -emit-module-path /Users/runner/work/orange-cloud/orange-cloud/orange-cloud/apps/ios/Orange\ Cloud/build/Build/Intermediates.noindex/Orange\ Cloud.build/Release-iphoneos/notification.build/Objects-normal/arm64/notification.swiftmodule -validate-clang-modules-once -clang-build-session-file /Users/runner/work/orange-cloud/orange-cloud/orange-cloud/apps/ios/Orange\ Cloud/build/ModuleCache.noindex/Session.modulevalidation -Xcc -I/Users/runner/work/orange-cloud/orange-cloud/orange-cloud/apps/ios/Orange\ Cloud/build/Build/Intermediates.noindex/Orange\ Cloud.build/Release-iphoneos/notification.build/swift-overrides.hmap -emit-const-values -Xfrontend -const-gather-protocols-file -Xfrontend /Users/runner/work/orange-cloud/orange-cloud/orange-cloud/apps/ios/Orange\ Cloud/build/Build/Intermediates.noindex/Orange\ Cloud.build/Release-iphoneos/notification.build/Objects-normal/arm64/notification_const_extract_protocols.json -Xcc -iquote -Xcc /Users/runner/work/orange-cloud/orange-cloud/orange-cloud/apps/ios/Orange\ Cloud/build/Build/Intermediates.noindex/Orange\ Cloud.build/Release-iphoneos/notification.build/notification-generated-files.hmap -Xcc -I/Users/runner/work/orange-cloud/orange-cloud/orange-cloud/apps/ios/Orange\ Cloud/build/Build/Intermediates.noindex/Orange\ Cloud.build/Release-iphoneos/notification.build/notification-own-target-headers.hmap -Xcc -I/Users/runner/work/orange-cloud/orange-cloud/orange-cloud/apps/ios/Orange\ Cloud/build/Build/Intermediates.noindex/Orange\ Cloud.build/Release-iphoneos/notification.build/notification-all-non-framework-target-headers.hmap -Xcc -ivfsoverlay -Xcc /Users/runner/work/orange-cloud/orange-cloud/orange-cloud/apps/ios/Orange\ Cloud/build/Build/Intermediates.noindex/Orange\ Cloud.build/Release-iphoneos/Orange\ Cloud-caa53a888f9e6677ffee03f20a1a9cdb-VFS-iphoneos/all-product-headers.yaml -Xcc -iquote -Xcc /Users/runner/work/orange-cloud/orange-cloud/orange-cloud/apps/ios/Orange\ Cloud/build/Build/Intermediates.noindex/Orange\ Cloud.build/Release-iphoneos/notification.build/notification-project-headers.hmap -Xcc -I/Users/runner/work/orange-cloud/orange-cloud/orange-cloud/apps/ios/Orange\ Cloud/build/Build/Products/Release-iphoneos/include -Xcc -I/Users/runner/work/orange-cloud/orange-cloud/orange-cloud/apps/ios/Orange\ Cloud/build/Build/Intermediates.noindex/Orange\ Cloud.build/Release-iphoneos/notification.build/DerivedSources-normal/arm64 -Xcc -I/Users/runner/work/orange-cloud/orange-cloud/orange-cloud/apps/ios/Orange\ Cloud/build/Build/Intermediates.noindex/Orange\ Cloud.build/Release-iphoneos/notification.build/DerivedSources/arm64 -Xcc -I/Users/runner/work/orange-cloud/orange-cloud/orange-cloud/apps/ios/Orange\ Cloud/build/Build/Intermediates.noindex/Orange\ Cloud.build/Release-iphoneos/notification.build/DerivedSources -emit-objc-header -emit-objc-header-path /Users/runner/work/orange-cloud/orange-cloud/orange-cloud/apps/ios/Orange\ Cloud/build/Build/Intermediates.noindex/Orange\ Cloud.build/Release-iphoneos/notification.build/Objects-normal/arm64/notification-Swift.h -working-directory /Users/runner/work/orange-cloud/orange-cloud/orange-cloud/apps/ios/Orange\ Cloud -no-emit-module-separately-wmo

SwiftExplicitDependencyGeneratePcm arm64_32 /Users/runner/work/orange-cloud/orange-cloud/orange-cloud/apps/ios/Orange\ Cloud/build/ModuleCache.noindex/AppIntents-8RQK4CFUNWTGDTENA2XVY76R3.pcm

SwiftMergeGeneratedHeaders /Users/runner/work/orange-cloud/orange-cloud/orange-cloud/apps/ios/Orange\ Cloud/build/Build/Intermediates.noindex/Orange\ Cloud.build/Release-iphoneos/notification.build/DerivedSources/notification-Swift.h /Users/runner/work/orange-cloud/orange-cloud/orange-cloud/apps/ios/Orange\ Cloud/build/Build/Intermediates.noindex/Orange\ Cloud.build/Release-iphoneos/notification.build/Objects-normal/arm64/notification-Swift.h (in target 'notification' from project 'Orange Cloud')
    cd /Users/runner/work/orange-cloud/orange-cloud/orange-cloud/apps/ios/Orange\ Cloud
    builtin-swiftHeaderTool -arch arm64 /Users/runner/work/orange-cloud/orange-cloud/orange-cloud/apps/ios/Orange\ Cloud/build/Build/Intermediates.noindex/Orange\ Cloud.build/Release-iphoneos/notification.build/Objects-normal/arm64/notification-Swift.h -o /Users/runner/work/orange-cloud/orange-cloud/orange-cloud/apps/ios/Orange\ Cloud/build/Build/Intermediates.noindex/Orange\ Cloud.build/Release-iphoneos/notification.build/DerivedSources/notification-Swift.h

Copy /Users/runner/work/orange-cloud/orange-cloud/orange-cloud/apps/ios/Orange\ Cloud/build/Build/Products/Release-iphoneos/notification.swiftmodule/arm64-apple-ios.swiftmodule /Users/runner/work/orange-cloud/orange-cloud/orange-cloud/apps/ios/Orange\ Cloud/build/Build/Intermediates.noindex/Orange\ Cloud.build/Release-iphoneos/notification.build/Objects-normal/arm64/notification.swiftmodule (in target 'notification' from project 'Orange Cloud')
    cd /Users/runner/work/orange-cloud/orange-cloud/orange-cloud/apps/ios/Orange\ Cloud
    builtin-copy -exclude .DS_Store -exclude CVS -exclude .svn -exclude .git -exclude .hg -resolve-src-symlinks -rename /Users/runner/work/orange-cloud/orange-cloud/orange-cloud/apps/ios/Orange\ Cloud/build/Build/Intermediates.noindex/Orange\ Cloud.build/Release-iphoneos/notification.build/Objects-normal/arm64/notification.swiftmodule /Users/runner/work/orange-cloud/orange-cloud/orange-cloud/apps/ios/Orange\ Cloud/build/Build/Products/Release-iphoneos/notification.swiftmodule/arm64-apple-ios.swiftmodule

Copy /Users/runner/work/orange-cloud/orange-cloud/orange-cloud/apps/ios/Orange\ Cloud/build/Build/Products/Release-iphoneos/notification.swiftmodule/arm64-apple-ios.swiftdoc /Users/runner/work/orange-cloud/orange-cloud/orange-cloud/apps/ios/Orange\ Cloud/build/Build/Intermediates.noindex/Orange\ Cloud.build/Release-iphoneos/notification.build/Objects-normal/arm64/notification.swiftdoc (in target 'notification' from project 'Orange Cloud')
    cd /Users/runner/work/orange-cloud/orange-cloud/orange-cloud/apps/ios/Orange\ Cloud
    builtin-copy -exclude .DS_Store -exclude CVS -exclude .svn -exclude .git -exclude .hg -resolve-src-symlinks -rename /Users/runner/work/orange-cloud/orange-cloud/orange-cloud/apps/ios/Orange\ Cloud/build/Build/Intermediates.noindex/Orange\ Cloud.build/Release-iphoneos/notification.build/Objects-normal/arm64/notification.swiftdoc /Users/runner/work/orange-cloud/orange-cloud/orange-cloud/apps/ios/Orange\ Cloud/build/Build/Products/Release-iphoneos/notification.swiftmodule/arm64-apple-ios.swiftdoc

Copy /Users/runner/work/orange-cloud/orange-cloud/orange-cloud/apps/ios/Orange\ Cloud/build/Build/Products/Release-iphoneos/notification.swiftmodule/arm64-apple-ios.abi.json /Users/runner/work/orange-cloud/orange-cloud/orange-cloud/apps/ios/Orange\ Cloud/build/Build/Intermediates.noindex/Orange\ Cloud.build/Release-iphoneos/notification.build/Objects-normal/arm64/notification.abi.json (in target 'notification' from project 'Orange Cloud')
    cd /Users/runner/work/orange-cloud/orange-cloud/orange-cloud/apps/ios/Orange\ Cloud
    builtin-copy -exclude .DS_Store -exclude CVS -exclude .svn -exclude .git -exclude .hg -resolve-src-symlinks -rename /Users/runner/work/orange-cloud/orange-cloud/orange-cloud/apps/ios/Orange\ Cloud/build/Build/Intermediates.noindex/Orange\ Cloud.build/Release-iphoneos/notification.build/Objects-normal/arm64/notification.abi.json /Users/runner/work/orange-cloud/orange-cloud/orange-cloud/apps/ios/Orange\ Cloud/build/Build/Products/Release-iphoneos/notification.swiftmodule/arm64-apple-ios.abi.json

Copy /Users/runner/work/orange-cloud/orange-cloud/orange-cloud/apps/ios/Orange\ Cloud/build/Build/Products/Release-iphoneos/notification.swiftmodule/Project/arm64-apple-ios.swiftsourceinfo /Users/runner/work/orange-cloud/orange-cloud/orange-cloud/apps/ios/Orange\ Cloud/build/Build/Intermediates.noindex/Orange\ Cloud.build/Release-iphoneos/notification.build/Objects-normal/arm64/notification.swiftsourceinfo (in target 'notification' from project 'Orange Cloud')
    cd /Users/runner/work/orange-cloud/orange-cloud/orange-cloud/apps/ios/Orange\ Cloud
    builtin-copy -exclude .DS_Store -exclude CVS -exclude .svn -exclude .git -exclude .hg -resolve-src-symlinks -rename /Users/runner/work/orange-cloud/orange-cloud/orange-cloud/apps/ios/Orange\ Cloud/build/Build/Intermediates.noindex/Orange\ Cloud.build/Release-iphoneos/notification.build/Objects-normal/arm64/notification.swiftsourceinfo /Users/runner/work/orange-cloud/orange-cloud/orange-cloud/apps/ios/Orange\ Cloud/build/Build/Products/Release-iphoneos/notification.swiftmodule/Project/arm64-apple-ios.swiftsourceinfo

SwiftExplicitDependencyGeneratePcm arm64_32 /Users/runner/work/orange-cloud/orange-cloud/orange-cloud/apps/ios/Orange\ Cloud/build/ModuleCache.noindex/CoreData-EV13982O3J9O0DL6NQ0MFUR5G.pcm

SwiftExplicitDependencyGeneratePcm arm64_32 /Users/runner/work/orange-cloud/orange-cloud/orange-cloud/apps/ios/Orange\ Cloud/build/ModuleCache.noindex/_LocationEssentials-ABV75C5JIO94TMV3XYJPE4UQ6.pcm

SwiftExplicitDependencyGeneratePcm arm64_32 /Users/runner/work/orange-cloud/orange-cloud/orange-cloud/apps/ios/Orange\ Cloud/build/ModuleCache.noindex/UIUtilities-44RN5THOAP1194UQRB4A5BCQY.pcm

SwiftExplicitDependencyGeneratePcm arm64_32 /Users/runner/work/orange-cloud/orange-cloud/orange-cloud/apps/ios/Orange\ Cloud/build/ModuleCache.noindex/CoreLocation-F1YFVL9AS7WHWVYC3JNFCA13Z.pcm

SwiftExplicitDependencyGeneratePcm arm64_32 /Users/runner/work/orange-cloud/orange-cloud/orange-cloud/apps/ios/Orange\ Cloud/build/ModuleCache.noindex/CoreTransferable-2GJ31LK5AOTV7NCMGB23IPYSN.pcm

SwiftExplicitDependencyGeneratePcm arm64_32 /Users/runner/work/orange-cloud/orange-cloud/orange-cloud/apps/ios/Orange\ Cloud/build/ModuleCache.noindex/DataDetection-BE4EL2P39ZDO4HCTAP8NQXUBD.pcm

SwiftExplicitDependencyGeneratePcm arm64_32 /Users/runner/work/orange-cloud/orange-cloud/orange-cloud/apps/ios/Orange\ Cloud/build/ModuleCache.noindex/UniformTypeIdentifiers-8DJMQA1M4A0SRST21V5X56IJY.pcm

SwiftExplicitDependencyGeneratePcm arm64_32 /Users/runner/work/orange-cloud/orange-cloud/orange-cloud/apps/ios/Orange\ Cloud/build/ModuleCache.noindex/WidgetKit-1XK0A33WCN0TLGK3KZMRRYP6O.pcm

SwiftExplicitDependencyGeneratePcm arm64 /Users/runner/work/orange-cloud/orange-cloud/orange-cloud/apps/ios/Orange\ Cloud/build/ModuleCache.noindex/UserNotifications-B0B6BJMF6U9M7X02BD7FH9QFD.pcm

SwiftExplicitDependencyGeneratePcm arm64 /Users/runner/work/orange-cloud/orange-cloud/orange-cloud/apps/ios/Orange\ Cloud/build/ModuleCache.noindex/SwiftUI-1EEBA74L1NEMUOFB00CPPDQHX.pcm

SwiftExplicitDependencyGeneratePcm arm64_32 /Users/runner/work/orange-cloud/orange-cloud/orange-cloud/apps/ios/Orange\ Cloud/build/ModuleCache.noindex/Accessibility-6VHY6W8SPHQF7JB7W24BGP3MR.pcm

SwiftExplicitDependencyGeneratePcm arm64 /Users/runner/work/orange-cloud/orange-cloud/orange-cloud/apps/ios/Orange\ Cloud/build/ModuleCache.noindex/Intents-97KP82R1PKUR6IV6VF17J4PMZ.pcm

SwiftExplicitDependencyGeneratePcm arm64 /Users/runner/work/orange-cloud/orange-cloud/orange-cloud/apps/ios/Orange\ Cloud/build/ModuleCache.noindex/SwiftUICore-8WHCFS5V8K2PG2L7BZRIOJ631.pcm

SwiftExplicitDependencyGeneratePcm arm64_32 /Users/runner/work/orange-cloud/orange-cloud/orange-cloud/apps/ios/Orange\ Cloud/build/ModuleCache.noindex/QuartzCore-1PG13GR3UOXK2O6L41ZLPVJQ.pcm

SwiftCompile normal arm64 Compiling\ BillingCycle.swift,\ OrangeCloudControlWidget.swift,\ OrangeCloudWidgetsBundle.swift,\ TailLiveActivityWidget.swift,\ UsageFetcher.swift,\ UsageWidget.swift,\ WidgetAccessory.swift,\ WidgetDaybreak.swift,\ WidgetFetcher.swift,\ ZoneStatusWidget.swift,\ ZoneWidgets.swift,\ ByteFormat.swift,\ DayBoundary.swift,\ FileProviderDomainID.swift,\ SharedAuth.swift,\ SkyPhase.swift,\ TailActivityAttributes.swift,\ Theme.swift,\ WatchBridgePayload.swift,\ WidgetConfigIntents.swift,\ WidgetSnapshot.swift,\ GeneratedStringSymbols_Localizable.swift /Users/runner/work/orange-cloud/orange-cloud/orange-cloud/apps/ios/Orange\ Cloud/Shared/BillingCycle.swift /Users/runner/work/orange-cloud/orange-cloud/orange-cloud/apps/ios/Orange\ Cloud/OrangeCloudWidgets/OrangeCloudControlWidget.swift /Users/runner/work/orange-cloud/orange-cloud/orange-cloud/apps/ios/Orange\ Cloud/OrangeCloudWidgets/OrangeCloudWidgetsBundle.swift /Users/runner/work/orange-cloud/orange-cloud/orange-cloud/apps/ios/Orange\ Cloud/OrangeCloudWidgets/TailLiveActivityWidget.swift /Users/runner/work/orange-cloud/orange-cloud/orange-cloud/apps/ios/Orange\ Cloud/OrangeCloudWidgets/UsageFetcher.swift /Users/runner/work/orange-cloud/orange-cloud/orange-cloud/apps/ios/Orange\ Cloud/OrangeCloudWidgets/UsageWidget.swift /Users/runner/work/orange-cloud/orange-cloud/orange-cloud/apps/ios/Orange\ Cloud/OrangeCloudWidgets/WidgetAccessory.swift /Users/runner/work/orange-cloud/orange-cloud/orange-cloud/apps/ios/Orange\ Cloud/OrangeCloudWidgets/WidgetDaybreak.swift /Users/runner/work/orange-cloud/orange-cloud/orange-cloud/apps/ios/Orange\ Cloud/OrangeCloudWidgets/WidgetFetcher.swift /Users/runner/work/orange-cloud/orange-cloud/orange-cloud/apps/ios/Orange\ Cloud/OrangeCloudWidgets/ZoneStatusWidget.swift /Users/runner/work/orange-cloud/orange-cloud/orange-cloud/apps/ios/Orange\ Cloud/OrangeCloudWidgets/ZoneWidgets.swift /Users/runner/work/orange-cloud/orange-cloud/orange-cloud/apps/ios/Orange\ Cloud/Shared/ByteFormat.swift /Users/runner/work/orange-cloud/orange-cloud/orange-cloud/apps/ios/Orange\ Cloud/Shared/DayBoundary.swift /Users/runner/work/orange-cloud/orange-cloud/orange-cloud/apps/ios/Orange\ Cloud/Shared/FileProviderDomainID.swift /Users/runner/work/orange-cloud/orange-cloud/orange-cloud/apps/ios/Orange\ Cloud/Shared/SharedAuth.swift /Users/runner/work/orange-cloud/orange-cloud/orange-cloud/apps/ios/Orange\ Cloud/Shared/SkyPhase.swift /Users/runner/work/orange-cloud/orange-cloud/orange-cloud/apps/ios/Orange\ Cloud/Shared/TailActivityAttributes.swift /Users/runner/work/orange-cloud/orange-cloud/orange-cloud/apps/ios/Orange\ Cloud/Shared/Theme.swift /Users/runner/work/orange-cloud/orange-cloud/orange-cloud/apps/ios/Orange\ Cloud/Shared/WatchBridgePayload.swift /Users/runner/work/orange-cloud/orange-cloud/orange-cloud/apps/ios/Orange\ Cloud/Shared/WidgetConfigIntents.swift /Users/runner/work/orange-cloud/orange-cloud/orange-cloud/apps/ios/Orange\ Cloud/Shared/WidgetSnapshot.swift /Users/runner/work/orange-cloud/orange-cloud/orange-cloud/apps/ios/Orange\ Cloud/build/Build/Intermediates.noindex/Orange\ Cloud.build/Release-iphoneos/OrangeCloudWidgetsExtension.build/DerivedSources/GeneratedStringSymbols_Localizable.swift /Applications/Xcode_26.6.app/Contents/Developer/Toolchains/XcodeDefault.xctoolchain/usr/lib/swift/iphoneos/prebuilt-modules/26.5/RelevanceKit.swiftmodule/arm64e-apple-ios.swiftmodule /Applications/Xcode_26.6.app/Contents/Developer/Toolchains/XcodeDefault.xctoolchain/usr/lib/swift/iphoneos/prebuilt-modules/26.5/Swift.swiftmodule/arm64e-apple-ios.swiftmodule /Applications/Xcode_26.6.app/Contents/Developer/Toolchains/XcodeDefault.xctoolchain/usr/lib/swift/iphoneos/prebuilt-modules/26.5/_DarwinFoundation1.swiftmodule/arm64e-apple-ios.swiftmodule /Applications/Xcode_26.6.app/Contents/Developer/Toolchains/XcodeDefault.xctoolchain/usr/lib/swift/iphoneos/prebuilt-modules/26.5/_Builtin_float.swiftmodule/arm64e-apple-ios.swiftmodule /Applications/Xcode_26.6.app/Contents/Developer/Toolchains/XcodeDefault.xctoolchain/usr/lib/swift/iphoneos/prebuilt-modules/26.5/CoreVideo.swiftmodule/arm64e-apple-ios.swiftmodule /Applications/Xcode_26.6.app/Contents/Developer/Toolchains/XcodeDefault.xctoolchain/usr/lib/swift/iphoneos/prebuilt-modules/26.5/LightweightCodeRequirements.swiftmodule/arm64e-apple-ios.swiftmodule /Applications/Xcode_26.6.app/Contents/Developer/Toolchains/XcodeDefault.xctoolchain/usr/lib/swift/iphoneos/prebuilt-modules/26.5/_DarwinFoundation3.swiftmodule/arm64e-apple-ios.swiftmodule /Applications/Xcode_26.6.app/Contents/Developer/Toolchains/XcodeDefault.xctoolchain/usr/lib/swift/iphoneos/prebuilt-modules/26.5/CoreData.swiftmodule/arm64e-apple-ios.swiftmodule /Applications/Xcode_26.6.app/Contents/Developer/Toolchains/XcodeDefault.xctoolchain/usr/lib/swift/iphoneos/prebuilt-modules/26.5/SwiftUI.swiftmodule/arm64e-apple-ios.swiftmodule /Applications/Xcode_26.6.app/Contents/Developer/Toolchains/XcodeDefault.xctoolchain/usr/lib/swift/iphoneos/prebuilt-modules/26.5/os.swiftmodule/arm64e-apple-ios.swiftmodule /Applications/Xcode_26.6.app/Contents/Developer/Toolchains/XcodeDefault.xctoolchain/usr/lib/swift/iphoneos/prebuilt-modules/26.5/_DarwinFoundation2.swiftmodule/arm64e-apple-ios.swiftmodule /Applications/Xcode_26.6.app/Contents/Developer/Toolchains/XcodeDefault.xctoolchain/usr/lib/swift/iphoneos/prebuilt-modules/26.5/Metal.swiftmodule/arm64e-apple-ios.swiftmodule /Applications/Xcode_26.6.app/Contents/Developer/Toolchains/XcodeDefault.xctoolchain/usr/lib/swift/iphoneos/prebuilt-modules/26.5/CoreText.swiftmodule/arm64e-apple-ios.swiftmodule /Applications/Xcode_26.6.app/Contents/Developer/Toolchains/XcodeDefault.xctoolchain/usr/lib/swift/iphoneos/prebuilt-modules/26.5/CoreSpotlight.swiftmodule/arm64e-apple-ios.swiftmodule /Applications/Xcode_26.6.app/Contents/Developer/Toolchains/XcodeDefault.xctoolchain/usr/lib/swift/iphoneos/prebuilt-modules/26.5/SwiftUICore.swiftmodule/arm64e-apple-ios.swiftmodule /Applications/Xcode_26.6.app/Contents/Developer/Toolchains/XcodeDefault.xctoolchain/usr/lib/swift/iphoneos/prebuilt-modules/26.5/Spatial.swiftmodule/arm64e-apple-ios.swiftmodule /Applications/Xcode_26.6.app/Contents/Developer/Toolchains/XcodeDefault.xctoolchain/usr/lib/swift/iphoneos/prebuilt-modules/26.5/System.swiftmodule/arm64e-apple-ios.swiftmodule /Applications/Xcode_26.6.app/Contents/Developer/Toolchains/XcodeDefault.xctoolchain/usr/lib/swift/iphoneos/prebuilt-modules/26.5/Accessibility.swiftmodule/arm64e-apple-ios.swiftmodule /Applications/Xcode_26.6.app/Contents/Developer/Toolchains/XcodeDefault.xctoolchain/usr/lib/swift/iphoneos/prebuilt-modules/26.5/ObjectiveC.swiftmodule/arm64e-apple-ios.swiftmodule /Applications/Xcode_26.6.app/Contents/Developer/Toolchains/XcodeDefault.xctoolchain/usr/lib/swift/iphoneos/prebuilt-modules/26.5/Foundation.swiftmodule/arm64e-apple-ios.swiftmodule /Applications/Xcode_26.6.app/Contents/Developer/Toolchains/XcodeDefault.xctoolchain/usr/lib/swift/iphoneos/prebuilt-modules/26.5/FileProvider.swiftmodule/arm64e-apple-ios.swiftmodule /Applications/Xcode_26.6.app/Contents/Developer/Toolchains/XcodeDefault.xctoolchain/usr/lib/swift/iphoneos/prebuilt-modules/26.5/UIKit.swiftmodule/arm64e-apple-ios.swiftmodule /Applications/Xcode_26.6.app/Contents/Developer/Toolchains/XcodeDefault.xctoolchain/usr/lib/swift/iphoneos/prebuilt-modules/26.5/ActivityKit.swiftmodule/arm64e-apple-ios.swiftmodule /Applications/Xcode_26.6.app/Contents/Developer/Toolchains/XcodeDefault.xctoolchain/usr/lib/swift/iphoneos/prebuilt-modules/26.5/Dispatch.swiftmodule/arm64e-apple-ios.swiftmodule /Applications/Xcode_26.6.app/Contents/Developer/Toolchains/XcodeDefault.xctoolchain/usr/lib/swift/iphoneos/prebuilt-modules/26.5/_Concurrency.swiftmodule/arm64e-apple-ios.swiftmodule /Applications/Xcode_26.6.app/Contents/Developer/Toolchains/XcodeDefault.xctoolchain/usr/lib/swift/iphoneos/prebuilt-modules/26.5/OSLog.swiftmodule/arm64e-apple-ios.swiftmodule /Applications/Xcode_26.6.app/Contents/Developer/Toolchains/XcodeDefault.xctoolchain/usr/lib/swift/iphoneos/prebuilt-modules/26.5/CoreGraphics.swiftmodule/arm64e-apple-ios.swiftmodule /Applications/Xcode_26.6.app/Contents/Developer/Toolchains/XcodeDefault.xctoolchain/usr/lib/swift/iphoneos/prebuilt-modules/26.5/AppIntents.swiftmodule/arm64e-apple-ios.swiftmodule /Applications/Xcode_26.6.app/Contents/Developer/Toolchains/XcodeDefault.xctoolchain/usr/lib/swift/iphoneos/prebuilt-modules/26.5/DataDetection.swiftmodule/arm64e-apple-ios.swiftmodule /Applications/Xcode_26.6.app/Contents/Developer/Toolchains/XcodeDefault.xctoolchain/usr/lib/swift/iphoneos/prebuilt-modules/26.5/UniformTypeIdentifiers.swiftmodule/arm64e-apple-ios.swiftmodule /Applications/Xcode_26.6.app/Contents/Developer/Toolchains/XcodeDefault.xctoolchain/usr/lib/swift/iphoneos/prebuilt-modules/26.5/ExtensionFoundation.swiftmodule/arm64e-apple-ios.swiftmodule /Applications/Xcode_26.6.app/Contents/Developer/Toolchains/XcodeDefault.xctoolchain/usr/lib/swift/iphoneos/prebuilt-modules/26.5/Distributed.swiftmodule/arm64e-apple-ios.swiftmodule /Applications/Xcode_26.6.app/Contents/Developer/Toolchains/XcodeDefault.xctoolchain/usr/lib/swift/iphoneos/prebuilt-modules/26.5/Symbols.swiftmodule/arm64e-apple-ios.swiftmodule /Applications/Xcode_26.6.app/Contents/Developer/Toolchains/XcodeDefault.xctoolchain/usr/lib/swift/iphoneos/prebuilt-modules/26.5/XPC.swiftmodule/arm64e-apple-ios.swiftmodule /Applications/Xcode_26.6.app/Contents/Developer/Toolchains/XcodeDefault.xctoolchain/usr/lib/swift/iphoneos/prebuilt-modules/26.5/_StringProcessing.swiftmodule/arm64e-apple-ios.swiftmodule /Applications/Xcode_26.6.app/Contents/Developer/Toolchains/XcodeDefault.xctoolchain/usr/lib/swift/iphoneos/prebuilt-modules/26.5/CoreImage.swiftmodule/arm64e-apple-ios.swiftmodule /Applications/Xcode_26.6.app/Contents/Developer/Toolchains/XcodeDefault.xctoolchain/usr/lib/swift/iphoneos/prebuilt-modules/26.5/CoreLocation.swiftmodule/arm64e-apple-ios.swiftmodule /Applications/Xcode_26.6.app/Contents/Developer/Toolchains/XcodeDefault.xctoolchain/usr/lib/swift/iphoneos/prebuilt-modules/26.5/Intents.swiftmodule/arm64e-apple-ios.swiftmodule /Applications/Xcode_26.6.app/Contents/Developer/Toolchains/XcodeDefault.xctoolchain/usr/lib/swift/iphoneos/prebuilt-modules/26.5/Combine.swiftmodule/arm64e-apple-ios.swiftmodule /Applications/Xcode_26.6.app/Contents/Developer/Toolchains/XcodeDefault.xctoolchain/usr/lib/swift/iphoneos/prebuilt-modules/26.5/_AppIntents_SwiftUI.swiftmodule/arm64e-apple-ios.swiftmodule /Applications/Xcode_26.6.app/Contents/Developer/Toolchains/XcodeDefault.xctoolchain/usr/lib/swift/iphoneos/prebuilt-modules/26.5/CoreTransferable.swiftmodule/arm64e-apple-ios.swiftmodule /Applications/Xcode_26.6.app/Contents/Developer/Toolchains/XcodeDefault.xctoolchain/usr/lib/swift/iphoneos/prebuilt-modules/26.5/Observation.swiftmodule/arm64e-apple-ios.swiftmodule /Applications/Xcode_26.6.app/Contents/Developer/Toolchains/XcodeDefault.xctoolchain/usr/lib/swift/iphoneos/prebuilt-modules/26.5/simd.swiftmodule/arm64e-apple-ios.swiftmodule /Applications/Xcode_26.6.app/Contents/Developer/Toolchains/XcodeDefault.xctoolchain/usr/lib/swift/iphoneos/prebuilt-modules/26.5/WidgetKit.swiftmodule/arm64e-apple-ios.swiftmodule /Applications/Xcode_26.6.app/Contents/Developer/Toolchains/XcodeDefault.xctoolchain/usr/lib/swift/iphoneos/prebuilt-modules/26.5/Network.swiftmodule/arm64e-apple-ios.swiftmodule /Applications/Xcode_26.6.app/Contents/Developer/Toolchains/XcodeDefault.xctoolchain/usr/lib/swift/iphoneos/prebuilt-modules/26.5/DeveloperToolsSupport.swiftmodule/arm64e-apple-ios.swiftmodule /Applications/Xcode_26.6.app/Contents/Developer/Toolchains/XcodeDefault.xctoolchain/usr/lib/swift/iphoneos/prebuilt-modules/26.5/CoreFoundation.swiftmodule/arm64e-apple-ios.swiftmodule /Applications/Xcode_26.6.app/Contents/Developer/Toolchains/XcodeDefault.xctoolchain/usr/lib/swift/iphoneos/prebuilt-modules/26.5/QuartzCore.swiftmodule/arm64e-apple-ios.swiftmodule /Applications/Xcode_26.6.app/Contents/Developer/Toolchains/XcodeDefault.xctoolchain/usr/lib/swift/iphoneos/prebuilt-modules/26.5/Darwin.swiftmodule/arm64e-apple-ios.swiftmodule /Users/runner/work/orange-cloud/orange-cloud/orange-cloud/apps/ios/Orange\ Cloud/build/ModuleCache.noindex/CoreTransferable-1PBEROLU5DCN60TNBCLPA6PSO.pcm /Users/runner/work/orange-cloud/orange-cloud/orange-cloud/apps/ios/Orange\ Cloud/build/ModuleCache.noindex/_Builtin_stdbool-E1JBS337CJUWF1XUKQF8AAFXC.pcm /Users/runner/work/orange-cloud/orange-cloud/orange-cloud/apps/ios/Orange\ Cloud/build/ModuleCache.noindex/RelevanceKit-5SY87658JWT9ZZXUX4N7QRY4H.pcm /Users/runner/work/orange-cloud/orange-cloud/orange-cloud/apps/ios/Orange\ Cloud/build/ModuleCache.noindex/_AvailabilityInternal-EFHL7RW7XSVSBJMIAP4VDG4K8.pcm /Users/runner/work/orange-cloud/orange-cloud/orange-cloud/apps/ios/Orange\ Cloud/build/ModuleCache.noindex/_Builtin_stdarg-2LGBBZG062KMT1FRJ36H6ZPEE.pcm /Users/runner/work/orange-cloud/orange-cloud/orange-cloud/apps/ios/Orange\ Cloud/build/ModuleCache.noindex/ptrauth-546J9SBAQ7ZZL9NBR0AUUVV4D.pcm /Users/runner/work/orange-cloud/orange-cloud/orange-cloud/apps/ios/Orange\ Cloud/build/ModuleCache.noindex/CoreFoundation-5LBIW7XW10W7KTC1HN6LRIZ9.pcm /Users/runner/work/orange-cloud/orange-cloud/orange-cloud/apps/ios/Orange\ Cloud/build/ModuleCache.noindex/_Builtin_stddef-BDDA5SR1T2HA8UBFUUECW1UYG.pcm /Users/runner/work/orange-cloud/orange-cloud/orange-cloud/apps/ios/Orange\ Cloud/build/ModuleCache.noindex/Network-1II9SWZH65UGNQD1CBDKV6K7U.pcm /Users/runner/work/orange-cloud/orange-cloud/orange-cloud/apps/ios/Orange\ Cloud/build/ModuleCache.noindex/_Builtin_limits-AKD9UWC5RL57HMBV2HZSUMF78.pcm /Users/runner/work/orange-cloud/orange-cloud/orange-cloud/apps/ios/Orange\ Cloud/build/ModuleCache.noindex/Accessibility-6DJ81KMRYLO7NOLERMGEBG32U.pcm /Users/runner/work/orange-cloud/orange-cloud/orange-cloud/apps/ios/Orange\ Cloud/build/ModuleCache.noindex/CoreData-EE4TXKU99V7QUX2UWOE0X0RHQ.pcm /Users/runner/work/orange-cloud/orange-cloud/orange-cloud/apps/ios/Orange\ Cloud/build/ModuleCache.noindex/os_object-4M7UOCUL7F55X8MLR7CNI8FYE.pcm /Users/runner/work/orange-cloud/orange-cloud/orange-cloud/apps/ios/Orange\ Cloud/build/ModuleCache.noindex/UIKit-2Q36L9W1IKUCSYF74BYGZ9THM.pcm /Users/runner/work/orange-cloud/orange-cloud/orange-cloud/apps/ios/Orange\ Cloud/build/ModuleCache.noindex/ActivityKit-5RVEK8FSG1XGTL91V27PKT7TS.pcm /Users/runner/work/orange-cloud/orange-cloud/orange-cloud/apps/ios/Orange\ Cloud/build/ModuleCache.noindex/OSLog-691Q6EZM3A96CJVXWS92E5KQQ.pcm /Users/runner/work/orange-cloud/orange-cloud/orange-cloud/apps/ios/Orange\ Cloud/build/ModuleCache.noindex/sys_types-3LQW6H2J67JF9LOKCYTQQUJFO.pcm /Users/runner/work/orange-cloud/orange-cloud/orange-cloud/apps/ios/Orange\ Cloud/build/ModuleCache.noindex/dnssd-4GBR82R0G12LQONVHGWVEAOPF.pcm /Users/runner/work/orange-cloud/orange-cloud/orange-cloud/apps/ios/Orange\ Cloud/build/ModuleCache.noindex/CoreSpotlight-COYRZSN8WFI5EZ8I3WHRVASF2.pcm /Users/runner/work/orange-cloud/orange-cloud/orange-cloud/apps/ios/Orange\ Cloud/build/ModuleCache.noindex/_Builtin_stdint-CVMLZ4CZR6XABP0MOM97UB870.pcm /Users/runner/work/orange-cloud/orange-cloud/orange-cloud/apps/ios/Orange\ Cloud/build/ModuleCache.noindex/QuartzCore-DUSJSABIHNI977ICX122MUC0L.pcm /Users/runner/work/orange-cloud/orange-cloud/orange-cloud/apps/ios/Orange\ Cloud/build/ModuleCache.noindex/SwiftUICore-8WHCFS5V8K2PG2L7BZRIOJ631.pcm /Users/runner/work/orange-cloud/orange-cloud/orange-cloud/apps/ios/Orange\ Cloud/build/ModuleCache.noindex/Dispatch-4W2VK0DK5VS7A9TDA657D0C7S.pcm /Users/runner/work/orange-cloud/orange-cloud/orange-cloud/apps/ios/Orange\ Cloud/build/ModuleCache.noindex/CoreText-39PS07PHRQMVY2UHR4X6X4IMN.pcm /Users/runner/work/orange-cloud/orange-cloud/orange-cloud/apps/ios/Orange\ Cloud/build/ModuleCache.noindex/CoreGraphics-75B2WKEPL5RHSYOTL7WGYLL4H.pcm /Users/runner/work/orange-cloud/orange-cloud/orange-cloud/apps/ios/Orange\ Cloud/build/ModuleCache.noindex/UniformTypeIdentifiers-91LRHZ5WD26NIZT8YT8ETQB7P.pcm /Users/runner/work/orange-cloud/orange-cloud/orange-cloud/apps/ios/Orange\ Cloud/build/ModuleCache.noindex/_Builtin_intrinsics-CIU413QPRMQB1MBNZQ98QIDA.pcm /Users/runner/work/orange-cloud/orange-cloud/orange-cloud/apps/ios/Orange\ Cloud/build/ModuleCache.noindex/ExtensionFoundation-1PXFKHB6CG1YK011G1PLSQPJY.pcm /Users/runner/work/orange-cloud/orange-cloud/orange-cloud/apps/ios/Orange\ Cloud/build/ModuleCache.noindex/IOSurface-7FXBMXJ1ZP2TQ3OS4XONMWIXI.pcm /Users/runner/work/orange-cloud/orange-cloud/orange-cloud/apps/ios/Orange\ Cloud/build/ModuleCache.noindex/os-7SHSELHQ3T2J5N7OT5C93IVBP.pcm /Users/runner/work/orange-cloud/orange-cloud/orange-cloud/apps/ios/Orange\ Cloud/build/ModuleCache.noindex/ImageIO-85TR174ITRJ2TJ47K3EHFJPDV.pcm /Users/runner/work/orange-cloud/orange-cloud/orange-cloud/apps/ios/Orange\ Cloud/build/ModuleCache.noindex/DeveloperToolsSupport-7AULXIF8CQT9BMB9XEW72JX9I.pcm /Users/runner/work/orange-cloud/orange-cloud/orange-cloud/apps/ios/Orange\ Cloud/build/ModuleCache.noindex/CoreVideo-9WSARXHLDFRBBHE2BBHQU8JU9.pcm /Users/runner/work/orange-cloud/orange-cloud/orange-cloud/apps/ios/Orange\ Cloud/build/ModuleCache.noindex/CoreLocation-DECE1QYC6V7M8LR5HMLL6AK5C.pcm /Users/runner/work/orange-cloud/orange-cloud/orange-cloud/apps/ios/Orange\ Cloud/build/ModuleCache.noindex/Foundation-4GXNUBTXEQN2UJ4Y6PJLTJK9V.pcm /Users/runner/work/orange-cloud/orange-cloud/orange-cloud/apps/ios/Orange\ Cloud/build/ModuleCache.noindex/OpenGLES-7Y8SLSXJFIGDAD7C36KKKX14G.pcm /Users/runner/work/orange-cloud/orange-cloud/orange-cloud/apps/ios/Orange\ Cloud/build/ModuleCache.noindex/CFNetwork-9JT0HAQOSLWGHBQ5NDYJQG9IZ.pcm /Users/runner/work/orange-cloud/orange-cloud/orange-cloud/apps/ios/Orange\ Cloud/build/ModuleCache.noindex/UIUtilities-AD12S2VJ3PQV8S0UAUGZMPMS3.pcm /Users/runner/work/orange-cloud/orange-cloud/orange-cloud/apps/ios/Orange\ Cloud/build/ModuleCache.noindex/DataDetection-B8DQ7ON5ZPYRWNOT9FKGDVUS8.pcm /Users/runner/work/orange-cloud/orange-cloud/orange-cloud/apps/ios/Orange\ Cloud/build/ModuleCache.noindex/_LocationEssentials-F2XRIEJWXDEQE8JFHFXXKDZOI.pcm /Users/runner/work/orange-cloud/orange-cloud/orange-cloud/apps/ios/Orange\ Cloud/build/ModuleCache.noindex/CoreImage-DYNWA30DDQG0T8K0RWKHR9YD0.pcm /Users/runner/work/orange-cloud/orange-cloud/orange-cloud/apps/ios/Orange\ Cloud/build/ModuleCache.noindex/_Builtin_float-8XGXUW6AS45A95NNWABG8P538.pcm /Users/runner/work/orange-cloud/orange-cloud/orange-cloud/apps/ios/Orange\ Cloud/build/ModuleCache.noindex/ptrcheck-11TPB6HHKEOUIJZ3SWON5SNBC.pcm /Users/runner/work/orange-cloud/orange-cloud/orange-cloud/apps/ios/Orange\ Cloud/build/ModuleCache.noindex/SwiftUI-1EEBA74L1NEMUOFB00CPPDQHX.pcm /Users/runner/work/orange-cloud/orange-cloud/orange-cloud/apps/ios/Orange\ Cloud/build/ModuleCache.noindex/XPC-22YAO9BZHQSFYF4NZ49L971B5.pcm /Users/runner/work/orange-cloud/orange-cloud/orange-cloud/apps/ios/Orange\ Cloud/build/ModuleCache.noindex/_DarwinFoundation1-3FWNNEOAQHVJBAUH4EJ7E6WWR.pcm /Users/runner/work/orange-cloud/orange-cloud/orange-cloud/apps/ios/Orange\ Cloud/build/ModuleCache.noindex/Darwin-21LSS4ICKML4SPBMHUMHFUPW6.pcm /Users/runner/work/orange-cloud/orange-cloud/orange-cloud/apps/ios/Orange\ Cloud/build/ModuleCache.noindex/FileProvider-DWIP0W4535B0G2GDNS57Z2TFV.pcm /Users/runner/work/orange-cloud/orange-cloud/orange-cloud/apps/ios/Orange\ Cloud/build/ModuleCache.noindex/simd-QM1ZL54V7EDHY1720F6D581Z.pcm /Users/runner/work/orange-cloud/orange-cloud/orange-cloud/apps/ios/Orange\ Cloud/build/ModuleCache.noindex/ObjectiveC-D42VUH7JL6RIXVZLLOVY6TCOL.pcm /Users/runner/work/orange-cloud/orange-cloud/orange-cloud/apps/ios/Orange\ Cloud/build/ModuleCache.noindex/_Builtin_tgmath-D1HSJW9DHEJIBCHOICR61L2RX.pcm /Users/runner/work/orange-cloud/orange-cloud/orange-cloud/apps/ios/Orange\ Cloud/build/ModuleCache.noindex/Metal-ADMF9825471DRXLL4V17FZ330.pcm /Users/runner/work/orange-cloud/orange-cloud/orange-cloud/apps/ios/Orange\ Cloud/build/ModuleCache.noindex/_DarwinFoundation3-3E28P4D1LKVQYU2HNL9H04I60.pcm /Users/runner/work/orange-cloud/orange-cloud/orange-cloud/apps/ios/Orange\ Cloud/build/ModuleCache.noindex/os_workgroup-60N9IFY7S49DR9XFSZXZDE1TN.pcm /Users/runner/work/orange-cloud/orange-cloud/orange-cloud/apps/ios/Orange\ Cloud/build/ModuleCache.noindex/Intents-C8FO32JNYT0GZCX6IPZ1HKM8V.pcm /Users/runner/work/orange-cloud/orange-cloud/orange-cloud/apps/ios/Orange\ Cloud/build/ModuleCache.noindex/MachO-6GBWO8X1OYDV99PKPM0BPA3N1.pcm /Users/runner/work/orange-cloud/orange-cloud/orange-cloud/apps/ios/Orange\ Cloud/build/ModuleCache.noindex/_Builtin_stdatomic-6R7M2RL38QJXHTLNUHQ04DPE0.pcm /Users/runner/work/orange-cloud/orange-cloud/orange-cloud/apps/ios/Orange\ Cloud/build/ModuleCache.noindex/Symbols-51U1UF7DTS76HOS4H3VHOUA7D.pcm /Users/runner/work/orange-cloud/orange-cloud/orange-cloud/apps/ios/Orange\ Cloud/build/ModuleCache.noindex/_DarwinFoundation2-BPK974U1L5DJTZD5ZGR23RQ5U.pcm /Users/runner/work/orange-cloud/orange-cloud/orange-cloud/apps/ios/Orange\ Cloud/build/ModuleCache.noindex/UserNotifications-85HHARYWIH5F5CECTIRLE0UXI.pcm /Users/runner/work/orange-cloud/orange-cloud/orange-cloud/apps/ios/Orange\ Cloud/build/ModuleCache.noindex/AppIntents-20TI2Q3BE7703QQZGGYG4HKXE.pcm /Users/runner/work/orange-cloud/orange-cloud/orange-cloud/apps/ios/Orange\ Cloud/build/ModuleCache.noindex/Security-7VR20GBMJZXSAX5JLEEW84FK0.pcm /Users/runner/work/orange-cloud/orange-cloud/orange-cloud/apps/ios/Orange\ Cloud/build/ModuleCache.noindex/SwiftShims-90GDS6AS8SS0WYANHYRBTNK5Y.pcm /Users/runner/work/orange-cloud/orange-cloud/orange-cloud/apps/ios/Orange\ Cloud/build/ModuleCache.noindex/_SwiftConcurrencyShims-9YMCYF9L9O6XN5OIQL840SLLK.pcm /Users/runner/work/orange-cloud/orange-cloud/orange-cloud/apps/ios/Orange\ Cloud/build/ModuleCache.noindex/WidgetKit-400HHR7D22SF9DABCVKF6S01R.pcm /Users/runner/work/orange-cloud/orange-cloud/orange-cloud/apps/ios/Orange\ Cloud/build/ModuleCache.noindex/Spatial-4YTR1DEZS8WJVGQYQJ0LHJW8K.pcm /Users/runner/work/orange-cloud/orange-cloud/orange-cloud/apps/ios/Orange\ Cloud/build/ModuleCache.noindex/_Builtin_inttypes-XXB7PI9Z9YMY483AN138YQFV.pcm /Users/runner/work/orange-cloud/orange-cloud/orange-cloud/apps/ios/Orange\ Cloud/build/Build/Intermediates.noindex/Orange\ Cloud.build/Release-iphoneos/OrangeCloudWidgetsExtension.build/Objects-normal/arm64/OrangeCloudWidgetsExtension-dependencies-1.json (in target 'OrangeCloudWidgetsExtension' from project 'Orange Cloud')
CompileSwift normal arm64 (in target 'OrangeCloudWidgetsExtension' from project 'Orange Cloud')
    cd /Users/runner/work/orange-cloud/orange-cloud/orange-cloud/apps/ios/Orange\ Cloud
    

SwiftExplicitDependencyGeneratePcm arm64_32 /Users/runner/work/orange-cloud/orange-cloud/orange-cloud/apps/ios/Orange\ Cloud/build/ModuleCache.noindex/SwiftUICore-10O13NLUUUOO96O7EH6YSZJJM.pcm

SwiftExplicitDependencyGeneratePcm arm64_32 /Users/runner/work/orange-cloud/orange-cloud/orange-cloud/apps/ios/Orange\ Cloud/build/ModuleCache.noindex/UIKit-314HN3ZGFFHKVIJSTD8K678PV.pcm

SwiftExplicitDependencyGeneratePcm arm64_32 /Users/runner/work/orange-cloud/orange-cloud/orange-cloud/apps/ios/Orange\ Cloud/build/ModuleCache.noindex/Intents-BJEJPJ4AGQH494JQT3FVLLKDA.pcm

SwiftExplicitDependencyGeneratePcm arm64_32 /Users/runner/work/orange-cloud/orange-cloud/orange-cloud/apps/ios/Orange\ Cloud/build/ModuleCache.noindex/HomeKit-25A67KQYB0B40OQDDSBTNWPZ9.pcm

SwiftExplicitDependencyGeneratePcm arm64_32 /Users/runner/work/orange-cloud/orange-cloud/orange-cloud/apps/ios/Orange\ Cloud/build/ModuleCache.noindex/MapKit-642W9L91B52TBHV95SIHT404G.pcm

SwiftExplicitDependencyGeneratePcm arm64 /Users/runner/work/orange-cloud/orange-cloud/orange-cloud/apps/ios/Orange\ Cloud/build/ModuleCache.noindex/Symbols-57IJIUGA1Y2NYAQ7BMX3W38J1.pcm

SwiftExplicitDependencyGeneratePcm arm64_32 /Users/runner/work/orange-cloud/orange-cloud/orange-cloud/apps/ios/Orange\ Cloud/build/ModuleCache.noindex/WatchKit-6IBLH6GFF7APEI02Q7EXFNF95.pcm

SwiftExplicitDependencyGeneratePcm arm64 /Users/runner/work/orange-cloud/orange-cloud/orange-cloud/apps/ios/Orange\ Cloud/build/ModuleCache.noindex/UIKit-3IWBXC13KD7CTOMJG96FMN70S.pcm

SwiftExplicitDependencyGeneratePcm arm64_32 /Users/runner/work/orange-cloud/orange-cloud/orange-cloud/apps/ios/Orange\ Cloud/build/ModuleCache.noindex/SwiftUI-62JR2Y2ER98BD0NNGSLV07I3M.pcm

SwiftExplicitDependencyGeneratePcm arm64 /Users/runner/work/orange-cloud/orange-cloud/orange-cloud/apps/ios/Orange\ Cloud/build/ModuleCache.noindex/HomeKit-AJ2WY1TXCXE0D228MJ69R9Y7B.pcm

SwiftCompile normal arm64_32 Compiling\ BillingCycle.swift,\ ByteFormat.swift,\ DayBoundary.swift,\ FileProviderDomainID.swift,\ SharedAuth.swift,\ Orange_Cloud_Watch.swift,\ Orange_Cloud_WatchBundle.swift,\ SkyPhase.swift,\ Theme.swift,\ WatchBridgePayload.swift,\ WidgetConfigIntents.swift,\ WidgetSnapshot.swift,\ GeneratedAssetSymbols.swift,\ GeneratedStringSymbols_Localizable.swift /Users/runner/work/orange-cloud/orange-cloud/orange-cloud/apps/ios/Orange\ Cloud/Shared/BillingCycle.swift /Users/runner/work/orange-cloud/orange-cloud/orange-cloud/apps/ios/Orange\ Cloud/Shared/ByteFormat.swift /Users/runner/work/orange-cloud/orange-cloud/orange-cloud/apps/ios/Orange\ Cloud/Shared/DayBoundary.swift /Users/runner/work/orange-cloud/orange-cloud/orange-cloud/apps/ios/Orange\ Cloud/Shared/FileProviderDomainID.swift /Users/runner/work/orange-cloud/orange-cloud/orange-cloud/apps/ios/Orange\ Cloud/Shared/SharedAuth.swift /Users/runner/work/orange-cloud/orange-cloud/orange-cloud/apps/ios/Orange\ Cloud/Orange\ Cloud\ Watch/Orange_Cloud_Watch.swift /Users/runner/work/orange-cloud/orange-cloud/orange-cloud/apps/ios/Orange\ Cloud/Orange\ Cloud\ Watch/Orange_Cloud_WatchBundle.swift /Users/runner/work/orange-cloud/orange-cloud/orange-cloud/apps/ios/Orange\ Cloud/Shared/SkyPhase.swift /Users/runner/work/orange-cloud/orange-cloud/orange-cloud/apps/ios/Orange\ Cloud/Shared/Theme.swift /Users/runner/work/orange-cloud/orange-cloud/orange-cloud/apps/ios/Orange\ Cloud/Shared/WatchBridgePayload.swift /Users/runner/work/orange-cloud/orange-cloud/orange-cloud/apps/ios/Orange\ Cloud/Shared/WidgetConfigIntents.swift /Users/runner/work/orange-cloud/orange-cloud/orange-cloud/apps/ios/Orange\ Cloud/Shared/WidgetSnapshot.swift /Users/runner/work/orange-cloud/orange-cloud/orange-cloud/apps/ios/Orange\ Cloud/build/Build/Intermediates.noindex/Orange\ Cloud.build/Release-watchos/Orange\ Cloud\ WatchExtension.build/DerivedSources/GeneratedAssetSymbols.swift /Users/runner/work/orange-cloud/orange-cloud/orange-cloud/apps/ios/Orange\ Cloud/build/Build/Intermediates.noindex/Orange\ Cloud.build/Release-watchos/Orange\ Cloud\ WatchExtension.build/DerivedSources/GeneratedStringSymbols_Localizable.swift /Applications/Xcode_26.6.app/Contents/Developer/Toolchains/XcodeDefault.xctoolchain/usr/lib/swift/watchos/prebuilt-modules/26.5/GeoToolbox.swiftmodule/arm64_32-apple-watchos.swiftmodule /Applications/Xcode_26.6.app/Contents/Developer/Toolchains/XcodeDefault.xctoolchain/usr/lib/swift/watchos/prebuilt-modules/26.5/Dispatch.swiftmodule/arm64_32-apple-watchos.swiftmodule /Applications/Xcode_26.6.app/Contents/Developer/Toolchains/XcodeDefault.xctoolchain/usr/lib/swift/watchos/prebuilt-modules/26.5/CoreData.swiftmodule/arm64_32-apple-watchos.swiftmodule /Applications/Xcode_26.6.app/Contents/Developer/Toolchains/XcodeDefault.xctoolchain/usr/lib/swift/watchos/prebuilt-modules/26.5/CoreGraphics.swiftmodule/arm64_32-apple-watchos.swiftmodule /Applications/Xcode_26.6.app/Contents/Developer/Toolchains/XcodeDefault.xctoolchain/usr/lib/swift/watchos/prebuilt-modules/26.5/Foundation.swiftmodule/arm64_32-apple-watchos.swiftmodule /Applications/Xcode_26.6.app/Contents/Developer/Toolchains/XcodeDefault.xctoolchain/usr/lib/swift/watchos/prebuilt-modules/26.5/Swift.swiftmodule/arm64_32-apple-watchos.swiftmodule /Applications/Xcode_26.6.app/Contents/Developer/Toolchains/XcodeDefault.xctoolchain/usr/lib/swift/watchos/prebuilt-modules/26.5/CoreFoundation.swiftmodule/arm64_32-apple-watchos.swiftmodule /Applications/Xcode_26.6.app/Contents/Developer/Toolchains/XcodeDefault.xctoolchain/usr/lib/swift/watchos/prebuilt-modules/26.5/DeveloperToolsSupport.swiftmodule/arm64_32-apple-watchos.swiftmodule /Applications/Xcode_26.6.app/Contents/Developer/Toolchains/XcodeDefault.xctoolchain/usr/lib/swift/watchos/prebuilt-modules/26.5/AppIntents.swiftmodule/arm64_32-apple-watchos.swiftmodule /Applications/Xcode_26.6.app/Contents/Developer/Toolchains/XcodeDefault.xctoolchain/usr/lib/swift/watchos/prebuilt-modules/26.5/CoreLocation.swiftmodule/arm64_32-apple-watchos.swiftmodule /Applications/Xcode_26.6.app/Contents/Developer/Toolchains/XcodeDefault.xctoolchain/usr/lib/swift/watchos/prebuilt-modules/26.5/ObjectiveC.swiftmodule/arm64_32-apple-watchos.swiftmodule /Applications/Xcode_26.6.app/Contents/Developer/Toolchains/XcodeDefault.xctoolchain/usr/lib/swift/watchos/prebuilt-modules/26.5/CoreText.swiftmodule/arm64_32-apple-watchos.swiftmodule /Applications/Xcode_26.6.app/Contents/Developer/Toolchains/XcodeDefault.xctoolchain/usr/lib/swift/watchos/prebuilt-modules/26.5/System.swiftmodule/arm64_32-apple-watchos.swiftmodule /Applications/Xcode_26.6.app/Contents/Developer/Toolchains/XcodeDefault.xctoolchain/usr/lib/swift/watchos/prebuilt-modules/26.5/Observation.swiftmodule/arm64_32-apple-watchos.swiftmodule /Applications/Xcode_26.6.app/Contents/Developer/Toolchains/XcodeDefault.xctoolchain/usr/lib/swift/watchos/prebuilt-modules/26.5/OSLog.swiftmodule/arm64_32-apple-watchos.swiftmodule /Applications/Xcode_26.6.app/Contents/Developer/Toolchains/XcodeDefault.xctoolchain/usr/lib/swift/watchos/prebuilt-modules/26.5/UniformTypeIdentifiers.swiftmodule/arm64_32-apple-watchos.swiftmodule /Applications/Xcode_26.6.app/Contents/Developer/Toolchains/XcodeDefault.xctoolchain/usr/lib/swift/watchos/prebuilt-modules/26.5/Distributed.swiftmodule/arm64_32-apple-watchos.swiftmodule /Applications/Xcode_26.6.app/Contents/Developer/Toolchains/XcodeDefault.xctoolchain/usr/lib/swift/watchos/prebuilt-modules/26.5/Symbols.swiftmodule/arm64_32-apple-watchos.swiftmodule /Applications/Xcode_26.6.app/Contents/Developer/Toolchains/XcodeDefault.xctoolchain/usr/lib/swift/watchos/prebuilt-modules/26.5/DataDetection.swiftmodule/arm64_32-apple-watchos.swiftmodule /Applications/Xcode_26.6.app/Contents/Developer/Toolchains/XcodeDefault.xctoolchain/usr/lib/swift/watchos/prebuilt-modules/26.5/Network.swiftmodule/arm64_32-apple-watchos.swiftmodule /Applications/Xcode_26.6.app/Contents/Developer/Toolchains/XcodeDefault.xctoolchain/usr/lib/swift/watchos/prebuilt-modules/26.5/_Builtin_float.swiftmodule/arm64_32-apple-watchos.swiftmodule /Applications/Xcode_26.6.app/Contents/Developer/Toolchains/XcodeDefault.xctoolchain/usr/lib/swift/watchos/prebuilt-modules/26.5/WidgetKit.swiftmodule/arm64_32-apple-watchos.swiftmodule /Applications/Xcode_26.6.app/Contents/Developer/Toolchains/XcodeDefault.xctoolchain/usr/lib/swift/watchos/prebuilt-modules/26.5/_DarwinFoundation1.swiftmodule/arm64_32-apple-watchos.swiftmodule /Applications/Xcode_26.6.app/Contents/Developer/Toolchains/XcodeDefault.xctoolchain/usr/lib/swift/watchos/prebuilt-modules/26.5/WatchKit.swiftmodule/arm64_32-apple-watchos.swiftmodule /Applications/Xcode_26.6.app/Contents/Developer/Toolchains/XcodeDefault.xctoolchain/usr/lib/swift/watchos/prebuilt-modules/26.5/RelevanceKit.swiftmodule/arm64_32-apple-watchos.swiftmodule /Applications/Xcode_26.6.app/Contents/Developer/Toolchains/XcodeDefault.xctoolchain/usr/lib/swift/watchos/prebuilt-modules/26.5/Darwin.swiftmodule/arm64_32-apple-watchos.swiftmodule /Applications/Xcode_26.6.app/Contents/Developer/Toolchains/XcodeDefault.xctoolchain/usr/lib/swift/watchos/prebuilt-modules/26.5/QuartzCore.swiftmodule/arm64_32-apple-watchos.swiftmodule /Applications/Xcode_26.6.app/Contents/Developer/Toolchains/XcodeDefault.xctoolchain/usr/lib/swift/watchos/prebuilt-modules/26.5/CoreTransferable.swiftmodule/arm64_32-apple-watchos.swiftmodule /Applications/Xcode_26.6.app/Contents/Developer/Toolchains/XcodeDefault.xctoolchain/usr/lib/swift/watchos/prebuilt-modules/26.5/_DarwinFoundation3.swiftmodule/arm64_32-apple-watchos.swiftmodule /Applications/Xcode_26.6.app/Contents/Developer/Toolchains/XcodeDefault.xctoolchain/usr/lib/swift/watchos/prebuilt-modules/26.5/MapKit.swiftmodule/arm64_32-apple-watchos.swiftmodule /Applications/Xcode_26.6.app/Contents/Developer/Toolchains/XcodeDefault.xctoolchain/usr/lib/swift/watchos/prebuilt-modules/26.5/os.swiftmodule/arm64_32-apple-watchos.swiftmodule /Applications/Xcode_26.6.app/Contents/Developer/Toolchains/XcodeDefault.xctoolchain/usr/lib/swift/watchos/prebuilt-modules/26.5/_StringProcessing.swiftmodule/arm64_32-apple-watchos.swiftmodule /Applications/Xcode_26.6.app/Contents/Developer/Toolchains/XcodeDefault.xctoolchain/usr/lib/swift/watchos/prebuilt-modules/26.5/_Concurrency.swiftmodule/arm64_32-apple-watchos.swiftmodule /Applications/Xcode_26.6.app/Contents/Developer/Toolchains/XcodeDefault.xctoolchain/usr/lib/swift/watchos/prebuilt-modules/26.5/_DarwinFoundation2.swiftmodule/arm64_32-apple-watchos.swiftmodule /Applications/Xcode_26.6.app/Contents/Developer/Toolchains/XcodeDefault.xctoolchain/usr/lib/swift/watchos/prebuilt-modules/26.5/CoreVideo.swiftmodule/arm64_32-apple-watchos.swiftmodule /Applications/Xcode_26.6.app/Contents/Developer/Toolchains/XcodeDefault.xctoolchain/usr/lib/swift/watchos/prebuilt-modules/26.5/HomeKit.swiftmodule/arm64_32-apple-watchos.swiftmodule /Applications/Xcode_26.6.app/Contents/Developer/Toolchains/XcodeDefault.xctoolchain/usr/lib/swift/watchos/prebuilt-modules/26.5/Intents.swiftmodule/arm64_32-apple-watchos.swiftmodule /Applications/Xcode_26.6.app/Contents/Developer/Toolchains/XcodeDefault.xctoolchain/usr/lib/swift/watchos/prebuilt-modules/26.5/UIKit.swiftmodule/arm64_32-apple-watchos.swiftmodule /Applications/Xcode_26.6.app/Contents/Developer/Toolchains/XcodeDefault.xctoolchain/usr/lib/swift/watchos/prebuilt-modules/26.5/Spatial.swiftmodule/arm64_32-apple-watchos.swiftmodule /Applications/Xcode_26.6.app/Contents/Developer/Toolchains/XcodeDefault.xctoolchain/usr/lib/swift/watchos/prebuilt-modules/26.5/SwiftUICore.swiftmodule/arm64_32-apple-watchos.swiftmodule /Applications/Xcode_26.6.app/Contents/Developer/Toolchains/XcodeDefault.xctoolchain/usr/lib/swift/watchos/prebuilt-modules/26.5/_AppIntents_SwiftUI.swiftmodule/arm64_32-apple-watchos.swiftmodule /Applications/Xcode_26.6.app/Contents/Developer/Toolchains/XcodeDefault.xctoolchain/usr/lib/swift/watchos/prebuilt-modules/26.5/SceneKit.swiftmodule/arm64_32-apple-watchos.swiftmodule /Applications/Xcode_26.6.app/Contents/Developer/Toolchains/XcodeDefault.xctoolchain/usr/lib/swift/watchos/prebuilt-modules/26.5/Accessibility.swiftmodule/arm64_32-apple-watchos.swiftmodule /Applications/Xcode_26.6.app/Contents/Developer/Toolchains/XcodeDefault.xctoolchain/usr/lib/swift/watchos/prebuilt-modules/26.5/SwiftUI.swiftmodule/arm64_32-apple-watchos.swiftmodule /Applications/Xcode_26.6.app/Contents/Developer/Toolchains/XcodeDefault.xctoolchain/usr/lib/swift/watchos/prebuilt-modules/26.5/ExtensionFoundation.swiftmodule/arm64_32-apple-watchos.swiftmodule /Applications/Xcode_26.6.app/Contents/Developer/Toolchains/XcodeDefault.xctoolchain/usr/lib/swift/watchos/prebuilt-modules/26.5/Combine.swiftmodule/arm64_32-apple-watchos.swiftmodule /Applications/Xcode_26.6.app/Contents/Developer/Toolchains/XcodeDefault.xctoolchain/usr/lib/swift/watchos/prebuilt-modules/26.5/XPC.swiftmodule/arm64_32-apple-watchos.swiftmodule /Applications/Xcode_26.6.app/Contents/Developer/Toolchains/XcodeDefault.xctoolchain/usr/lib/swift/watchos/prebuilt-modules/26.5/simd.swiftmodule/arm64_32-apple-watchos.swiftmodule /Applications/Xcode_26.6.app/Contents/Developer/Toolchains/XcodeDefault.xctoolchain/usr/lib/swift/watchos/prebuilt-modules/26.5/LightweightCodeRequirements.swiftmodule/arm64_32-apple-watchos.swiftmodule /Users/runner/work/orange-cloud/orange-cloud/orange-cloud/apps/ios/Orange\ Cloud/build/ModuleCache.noindex/MachO-5OVHCT487Q2O3RHFT2BGASW0T.pcm /Users/runner/work/orange-cloud/orange-cloud/orange-cloud/apps/ios/Orange\ Cloud/build/ModuleCache.noindex/Dispatch-EFJQ17IWHAW2V09ZJDR1FAQMP.pcm /Users/runner/work/orange-cloud/orange-cloud/orange-cloud/apps/ios/Orange\ Cloud/build/ModuleCache.noindex/CoreVideo-8S18LROC4V68V6FQOS6392X94.pcm /Users/runner/work/orange-cloud/orange-cloud/orange-cloud/apps/ios/Orange\ Cloud/build/ModuleCache.noindex/UniformTypeIdentifiers-8DJMQA1M4A0SRST21V5X56IJY.pcm /Users/runner/work/orange-cloud/orange-cloud/orange-cloud/apps/ios/Orange\ Cloud/build/ModuleCache.noindex/RelevanceKit-6S65DHV30KKFU15JCZ59JH7B8.pcm /Users/runner/work/orange-cloud/orange-cloud/orange-cloud/apps/ios/Orange\ Cloud/build/ModuleCache.noindex/_Builtin_stdatomic-88G4WJSQC3DDYROLCFIDGJFJ1.pcm /Users/runner/work/orange-cloud/orange-cloud/orange-cloud/apps/ios/Orange\ Cloud/build/ModuleCache.noindex/Network-16JR9OZ7WR5TT4N91TYVR8FVA.pcm /Users/runner/work/orange-cloud/orange-cloud/orange-cloud/apps/ios/Orange\ Cloud/build/ModuleCache.noindex/simd-9B4CJ7HH0OZ87DEEUJJD35YJH.pcm /Users/runner/work/orange-cloud/orange-cloud/orange-cloud/apps/ios/Orange\ Cloud/build/ModuleCache.noindex/QuartzCore-1PG13GR3UOXK2O6L41ZLPVJQ.pcm /Users/runner/work/orange-cloud/orange-cloud/orange-cloud/apps/ios/Orange\ Cloud/build/ModuleCache.noindex/UIKit-314HN3ZGFFHKVIJSTD8K678PV.pcm /Users/runner/work/orange-cloud/orange-cloud/orange-cloud/apps/ios/Orange\ Cloud/build/ModuleCache.noindex/_Builtin_tgmath-2XD77L2JKO1SJJ65L2JVSQQEO.pcm /Users/runner/work/orange-cloud/orange-cloud/orange-cloud/apps/ios/Orange\ Cloud/build/ModuleCache.noindex/ptrcheck-91I2U7LDCHI52RCP8CZZOJYZC.pcm /Users/runner/work/orange-cloud/orange-cloud/orange-cloud/apps/ios/Orange\ Cloud/build/ModuleCache.noindex/CoreFoundation-B7UKDJU7Y29NKILA08VTYD9Z1.pcm /Users/runner/work/orange-cloud/orange-cloud/orange-cloud/apps/ios/Orange\ Cloud/build/ModuleCache.noindex/SwiftUICore-10O13NLUUUOO96O7EH6YSZJJM.pcm /Users/runner/work/orange-cloud/orange-cloud/orange-cloud/apps/ios/Orange\ Cloud/build/ModuleCache.noindex/_AvailabilityInternal-CQN7T5OH4CRXBG0QP8IJWPCP.pcm /Users/runner/work/orange-cloud/orange-cloud/orange-cloud/apps/ios/Orange\ Cloud/build/ModuleCache.noindex/DeveloperToolsSupport-E6G1XLP9YAH1WYUEVSN760OYP.pcm /Users/runner/work/orange-cloud/orange-cloud/orange-cloud/apps/ios/Orange\ Cloud/build/ModuleCache.noindex/WatchKit-6IBLH6GFF7APEI02Q7EXFNF95.pcm /Users/runner/work/orange-cloud/orange-cloud/orange-cloud/apps/ios/Orange\ Cloud/build/ModuleCache.noindex/_Builtin_limits-6ISLWCYO1B4GYJ3LBOPSO27OA.pcm /Users/runner/work/orange-cloud/orange-cloud/orange-cloud/apps/ios/Orange\ Cloud/build/ModuleCache.noindex/_DarwinFoundation1-1BWWAYWY0OB39I671WLDYIB98.pcm /Users/runner/work/orange-cloud/orange-cloud/orange-cloud/apps/ios/Orange\ Cloud/build/ModuleCache.noindex/SwiftUI-62JR2Y2ER98BD0NNGSLV07I3M.pcm /Users/runner/work/orange-cloud/orange-cloud/orange-cloud/apps/ios/Orange\ Cloud/build/ModuleCache.noindex/_DarwinFoundation3-7ISP4DG3P4PMHPJNHMPDTAKSE.pcm /Users/runner/work/orange-cloud/orange-cloud/orange-cloud/apps/ios/Orange\ Cloud/build/ModuleCache.noindex/ptrauth-CWPWFB38BHU4OC89CFSWX7RU9.pcm /Users/runner/work/orange-cloud/orange-cloud/orange-cloud/apps/ios/Orange\ Cloud/build/ModuleCache.noindex/UserNotifications-4RD7X00RVR5JXB5WQZDJBWNY7.pcm /Users/runner/work/orange-cloud/orange-cloud/orange-cloud/apps/ios/Orange\ Cloud/build/ModuleCache.noindex/Darwin-20DUXLHQ6ESTAIH9LGRKB96DO.pcm /Users/runner/work/orange-cloud/orange-cloud/orange-cloud/apps/ios/Orange\ Cloud/build/ModuleCache.noindex/HomeKit-25A67KQYB0B40OQDDSBTNWPZ9.pcm /Users/runner/work/orange-cloud/orange-cloud/orange-cloud/apps/ios/Orange\ Cloud/build/ModuleCache.noindex/DataDetection-BE4EL2P39ZDO4HCTAP8NQXUBD.pcm /Users/runner/work/orange-cloud/orange-cloud/orange-cloud/apps/ios/Orange\ Cloud/build/ModuleCache.noindex/_DarwinFoundation2-ALGOWT0SNS2WJD9BX9L8KWE0L.pcm /Users/runner/work/orange-cloud/orange-cloud/orange-cloud/apps/ios/Orange\ Cloud/build/ModuleCache.noindex/_Builtin_intrinsics-CK8KMVW5P4TWPD3WDTOH1GE4A.pcm /Users/runner/work/orange-cloud/orange-cloud/orange-cloud/apps/ios/Orange\ Cloud/build/ModuleCache.noindex/_Builtin_inttypes-A5BZ1FEM1W7D0LV5T9IPDB62S.pcm /Users/runner/work/orange-cloud/orange-cloud/orange-cloud/apps/ios/Orange\ Cloud/build/ModuleCache.noindex/CoreData-EV13982O3J9O0DL6NQ0MFUR5G.pcm /Users/runner/work/orange-cloud/orange-cloud/orange-cloud/apps/ios/Orange\ Cloud/build/ModuleCache.noindex/_Builtin_float-5GWXEA8LZZ62J0TXKWM2FRHGK.pcm /Users/runner/work/orange-cloud/orange-cloud/orange-cloud/apps/ios/Orange\ Cloud/build/ModuleCache.noindex/Symbols-FN56NPU0PYZAM0UI554YAD2W.pcm /Users/runner/work/orange-cloud/orange-cloud/orange-cloud/apps/ios/Orange\ Cloud/build/ModuleCache.noindex/WidgetKit-1XK0A33WCN0TLGK3KZMRRYP6O.pcm /Users/runner/work/orange-cloud/orange-cloud/orange-cloud/apps/ios/Orange\ Cloud/build/ModuleCache.noindex/_LocationEssentials-ABV75C5JIO94TMV3XYJPE4UQ6.pcm /Users/runner/work/orange-cloud/orange-cloud/orange-cloud/apps/ios/Orange\ Cloud/build/ModuleCache.noindex/_SwiftConcurrencyShims-6CJ301R4R7PTR1NBXP7HQXOAZ.pcm /Users/runner/work/orange-cloud/orange-cloud/orange-cloud/apps/ios/Orange\ Cloud/build/ModuleCache.noindex/_Builtin_stdbool-5H8L20POF7Q1RC9HF7N2XYBQP.pcm /Users/runner/work/orange-cloud/orange-cloud/orange-cloud/apps/ios/Orange\ Cloud/build/ModuleCache.noindex/ExtensionFoundation-DZFNEK1L4V1E7JZMA8NWV0B5O.pcm /Users/runner/work/orange-cloud/orange-cloud/orange-cloud/apps/ios/Orange\ Cloud/build/ModuleCache.noindex/_Builtin_stdarg-284UXARC25F3VT7QY6PA96GVH.pcm /Users/runner/work/orange-cloud/orange-cloud/orange-cloud/apps/ios/Orange\ Cloud/build/ModuleCache.noindex/MapKit-642W9L91B52TBHV95SIHT404G.pcm /Users/runner/work/orange-cloud/orange-cloud/orange-cloud/apps/ios/Orange\ Cloud/build/ModuleCache.noindex/UIUtilities-44RN5THOAP1194UQRB4A5BCQY.pcm /Users/runner/work/orange-cloud/orange-cloud/orange-cloud/apps/ios/Orange\ Cloud/build/ModuleCache.noindex/XPC-8WGX3JCLGLZLRGE3RO7VZY7E3.pcm /Users/runner/work/orange-cloud/orange-cloud/orange-cloud/apps/ios/Orange\ Cloud/build/ModuleCache.noindex/os-C43BF700X5WES1SARWWISKQQ0.pcm /Users/runner/work/orange-cloud/orange-cloud/orange-cloud/apps/ios/Orange\ Cloud/build/ModuleCache.noindex/SwiftShims-6C7J4UV3EO7GNSFDSKKI8VFUF.pcm /Users/runner/work/orange-cloud/orange-cloud/orange-cloud/apps/ios/Orange\ Cloud/build/ModuleCache.noindex/Security-3AVAFMS4JSEOAYLNKUQ0YMFAS.pcm /Users/runner/work/orange-cloud/orange-cloud/orange-cloud/apps/ios/Orange\ Cloud/build/ModuleCache.noindex/_Builtin_stdint-91CSZ8PF9A4VKH7CWPEEHC045.pcm /Users/runner/work/orange-cloud/orange-cloud/orange-cloud/apps/ios/Orange\ Cloud/build/ModuleCache.noindex/CoreText-8TXD7LV8MJHJ0KJSY0X73LC7Q.pcm /Users/runner/work/orange-cloud/orange-cloud/orange-cloud/apps/ios/Orange\ Cloud/build/ModuleCache.noindex/SceneKit-9HMLQ33ZCHIRYB019JEJMEC0B.pcm /Users/runner/work/orange-cloud/orange-cloud/orange-cloud/apps/ios/Orange\ Cloud/build/ModuleCache.noindex/AppIntents-8RQK4CFUNWTGDTENA2XVY76R3.pcm /Users/runner/work/orange-cloud/orange-cloud/orange-cloud/apps/ios/Orange\ Cloud/build/ModuleCache.noindex/dnssd-DS4BU1E7A1YQLTIMPDC7HPY2O.pcm /Users/runner/work/orange-cloud/orange-cloud/orange-cloud/apps/ios/Orange\ Cloud/build/ModuleCache.noindex/OSLog-EAFC46IY06EZ15N3JBD04ZU3A.pcm /Users/runner/work/orange-cloud/orange-cloud/orange-cloud/apps/ios/Orange\ Cloud/build/ModuleCache.noindex/CoreGraphics-A9PB26DT90KL24LVGPFLZZZ7R.pcm /Users/runner/work/orange-cloud/orange-cloud/orange-cloud/apps/ios/Orange\ Cloud/build/ModuleCache.noindex/Accessibility-6VHY6W8SPHQF7JB7W24BGP3MR.pcm /Users/runner/work/orange-cloud/orange-cloud/orange-cloud/apps/ios/Orange\ Cloud/build/ModuleCache.noindex/CoreTransferable-2GJ31LK5AOTV7NCMGB23IPYSN.pcm /Users/runner/work/orange-cloud/orange-cloud/orange-cloud/apps/ios/Orange\ Cloud/build/ModuleCache.noindex/Spatial-E655GFGXPQCEOGOIJSPOEWZFB.pcm /Users/runner/work/orange-cloud/orange-cloud/orange-cloud/apps/ios/Orange\ Cloud/build/ModuleCache.noindex/_Builtin_stddef-1MQU4WWBO8ZKD28FC36KV724K.pcm /Users/runner/work/orange-cloud/orange-cloud/orange-cloud/apps/ios/Orange\ Cloud/build/ModuleCache.noindex/ObjectiveC-CQW8KO4YP1C4H3NYQCJR9BGAS.pcm /Users/runner/work/orange-cloud/orange-cloud/orange-cloud/apps/ios/Orange\ Cloud/build/ModuleCache.noindex/Foundation-CWKO586JQBMGS19BFJ67XKSG4.pcm /Users/runner/work/orange-cloud/orange-cloud/orange-cloud/apps/ios/Orange\ Cloud/build/ModuleCache.noindex/Intents-BJEJPJ4AGQH494JQT3FVLLKDA.pcm /Users/runner/work/orange-cloud/orange-cloud/orange-cloud/apps/ios/Orange\ Cloud/build/ModuleCache.noindex/CoreLocation-F1YFVL9AS7WHWVYC3JNFCA13Z.pcm /Users/runner/work/orange-cloud/orange-cloud/orange-cloud/apps/ios/Orange\ Cloud/build/ModuleCache.noindex/sys_types-C9DRAI0QKH76TZL476LI4HQ5X.pcm /Users/runner/work/orange-cloud/orange-cloud/orange-cloud/apps/ios/Orange\ Cloud/build/ModuleCache.noindex/os_workgroup-J7YT6WR7FSGH7HL2U2XOEPT4.pcm /Users/runner/work/orange-cloud/orange-cloud/orange-cloud/apps/ios/Orange\ Cloud/build/ModuleCache.noindex/os_object-5SO67XR279EHB2KXFCZW48BAN.pcm /Users/runner/work/orange-cloud/orange-cloud/orange-cloud/apps/ios/Orange\ Cloud/build/Build/Intermediates.noindex/Orange\ Cloud.build/Release-watchos/Orange\ Cloud\ WatchExtension.build/Objects-normal/arm64_32/Orange_Cloud_WatchExtension-dependencies-1.json (in target 'Orange Cloud WatchExtension' from project 'Orange Cloud')

CompileSwift normal arm64_32 (in target 'Orange Cloud WatchExtension' from project 'Orange Cloud')
    cd /Users/runner/work/orange-cloud/orange-cloud/orange-cloud/apps/ios/Orange\ Cloud
    

SwiftExplicitDependencyGeneratePcm arm64 /Users/runner/work/orange-cloud/orange-cloud/orange-cloud/apps/ios/Orange\ Cloud/build/ModuleCache.noindex/MapKit-894E7RTILFNA4QEIJU0B8MKOH.pcm

SwiftDriverJobDiscovery normal arm64 Compiling FileProviderEnumerator.swift, FileProviderExtension.swift, FileProviderIdentifierStore.swift, FileProviderItem.swift, R2FileProviderClient.swift, RefreshGate.swift (in target 'Orange Cloud File' from project 'Orange Cloud')

SwiftDriver\ Compilation\ Requirements Orange\ Cloud\ File normal arm64 com.apple.xcode.tools.swift.compiler (in target 'Orange Cloud File' from project 'Orange Cloud')
    cd /Users/runner/work/orange-cloud/orange-cloud/orange-cloud/apps/ios/Orange\ Cloud
    builtin-Swift-Compilation-Requirements -- /Applications/Xcode_26.6.app/Contents/Developer/Toolchains/XcodeDefault.xctoolchain/usr/bin/swiftc -module-name Orange_Cloud_File -O -whole-module-optimization @/Users/runner/work/orange-cloud/orange-cloud/orange-cloud/apps/ios/Orange\ Cloud/build/Build/Intermediates.noindex/Orange\ Cloud.build/Release-iphoneos/Orange\ Cloud\ File.build/Objects-normal/arm64/Orange\ Cloud\ File.SwiftFileList -DOPENSOURCE_UNLOCKED -D OPENSOURCE_UNLOCKED -enable-bare-slash-regex -enable-upcoming-feature DisableOutwardActorInference -enable-upcoming-feature InferSendableFromCaptures -enable-upcoming-feature GlobalActorIsolatedTypesUsability -enable-upcoming-feature MemberImportVisibility -enable-upcoming-feature InferIsolatedConformances -enable-upcoming-feature NonisolatedNonsendingByDefault -enable-experimental-feature DebugDescriptionMacro -sdk /Applications/Xcode_26.6.app/Contents/Developer/Platforms/iPhoneOS.platform/Developer/SDKs/iPhoneOS26.5.sdk -target arm64-apple-ios17.0 -g -module-cache-path /Users/runner/work/orange-cloud/orange-cloud/orange-cloud/apps/ios/Orange\ Cloud/build/ModuleCache.noindex -Xfrontend -serialize-debugging-options -application-extension -swift-version 5 -I /Users/runner/work/orange-cloud/orange-cloud/orange-cloud/apps/ios/Orange\ Cloud/build/Build/Products/Release-iphoneos -F /Users/runner/work/orange-cloud/orange-cloud/orange-cloud/apps/ios/Orange\ Cloud/build/Build/Products/Release-iphoneos -emit-localized-strings -emit-localized-strings-path /Users/runner/work/orange-cloud/orange-cloud/orange-cloud/apps/ios/Orange\ Cloud/build/Build/Intermediates.noindex/Orange\ Cloud.build/Release-iphoneos/Orange\ Cloud\ File.build/Objects-normal/arm64 -c -num-threads 3 -Xcc -ivfsstatcache -Xcc /Users/runner/work/orange-cloud/orange-cloud/orange-cloud/apps/ios/Orange\ Cloud/build/SDKStatCaches.noindex/iphoneos26.5-23F81a-688ef53f1462e2c8f657fdc38a81448fee66e23052a0157c865c76b268046726.sdkstatcache -output-file-map /Users/runner/work/orange-cloud/orange-cloud/orange-cloud/apps/ios/Orange\ Cloud/build/Build/Intermediates.noindex/Orange\ Cloud.build/Release-iphoneos/Orange\ Cloud\ File.build/Objects-normal/arm64/Orange\ Cloud\ File-OutputFileMap.json -use-frontend-parseable-output -save-temps -no-color-diagnostics -explicit-module-build -module-cache-path /Users/runner/work/orange-cloud/orange-cloud/orange-cloud/apps/ios/Orange\ Cloud/build/Build/Intermediates.noindex/SwiftExplicitPrecompiledModules -clang-scanner-module-cache-path /Users/runner/work/orange-cloud/orange-cloud/orange-cloud/apps/ios/Orange\ Cloud/build/ModuleCache.noindex -sdk-module-cache-path /Users/runner/work/orange-cloud/orange-cloud/orange-cloud/apps/ios/Orange\ Cloud/build/ModuleCache.noindex -serialize-diagnostics -emit-dependencies -emit-module -emit-module-path /Users/runner/work/orange-cloud/orange-cloud/orange-cloud/apps/ios/Orange\ Cloud/build/Build/Intermediates.noindex/Orange\ Cloud.build/Release-iphoneos/Orange\ Cloud\ File.build/Objects-normal/arm64/Orange_Cloud_File.swiftmodule -validate-clang-modules-once -clang-build-session-file /Users/runner/work/orange-cloud/orange-cloud/orange-cloud/apps/ios/Orange\ Cloud/build/ModuleCache.noindex/Session.modulevalidation -Xcc -I/Users/runner/work/orange-cloud/orange-cloud/orange-cloud/apps/ios/Orange\ Cloud/build/Build/Intermediates.noindex/Orange\ Cloud.build/Release-iphoneos/Orange\ Cloud\ File.build/swift-overrides.hmap -emit-const-values -Xfrontend -const-gather-protocols-file -Xfrontend /Users/runner/work/orange-cloud/orange-cloud/orange-cloud/apps/ios/Orange\ Cloud/build/Build/Intermediates.noindex/Orange\ Cloud.build/Release-iphoneos/Orange\ Cloud\ File.build/Objects-normal/arm64/Orange\ Cloud\ File_const_extract_protocols.json -Xcc -iquote -Xcc /Users/runner/work/orange-cloud/orange-cloud/orange-cloud/apps/ios/Orange\ Cloud/build/Build/Intermediates.noindex/Orange\ Cloud.build/Release-iphoneos/Orange\ Cloud\ File.build/Orange\ Cloud\ File-generated-files.hmap -Xcc -I/Users/runner/work/orange-cloud/orange-cloud/orange-cloud/apps/ios/Orange\ Cloud/build/Build/Intermediates.noindex/Orange\ Cloud.build/Release-iphoneos/Orange\ Cloud\ File.build/Orange\ Cloud\ File-own-target-headers.hmap -Xcc -I/Users/runner/work/orange-cloud/orange-cloud/orange-cloud/apps/ios/Orange\ Cloud/build/Build/Intermediates.noindex/Orange\ Cloud.build/Release-iphoneos/Orange\ Cloud\ File.build/Orange\ Cloud\ File-all-non-framework-target-headers.hmap -Xcc -ivfsoverlay -Xcc /Users/runner/work/orange-cloud/orange-cloud/orange-cloud/apps/ios/Orange\ Cloud/build/Build/Intermediates.noindex/Orange\ Cloud.build/Release-iphoneos/Orange\ Cloud-caa53a888f9e6677ffee03f20a1a9cdb-VFS-iphoneos/all-product-headers.yaml -Xcc -iquote -Xcc /Users/runner/work/orange-cloud/orange-cloud/orange-cloud/apps/ios/Orange\ Cloud/build/Build/Intermediates.noindex/Orange\ Cloud.build/Release-iphoneos/Orange\ Cloud\ File.build/Orange\ Cloud\ File-project-headers.hmap -Xcc -I/Users/runner/work/orange-cloud/orange-cloud/orange-cloud/apps/ios/Orange\ Cloud/build/Build/Products/Release-iphoneos/include -Xcc -I/Users/runner/work/orange-cloud/orange-cloud/orange-cloud/apps/ios/Orange\ Cloud/build/Build/Intermediates.noindex/Orange\ Cloud.build/Release-iphoneos/Orange\ Cloud\ File.build/DerivedSources-normal/arm64 -Xcc -I/Users/runner/work/orange-cloud/orange-cloud/orange-cloud/apps/ios/Orange\ Cloud/build/Build/Intermediates.noindex/Orange\ Cloud.build/Release-iphoneos/Orange\ Cloud\ File.build/DerivedSources/arm64 -Xcc -I/Users/runner/work/orange-cloud/orange-cloud/orange-cloud/apps/ios/Orange\ Cloud/build/Build/Intermediates.noindex/Orange\ Cloud.build/Release-iphoneos/Orange\ Cloud\ File.build/DerivedSources -emit-objc-header -emit-objc-header-path /Users/runner/work/orange-cloud/orange-cloud/orange-cloud/apps/ios/Orange\ Cloud/build/Build/Intermediates.noindex/Orange\ Cloud.build/Release-iphoneos/Orange\ Cloud\ File.build/Objects-normal/arm64/Orange_Cloud_File-Swift.h -working-directory /Users/runner/work/orange-cloud/orange-cloud/orange-cloud/apps/ios/Orange\ Cloud -no-emit-module-separately-wmo

SwiftExplicitDependencyGeneratePcm arm64 /Users/runner/work/orange-cloud/orange-cloud/orange-cloud/apps/ios/Orange\ Cloud/build/ModuleCache.noindex/WatchKit-803VPS7Q7E0L8C2GQTH72E1X8.pcm

SwiftMergeGeneratedHeaders /Users/runner/work/orange-cloud/orange-cloud/orange-cloud/apps/ios/Orange\ Cloud/build/Build/Intermediates.noindex/Orange\ Cloud.build/Release-iphoneos/Orange\ Cloud\ File.build/DerivedSources/Orange_Cloud_File-Swift.h /Users/runner/work/orange-cloud/orange-cloud/orange-cloud/apps/ios/Orange\ Cloud/build/Build/Intermediates.noindex/Orange\ Cloud.build/Release-iphoneos/Orange\ Cloud\ File.build/Objects-normal/arm64/Orange_Cloud_File-Swift.h (in target 'Orange Cloud File' from project 'Orange Cloud')
    cd /Users/runner/work/orange-cloud/orange-cloud/orange-cloud/apps/ios/Orange\ Cloud
    builtin-swiftHeaderTool -arch arm64 /Users/runner/work/orange-cloud/orange-cloud/orange-cloud/apps/ios/Orange\ Cloud/build/Build/Intermediates.noindex/Orange\ Cloud.build/Release-iphoneos/Orange\ Cloud\ File.build/Objects-normal/arm64/Orange_Cloud_File-Swift.h -o /Users/runner/work/orange-cloud/orange-cloud/orange-cloud/apps/ios/Orange\ Cloud/build/Build/Intermediates.noindex/Orange\ Cloud.build/Release-iphoneos/Orange\ Cloud\ File.build/DerivedSources/Orange_Cloud_File-Swift.h

Copy /Users/runner/work/orange-cloud/orange-cloud/orange-cloud/apps/ios/Orange\ Cloud/build/Build/Products/Release-iphoneos/Orange_Cloud_File.swiftmodule/arm64-apple-ios.swiftmodule /Users/runner/work/orange-cloud/orange-cloud/orange-cloud/apps/ios/Orange\ Cloud/build/Build/Intermediates.noindex/Orange\ Cloud.build/Release-iphoneos/Orange\ Cloud\ File.build/Objects-normal/arm64/Orange_Cloud_File.swiftmodule (in target 'Orange Cloud File' from project 'Orange Cloud')
    cd /Users/runner/work/orange-cloud/orange-cloud/orange-cloud/apps/ios/Orange\ Cloud
    builtin-copy -exclude .DS_Store -exclude CVS -exclude .svn -exclude .git -exclude .hg -resolve-src-symlinks -rename /Users/runner/work/orange-cloud/orange-cloud/orange-cloud/apps/ios/Orange\ Cloud/build/Build/Intermediates.noindex/Orange\ Cloud.build/Release-iphoneos/Orange\ Cloud\ File.build/Objects-normal/arm64/Orange_Cloud_File.swiftmodule /Users/runner/work/orange-cloud/orange-cloud/orange-cloud/apps/ios/Orange\ Cloud/build/Build/Products/Release-iphoneos/Orange_Cloud_File.swiftmodule/arm64-apple-ios.swiftmodule

Copy /Users/runner/work/orange-cloud/orange-cloud/orange-cloud/apps/ios/Orange\ Cloud/build/Build/Products/Release-iphoneos/Orange_Cloud_File.swiftmodule/arm64-apple-ios.swiftdoc /Users/runner/work/orange-cloud/orange-cloud/orange-cloud/apps/ios/Orange\ Cloud/build/Build/Intermediates.noindex/Orange\ Cloud.build/Release-iphoneos/Orange\ Cloud\ File.build/Objects-normal/arm64/Orange_Cloud_File.swiftdoc (in target 'Orange Cloud File' from project 'Orange Cloud')
    cd /Users/runner/work/orange-cloud/orange-cloud/orange-cloud/apps/ios/Orange\ Cloud
    builtin-copy -exclude .DS_Store -exclude CVS -exclude .svn -exclude .git -exclude .hg -resolve-src-symlinks -rename /Users/runner/work/orange-cloud/orange-cloud/orange-cloud/apps/ios/Orange\ Cloud/build/Build/Intermediates.noindex/Orange\ Cloud.build/Release-iphoneos/Orange\ Cloud\ File.build/Objects-normal/arm64/Orange_Cloud_File.swiftdoc /Users/runner/work/orange-cloud/orange-cloud/orange-cloud/apps/ios/Orange\ Cloud/build/Build/Products/Release-iphoneos/Orange_Cloud_File.swiftmodule/arm64-apple-ios.swiftdoc

Copy /Users/runner/work/orange-cloud/orange-cloud/orange-cloud/apps/ios/Orange\ Cloud/build/Build/Products/Release-iphoneos/Orange_Cloud_File.swiftmodule/arm64-apple-ios.abi.json /Users/runner/work/orange-cloud/orange-cloud/orange-cloud/apps/ios/Orange\ Cloud/build/Build/Intermediates.noindex/Orange\ Cloud.build/Release-iphoneos/Orange\ Cloud\ File.build/Objects-normal/arm64/Orange_Cloud_File.abi.json (in target 'Orange Cloud File' from project 'Orange Cloud')
    cd /Users/runner/work/orange-cloud/orange-cloud/orange-cloud/apps/ios/Orange\ Cloud
    builtin-copy -exclude .DS_Store -exclude CVS -exclude .svn -exclude .git -exclude .hg -resolve-src-symlinks -rename /Users/runner/work/orange-cloud/orange-cloud/orange-cloud/apps/ios/Orange\ Cloud/build/Build/Intermediates.noindex/Orange\ Cloud.build/Release-iphoneos/Orange\ Cloud\ File.build/Objects-normal/arm64/Orange_Cloud_File.abi.json /Users/runner/work/orange-cloud/orange-cloud/orange-cloud/apps/ios/Orange\ Cloud/build/Build/Products/Release-iphoneos/Orange_Cloud_File.swiftmodule/arm64-apple-ios.abi.json

Copy /Users/runner/work/orange-cloud/orange-cloud/orange-cloud/apps/ios/Orange\ Cloud/build/Build/Products/Release-iphoneos/Orange_Cloud_File.swiftmodule/Project/arm64-apple-ios.swiftsourceinfo /Users/runner/work/orange-cloud/orange-cloud/orange-cloud/apps/ios/Orange\ Cloud/build/Build/Intermediates.noindex/Orange\ Cloud.build/Release-iphoneos/Orange\ Cloud\ File.build/Objects-normal/arm64/Orange_Cloud_File.swiftsourceinfo (in target 'Orange Cloud File' from project 'Orange Cloud')
    cd /Users/runner/work/orange-cloud/orange-cloud/orange-cloud/apps/ios/Orange\ Cloud
    builtin-copy -exclude .DS_Store -exclude CVS -exclude .svn -exclude .git -exclude .hg -resolve-src-symlinks -rename /Users/runner/work/orange-cloud/orange-cloud/orange-cloud/apps/ios/Orange\ Cloud/build/Build/Intermediates.noindex/Orange\ Cloud.build/Release-iphoneos/Orange\ Cloud\ File.build/Objects-normal/arm64/Orange_Cloud_File.swiftsourceinfo /Users/runner/work/orange-cloud/orange-cloud/orange-cloud/apps/ios/Orange\ Cloud/build/Build/Products/Release-iphoneos/Orange_Cloud_File.swiftmodule/Project/arm64-apple-ios.swiftsourceinfo

SwiftExplicitDependencyGeneratePcm arm64 /Users/runner/work/orange-cloud/orange-cloud/orange-cloud/apps/ios/Orange\ Cloud/build/ModuleCache.noindex/SwiftUI-D71NW51DXP8TUVQV74YTWH11K.pcm

SwiftCompile normal arm64 Compiling\ BillingCycle.swift,\ ByteFormat.swift,\ DayBoundary.swift,\ FileProviderDomainID.swift,\ SharedAuth.swift,\ Orange_Cloud_Watch.swift,\ Orange_Cloud_WatchBundle.swift,\ SkyPhase.swift,\ Theme.swift,\ WatchBridgePayload.swift,\ WidgetConfigIntents.swift,\ WidgetSnapshot.swift,\ GeneratedAssetSymbols.swift,\ GeneratedStringSymbols_Localizable.swift /Users/runner/work/orange-cloud/orange-cloud/orange-cloud/apps/ios/Orange\ Cloud/Shared/BillingCycle.swift /Users/runner/work/orange-cloud/orange-cloud/orange-cloud/apps/ios/Orange\ Cloud/Shared/ByteFormat.swift /Users/runner/work/orange-cloud/orange-cloud/orange-cloud/apps/ios/Orange\ Cloud/Shared/DayBoundary.swift /Users/runner/work/orange-cloud/orange-cloud/orange-cloud/apps/ios/Orange\ Cloud/Shared/FileProviderDomainID.swift /Users/runner/work/orange-cloud/orange-cloud/orange-cloud/apps/ios/Orange\ Cloud/Shared/SharedAuth.swift /Users/runner/work/orange-cloud/orange-cloud/orange-cloud/apps/ios/Orange\ Cloud/Orange\ Cloud\ Watch/Orange_Cloud_Watch.swift /Users/runner/work/orange-cloud/orange-cloud/orange-cloud/apps/ios/Orange\ Cloud/Orange\ Cloud\ Watch/Orange_Cloud_WatchBundle.swift /Users/runner/work/orange-cloud/orange-cloud/orange-cloud/apps/ios/Orange\ Cloud/Shared/SkyPhase.swift /Users/runner/work/orange-cloud/orange-cloud/orange-cloud/apps/ios/Orange\ Cloud/Shared/Theme.swift /Users/runner/work/orange-cloud/orange-cloud/orange-cloud/apps/ios/Orange\ Cloud/Shared/WatchBridgePayload.swift /Users/runner/work/orange-cloud/orange-cloud/orange-cloud/apps/ios/Orange\ Cloud/Shared/WidgetConfigIntents.swift /Users/runner/work/orange-cloud/orange-cloud/orange-cloud/apps/ios/Orange\ Cloud/Shared/WidgetSnapshot.swift /Users/runner/work/orange-cloud/orange-cloud/orange-cloud/apps/ios/Orange\ Cloud/build/Build/Intermediates.noindex/Orange\ Cloud.build/Release-watchos/Orange\ Cloud\ WatchExtension.build/DerivedSources/GeneratedAssetSymbols.swift /Users/runner/work/orange-cloud/orange-cloud/orange-cloud/apps/ios/Orange\ Cloud/build/Build/Intermediates.noindex/Orange\ Cloud.build/Release-watchos/Orange\ Cloud\ WatchExtension.build/DerivedSources/GeneratedStringSymbols_Localizable.swift /Applications/Xcode_26.6.app/Contents/Developer/Toolchains/XcodeDefault.xctoolchain/usr/lib/swift/watchos/prebuilt-modules/26.5/Accessibility.swiftmodule/arm64e-apple-watchos.swiftmodule /Applications/Xcode_26.6.app/Contents/Developer/Toolchains/XcodeDefault.xctoolchain/usr/lib/swift/watchos/prebuilt-modules/26.5/CoreFoundation.swiftmodule/arm64e-apple-watchos.swiftmodule /Applications/Xcode_26.6.app/Contents/Developer/Toolchains/XcodeDefault.xctoolchain/usr/lib/swift/watchos/prebuilt-modules/26.5/_DarwinFoundation1.swiftmodule/arm64e-apple-watchos.swiftmodule /Applications/Xcode_26.6.app/Contents/Developer/Toolchains/XcodeDefault.xctoolchain/usr/lib/swift/watchos/prebuilt-modules/26.5/RelevanceKit.swiftmodule/arm64e-apple-watchos.swiftmodule /Applications/Xcode_26.6.app/Contents/Developer/Toolchains/XcodeDefault.xctoolchain/usr/lib/swift/watchos/prebuilt-modules/26.5/AppIntents.swiftmodule/arm64e-apple-watchos.swiftmodule /Applications/Xcode_26.6.app/Contents/Developer/Toolchains/XcodeDefault.xctoolchain/usr/lib/swift/watchos/prebuilt-modules/26.5/_DarwinFoundation3.swiftmodule/arm64e-apple-watchos.swiftmodule /Applications/Xcode_26.6.app/Contents/Developer/Toolchains/XcodeDefault.xctoolchain/usr/lib/swift/watchos/prebuilt-modules/26.5/ExtensionFoundation.swiftmodule/arm64e-apple-watchos.swiftmodule /Applications/Xcode_26.6.app/Contents/Developer/Toolchains/XcodeDefault.xctoolchain/usr/lib/swift/watchos/prebuilt-modules/26.5/GeoToolbox.swiftmodule/arm64e-apple-watchos.swiftmodule /Applications/Xcode_26.6.app/Contents/Developer/Toolchains/XcodeDefault.xctoolchain/usr/lib/swift/watchos/prebuilt-modules/26.5/Symbols.swiftmodule/arm64e-apple-watchos.swiftmodule /Applications/Xcode_26.6.app/Contents/Developer/Toolchains/XcodeDefault.xctoolchain/usr/lib/swift/watchos/prebuilt-modules/26.5/DeveloperToolsSupport.swiftmodule/arm64e-apple-watchos.swiftmodule /Applications/Xcode_26.6.app/Contents/Developer/Toolchains/XcodeDefault.xctoolchain/usr/lib/swift/watchos/prebuilt-modules/26.5/XPC.swiftmodule/arm64e-apple-watchos.swiftmodule /Applications/Xcode_26.6.app/Contents/Developer/Toolchains/XcodeDefault.xctoolchain/usr/lib/swift/watchos/prebuilt-modules/26.5/_Concurrency.swiftmodule/arm64e-apple-watchos.swiftmodule /Applications/Xcode_26.6.app/Contents/Developer/Toolchains/XcodeDefault.xctoolchain/usr/lib/swift/watchos/prebuilt-modules/26.5/WidgetKit.swiftmodule/arm64e-apple-watchos.swiftmodule /Applications/Xcode_26.6.app/Contents/Developer/Toolchains/XcodeDefault.xctoolchain/usr/lib/swift/watchos/prebuilt-modules/26.5/DataDetection.swiftmodule/arm64e-apple-watchos.swiftmodule /Applications/Xcode_26.6.app/Contents/Developer/Toolchains/XcodeDefault.xctoolchain/usr/lib/swift/watchos/prebuilt-modules/26.5/Observation.swiftmodule/arm64e-apple-watchos.swiftmodule /Applications/Xcode_26.6.app/Contents/Developer/Toolchains/XcodeDefault.xctoolchain/usr/lib/swift/watchos/prebuilt-modules/26.5/LightweightCodeRequirements.swiftmodule/arm64e-apple-watchos.swiftmodule /Applications/Xcode_26.6.app/Contents/Developer/Toolchains/XcodeDefault.xctoolchain/usr/lib/swift/watchos/prebuilt-modules/26.5/_DarwinFoundation2.swiftmodule/arm64e-apple-watchos.swiftmodule /Applications/Xcode_26.6.app/Contents/Developer/Toolchains/XcodeDefault.xctoolchain/usr/lib/swift/watchos/prebuilt-modules/26.5/Darwin.swiftmodule/arm64e-apple-watchos.swiftmodule /Applications/Xcode_26.6.app/Contents/Developer/Toolchains/XcodeDefault.xctoolchain/usr/lib/swift/watchos/prebuilt-modules/26.5/Network.swiftmodule/arm64e-apple-watchos.swiftmodule /Applications/Xcode_26.6.app/Contents/Developer/Toolchains/XcodeDefault.xctoolchain/usr/lib/swift/watchos/prebuilt-modules/26.5/SwiftUICore.swiftmodule/arm64e-apple-watchos.swiftmodule /Applications/Xcode_26.6.app/Contents/Developer/Toolchains/XcodeDefault.xctoolchain/usr/lib/swift/watchos/prebuilt-modules/26.5/UniformTypeIdentifiers.swiftmodule/arm64e-apple-watchos.swiftmodule /Applications/Xcode_26.6.app/Contents/Developer/Toolchains/XcodeDefault.xctoolchain/usr/lib/swift/watchos/prebuilt-modules/26.5/ObjectiveC.swiftmodule/arm64e-apple-watchos.swiftmodule /Applications/Xcode_26.6.app/Contents/Developer/Toolchains/XcodeDefault.xctoolchain/usr/lib/swift/watchos/prebuilt-modules/26.5/Intents.swiftmodule/arm64e-apple-watchos.swiftmodule /Applications/Xcode_26.6.app/Contents/Developer/Toolchains/XcodeDefault.xctoolchain/usr/lib/swift/watchos/prebuilt-modules/26.5/_StringProcessing.swiftmodule/arm64e-apple-watchos.swiftmodule /Applications/Xcode_26.6.app/Contents/Developer/Toolchains/XcodeDefault.xctoolchain/usr/lib/swift/watchos/prebuilt-modules/26.5/SceneKit.swiftmodule/arm64e-apple-watchos.swiftmodule /Applications/Xcode_26.6.app/Contents/Developer/Toolchains/XcodeDefault.xctoolchain/usr/lib/swift/watchos/prebuilt-modules/26.5/MapKit.swiftmodule/arm64e-apple-watchos.swiftmodule /Applications/Xcode_26.6.app/Contents/Developer/Toolchains/XcodeDefault.xctoolchain/usr/lib/swift/watchos/prebuilt-modules/26.5/QuartzCore.swiftmodule/arm64e-apple-watchos.swiftmodule /Applications/Xcode_26.6.app/Contents/Developer/Toolchains/XcodeDefault.xctoolchain/usr/lib/swift/watchos/prebuilt-modules/26.5/SwiftUI.swiftmodule/arm64e-apple-watchos.swiftmodule /Applications/Xcode_26.6.app/Contents/Developer/Toolchains/XcodeDefault.xctoolchain/usr/lib/swift/watchos/prebuilt-modules/26.5/CoreText.swiftmodule/arm64e-apple-watchos.swiftmodule /Applications/Xcode_26.6.app/Contents/Developer/Toolchains/XcodeDefault.xctoolchain/usr/lib/swift/watchos/prebuilt-modules/26.5/CoreGraphics.swiftmodule/arm64e-apple-watchos.swiftmodule /Applications/Xcode_26.6.app/Contents/Developer/Toolchains/XcodeDefault.xctoolchain/usr/lib/swift/watchos/prebuilt-modules/26.5/HomeKit.swiftmodule/arm64e-apple-watchos.swiftmodule /Applications/Xcode_26.6.app/Contents/Developer/Toolchains/XcodeDefault.xctoolchain/usr/lib/swift/watchos/prebuilt-modules/26.5/Distributed.swiftmodule/arm64e-apple-watchos.swiftmodule /Applications/Xcode_26.6.app/Contents/Developer/Toolchains/XcodeDefault.xctoolchain/usr/lib/swift/watchos/prebuilt-modules/26.5/Swift.swiftmodule/arm64e-apple-watchos.swiftmodule /Applications/Xcode_26.6.app/Contents/Developer/Toolchains/XcodeDefault.xctoolchain/usr/lib/swift/watchos/prebuilt-modules/26.5/Spatial.swiftmodule/arm64e-apple-watchos.swiftmodule /Applications/Xcode_26.6.app/Contents/Developer/Toolchains/XcodeDefault.xctoolchain/usr/lib/swift/watchos/prebuilt-modules/26.5/CoreLocation.swiftmodule/arm64e-apple-watchos.swiftmodule /Applications/Xcode_26.6.app/Contents/Developer/Toolchains/XcodeDefault.xctoolchain/usr/lib/swift/watchos/prebuilt-modules/26.5/CoreVideo.swiftmodule/arm64e-apple-watchos.swiftmodule /Applications/Xcode_26.6.app/Contents/Developer/Toolchains/XcodeDefault.xctoolchain/usr/lib/swift/watchos/prebuilt-modules/26.5/Dispatch.swiftmodule/arm64e-apple-watchos.swiftmodule /Applications/Xcode_26.6.app/Contents/Developer/Toolchains/XcodeDefault.xctoolchain/usr/lib/swift/watchos/prebuilt-modules/26.5/_AppIntents_SwiftUI.swiftmodule/arm64e-apple-watchos.swiftmodule /Applications/Xcode_26.6.app/Contents/Developer/Toolchains/XcodeDefault.xctoolchain/usr/lib/swift/watchos/prebuilt-modules/26.5/CoreTransferable.swiftmodule/arm64e-apple-watchos.swiftmodule /Applications/Xcode_26.6.app/Contents/Developer/Toolchains/XcodeDefault.xctoolchain/usr/lib/swift/watchos/prebuilt-modules/26.5/os.swiftmodule/arm64e-apple-watchos.swiftmodule /Applications/Xcode_26.6.app/Contents/Developer/Toolchains/XcodeDefault.xctoolchain/usr/lib/swift/watchos/prebuilt-modules/26.5/Foundation.swiftmodule/arm64e-apple-watchos.swiftmodule /Applications/Xcode_26.6.app/Contents/Developer/Toolchains/XcodeDefault.xctoolchain/usr/lib/swift/watchos/prebuilt-modules/26.5/OSLog.swiftmodule/arm64e-apple-watchos.swiftmodule /Applications/Xcode_26.6.app/Contents/Developer/Toolchains/XcodeDefault.xctoolchain/usr/lib/swift/watchos/prebuilt-modules/26.5/System.swiftmodule/arm64e-apple-watchos.swiftmodule /Applications/Xcode_26.6.app/Contents/Developer/Toolchains/XcodeDefault.xctoolchain/usr/lib/swift/watchos/prebuilt-modules/26.5/Combine.swiftmodule/arm64e-apple-watchos.swiftmodule /Applications/Xcode_26.6.app/Contents/Developer/Toolchains/XcodeDefault.xctoolchain/usr/lib/swift/watchos/prebuilt-modules/26.5/simd.swiftmodule/arm64e-apple-watchos.swiftmodule /Applications/Xcode_26.6.app/Contents/Developer/Toolchains/XcodeDefault.xctoolchain/usr/lib/swift/watchos/prebuilt-modules/26.5/UIKit.swiftmodule/arm64e-apple-watchos.swiftmodule /Applications/Xcode_26.6.app/Contents/Developer/Toolchains/XcodeDefault.xctoolchain/usr/lib/swift/watchos/prebuilt-modules/26.5/_Builtin_float.swiftmodule/arm64e-apple-watchos.swiftmodule /Applications/Xcode_26.6.app/Contents/Developer/Toolchains/XcodeDefault.xctoolchain/usr/lib/swift/watchos/prebuilt-modules/26.5/WatchKit.swiftmodule/arm64e-apple-watchos.swiftmodule /Applications/Xcode_26.6.app/Contents/Developer/Toolchains/XcodeDefault.xctoolchain/usr/lib/swift/watchos/prebuilt-modules/26.5/CoreData.swiftmodule/arm64e-apple-watchos.swiftmodule /Users/runner/work/orange-cloud/orange-cloud/orange-cloud/apps/ios/Orange\ Cloud/build/ModuleCache.noindex/SceneKit-1HUE8BBF5T6YO4C6K81N7JRQ6.pcm /Users/runner/work/orange-cloud/orange-cloud/orange-cloud/apps/ios/Orange\ Cloud/build/ModuleCache.noindex/Foundation-9844SV0E024DKQTYT7JJBJDBI.pcm /Users/runner/work/orange-cloud/orange-cloud/orange-cloud/apps/ios/Orange\ Cloud/build/ModuleCache.noindex/ptrauth-CTMNQ6169X8T59BUMYY3UKMG.pcm /Users/runner/work/orange-cloud/orange-cloud/orange-cloud/apps/ios/Orange\ Cloud/build/ModuleCache.noindex/os_object-95SAVYXH4Z5C53ZK3E12F05LN.pcm /Users/runner/work/orange-cloud/orange-cloud/orange-cloud/apps/ios/Orange\ Cloud/build/ModuleCache.noindex/sys_types-2SAL8VPCJJKHXT0LIMKO2LVKC.pcm /Users/runner/work/orange-cloud/orange-cloud/orange-cloud/apps/ios/Orange\ Cloud/build/ModuleCache.noindex/CoreGraphics-2B2WS9331E9MQ7412B71Y9RDH.pcm /Users/runner/work/orange-cloud/orange-cloud/orange-cloud/apps/ios/Orange\ Cloud/build/ModuleCache.noindex/ObjectiveC-14MM691XMH80URBQPH0O9IOBV.pcm /Users/runner/work/orange-cloud/orange-cloud/orange-cloud/apps/ios/Orange\ Cloud/build/ModuleCache.noindex/XPC-4TLF1NCSH22JYTKRIAHL2C91T.pcm /Users/runner/work/orange-cloud/orange-cloud/orange-cloud/apps/ios/Orange\ Cloud/build/ModuleCache.noindex/SwiftUICore-UEGK1O83CCS6B4V3EZ51ER1V.pcm /Users/runner/work/orange-cloud/orange-cloud/orange-cloud/apps/ios/Orange\ Cloud/build/ModuleCache.noindex/CoreData-6CALE3WKWQPCA6P4MEUN5UQQD.pcm /Users/runner/work/orange-cloud/orange-cloud/orange-cloud/apps/ios/Orange\ Cloud/build/ModuleCache.noindex/simd-1CRSJVNXCAQFBDZD430H02CQO.pcm /Users/runner/work/orange-cloud/orange-cloud/orange-cloud/apps/ios/Orange\ Cloud/build/ModuleCache.noindex/_Builtin_inttypes-D4KSDA19DMS361N6QFJT4N4L7.pcm /Users/runner/work/orange-cloud/orange-cloud/orange-cloud/apps/ios/Orange\ Cloud/build/ModuleCache.noindex/_DarwinFoundation1-3OHQ7UE012KH6WDGO3OQQZPSF.pcm /Users/runner/work/orange-cloud/orange-cloud/orange-cloud/apps/ios/Orange\ Cloud/build/ModuleCache.noindex/UniformTypeIdentifiers-8AIS5LH1Y7Z846BHXJKF2YPM4.pcm /Users/runner/work/orange-cloud/orange-cloud/orange-cloud/apps/ios/Orange\ Cloud/build/ModuleCache.noindex/CoreText-DXLWMGWORFERMI4VLAX1NSSCI.pcm /Users/runner/work/orange-cloud/orange-cloud/orange-cloud/apps/ios/Orange\ Cloud/build/ModuleCache.noindex/_Builtin_stdint-D3X8YFP98OBWH36CXJUD6Q6YT.pcm /Users/runner/work/orange-cloud/orange-cloud/orange-cloud/apps/ios/Orange\ Cloud/build/ModuleCache.noindex/WidgetKit-808L9KP5GRFWC1DZMZSXZRTWO.pcm /Users/runner/work/orange-cloud/orange-cloud/orange-cloud/apps/ios/Orange\ Cloud/build/ModuleCache.noindex/_SwiftConcurrencyShims-9KM3NE93AJBOVWJZ5P4I2HD9Y.pcm /Users/runner/work/orange-cloud/orange-cloud/orange-cloud/apps/ios/Orange\ Cloud/build/ModuleCache.noindex/SwiftShims-CG0KOVQW9XLR9Q3WW4S4CB4JL.pcm /Users/runner/work/orange-cloud/orange-cloud/orange-cloud/apps/ios/Orange\ Cloud/build/ModuleCache.noindex/_Builtin_stdarg-BWJGQ42506X3J0I1DTDRIDAFP.pcm /Users/runner/work/orange-cloud/orange-cloud/orange-cloud/apps/ios/Orange\ Cloud/build/ModuleCache.noindex/ptrcheck-221UCWCQG7OYHAH041ICVU6XC.pcm /Users/runner/work/orange-cloud/orange-cloud/orange-cloud/apps/ios/Orange\ Cloud/build/ModuleCache.noindex/CoreVideo-EZ4FY3QJXOEDQMNF2OIMQ9TNR.pcm /Users/runner/work/orange-cloud/orange-cloud/orange-cloud/apps/ios/Orange\ Cloud/build/ModuleCache.noindex/_DarwinFoundation3-63X5AAN4SBZLXZ16669WG27O3.pcm /Users/runner/work/orange-cloud/orange-cloud/orange-cloud/apps/ios/Orange\ Cloud/build/ModuleCache.noindex/CoreTransferable-DLUOFBXRT4JDJFZQJ6S9UOI11.pcm /Users/runner/work/orange-cloud/orange-cloud/orange-cloud/apps/ios/Orange\ Cloud/build/ModuleCache.noindex/_AvailabilityInternal-E238W1QII3QLH2PVRC01BM998.pcm /Users/runner/work/orange-cloud/orange-cloud/orange-cloud/apps/ios/Orange\ Cloud/build/ModuleCache.noindex/ExtensionFoundation-AW46PVABNTFDU6E8R0WO5FJES.pcm /Users/runner/work/orange-cloud/orange-cloud/orange-cloud/apps/ios/Orange\ Cloud/build/ModuleCache.noindex/UIKit-3IWBXC13KD7CTOMJG96FMN70S.pcm /Users/runner/work/orange-cloud/orange-cloud/orange-cloud/apps/ios/Orange\ Cloud/build/ModuleCache.noindex/_LocationEssentials-57ORKD3VL0TXK10FZPRLQOGOB.pcm /Users/runner/work/orange-cloud/orange-cloud/orange-cloud/apps/ios/Orange\ Cloud/build/ModuleCache.noindex/MapKit-894E7RTILFNA4QEIJU0B8MKOH.pcm /Users/runner/work/orange-cloud/orange-cloud/orange-cloud/apps/ios/Orange\ Cloud/build/ModuleCache.noindex/_Builtin_limits-BROOYCYISMBIEBT9SHPJBW29S.pcm /Users/runner/work/orange-cloud/orange-cloud/orange-cloud/apps/ios/Orange\ Cloud/build/ModuleCache.noindex/Dispatch-8KYVAPSKLC9G089WZ2901NHY2.pcm /Users/runner/work/orange-cloud/orange-cloud/orange-cloud/apps/ios/Orange\ Cloud/build/ModuleCache.noindex/CoreFoundation-AMKVW1VMNZD4IOHQ9VRF5KF6W.pcm /Users/runner/work/orange-cloud/orange-cloud/orange-cloud/apps/ios/Orange\ Cloud/build/ModuleCache.noindex/_Builtin_tgmath-78JF18DW5R2PAOJ01Z34DWT5M.pcm /Users/runner/work/orange-cloud/orange-cloud/orange-cloud/apps/ios/Orange\ Cloud/build/ModuleCache.noindex/Network-764R60KPSL3OVTJGYA02VDLNO.pcm /Users/runner/work/orange-cloud/orange-cloud/orange-cloud/apps/ios/Orange\ Cloud/build/ModuleCache.noindex/_Builtin_stddef-CGPGVU8JW00A0H88N61AJ0BSW.pcm /Users/runner/work/orange-cloud/orange-cloud/orange-cloud/apps/ios/Orange\ Cloud/build/ModuleCache.noindex/AppIntents-IDZRX1LMXCBKF7UQ4POY4FKA.pcm /Users/runner/work/orange-cloud/orange-cloud/orange-cloud/apps/ios/Orange\ Cloud/build/ModuleCache.noindex/DeveloperToolsSupport-9PW1F934XV3OCTZQMC5P17LY3.pcm /Users/runner/work/orange-cloud/orange-cloud/orange-cloud/apps/ios/Orange\ Cloud/build/ModuleCache.noindex/Symbols-57IJIUGA1Y2NYAQ7BMX3W38J1.pcm /Users/runner/work/orange-cloud/orange-cloud/orange-cloud/apps/ios/Orange\ Cloud/build/ModuleCache.noindex/dnssd-E4FPACP4XLAK7O4ECKF40RFK1.pcm /Users/runner/work/orange-cloud/orange-cloud/orange-cloud/apps/ios/Orange\ Cloud/build/ModuleCache.noindex/QuartzCore-98ACBMR9RTP2V6ILH6DL96J3T.pcm /Users/runner/work/orange-cloud/orange-cloud/orange-cloud/apps/ios/Orange\ Cloud/build/ModuleCache.noindex/UserNotifications-B0B6BJMF6U9M7X02BD7FH9QFD.pcm /Users/runner/work/orange-cloud/orange-cloud/orange-cloud/apps/ios/Orange\ Cloud/build/ModuleCache.noindex/_Builtin_stdbool-2G6HDK3QKPLHXIPIZY0LRBY4Q.pcm /Users/runner/work/orange-cloud/orange-cloud/orange-cloud/apps/ios/Orange\ Cloud/build/ModuleCache.noindex/_DarwinFoundation2-7JZRVRXZ1PCV7TJOCWR0TBF4V.pcm /Users/runner/work/orange-cloud/orange-cloud/orange-cloud/apps/ios/Orange\ Cloud/build/ModuleCache.noindex/DataDetection-AI51QSYTHZ0TEGAX3D7UC8WNE.pcm /Users/runner/work/orange-cloud/orange-cloud/orange-cloud/apps/ios/Orange\ Cloud/build/ModuleCache.noindex/UIUtilities-6T0JPHD89X30EQ3NLRU27KBDV.pcm /Users/runner/work/orange-cloud/orange-cloud/orange-cloud/apps/ios/Orange\ Cloud/build/ModuleCache.noindex/Spatial-A8J2427F2UOMH124LBII562ST.pcm /Users/runner/work/orange-cloud/orange-cloud/orange-cloud/apps/ios/Orange\ Cloud/build/ModuleCache.noindex/RelevanceKit-6B6AY79IB23O1DQAVD4CAW8M5.pcm /Users/runner/work/orange-cloud/orange-cloud/orange-cloud/apps/ios/Orange\ Cloud/build/ModuleCache.noindex/SwiftUI-D71NW51DXP8TUVQV74YTWH11K.pcm /Users/runner/work/orange-cloud/orange-cloud/orange-cloud/apps/ios/Orange\ Cloud/build/ModuleCache.noindex/_Builtin_float-ATMRXG8R4804NWJL1VBX4JGZ5.pcm /Users/runner/work/orange-cloud/orange-cloud/orange-cloud/apps/ios/Orange\ Cloud/build/ModuleCache.noindex/HomeKit-AJ2WY1TXCXE0D228MJ69R9Y7B.pcm /Users/runner/work/orange-cloud/orange-cloud/orange-cloud/apps/ios/Orange\ Cloud/build/ModuleCache.noindex/Intents-97KP82R1PKUR6IV6VF17J4PMZ.pcm /Users/runner/work/orange-cloud/orange-cloud/orange-cloud/apps/ios/Orange\ Cloud/build/ModuleCache.noindex/OSLog-E6DTMLSFI7DBREK2KLNMU1UPU.pcm /Users/runner/work/orange-cloud/orange-cloud/orange-cloud/apps/ios/Orange\ Cloud/build/ModuleCache.noindex/os_workgroup-DD2EXT578PX9VS6SU1FW25CWK.pcm /Users/runner/work/orange-cloud/orange-cloud/orange-cloud/apps/ios/Orange\ Cloud/build/ModuleCache.noindex/MachO-4MUVS3GM94DW31TYK8H0JYO8E.pcm /Users/runner/work/orange-cloud/orange-cloud/orange-cloud/apps/ios/Orange\ Cloud/build/ModuleCache.noindex/Darwin-A8PXOVYS9BCLF1IVCSQVKFFCQ.pcm /Users/runner/work/orange-cloud/orange-cloud/orange-cloud/apps/ios/Orange\ Cloud/build/ModuleCache.noindex/_Builtin_stdatomic-A23PQ6SAC5PF1KETRVIDCI8F5.pcm /Users/runner/work/orange-cloud/orange-cloud/orange-cloud/apps/ios/Orange\ Cloud/build/ModuleCache.noindex/CoreLocation-BTIV9TA4Z7JVKIWEHIAIBPHSY.pcm /Users/runner/work/orange-cloud/orange-cloud/orange-cloud/apps/ios/Orange\ Cloud/build/ModuleCache.noindex/_Builtin_intrinsics-87S8RRN3X4SBKLV76N4B8GIFS.pcm /Users/runner/work/orange-cloud/orange-cloud/orange-cloud/apps/ios/Orange\ Cloud/build/ModuleCache.noindex/os-50375MH70JMFH0UN32S1RYCGO.pcm /Users/runner/work/orange-cloud/orange-cloud/orange-cloud/apps/ios/Orange\ Cloud/build/ModuleCache.noindex/Security-1ZBGLSOMAIJZYTRGWCWQIGQ0W.pcm /Users/runner/work/orange-cloud/orange-cloud/orange-cloud/apps/ios/Orange\ Cloud/build/ModuleCache.noindex/WatchKit-803VPS7Q7E0L8C2GQTH72E1X8.pcm /Users/runner/work/orange-cloud/orange-cloud/orange-cloud/apps/ios/Orange\ Cloud/build/ModuleCache.noindex/Accessibility-876KBB6L4MNG9CXF11NZ247PA.pcm /Users/runner/work/orange-cloud/orange-cloud/orange-cloud/apps/ios/Orange\ Cloud/build/Build/Intermediates.noindex/Orange\ Cloud.build/Release-watchos/Orange\ Cloud\ WatchExtension.build/Objects-normal/arm64/Orange_Cloud_WatchExtension-dependencies-2.json (in target 'Orange Cloud WatchExtension' from project 'Orange Cloud')

CompileSwift normal arm64 (in target 'Orange Cloud WatchExtension' from project 'Orange Cloud')
    cd /Users/runner/work/orange-cloud/orange-cloud/orange-cloud/apps/ios/Orange\ Cloud
    

SwiftDriver\ Compilation SentryCppHelper normal arm64 com.apple.xcode.tools.swift.compiler (in target 'SentryCppHelper' from project 'Sentry')
    cd /Users/runner/work/orange-cloud/orange-cloud/orange-cloud/apps/ios/Orange\ Cloud/Orange\ Cloud.xcodeproj
    builtin-Swift-Compilation -- /Applications/Xcode_26.6.app/Contents/Developer/Toolchains/XcodeDefault.xctoolchain/usr/bin/swiftc -module-name SentryCppHelper -O -whole-module-optimization @/Users/runner/work/orange-cloud/orange-cloud/orange-cloud/apps/ios/Orange\ Cloud/build/Build/Intermediates.noindex/Sentry.build/Release-iphoneos/SentryCppHelper.build/Objects-normal/arm64/SentryCppHelper.SwiftFileList -DSWIFT_PACKAGE -DSWIFT_MODULE_RESOURCE_BUNDLE_UNAVAILABLE -DOPENSOURCE_UNLOCKED -DXcode -D OPENSOURCE_UNLOCKED -plugin-path /Applications/Xcode_26.6.app/Contents/Developer/Toolchains/XcodeDefault.xctoolchain/usr/lib/swift/host/plugins/testing -enable-experimental-feature DebugDescriptionMacro -sdk /Applications/Xcode_26.6.app/Contents/Developer/Platforms/iPhoneOS.platform/Developer/SDKs/iPhoneOS26.5.sdk -target arm64-apple-ios12.0 -g -module-cache-path /Users/runner/work/orange-cloud/orange-cloud/orange-cloud/apps/ios/Orange\ Cloud/build/ModuleCache.noindex -Xfrontend -serialize-debugging-options -suppress-warnings -swift-version 5 -I /Users/runner/work/orange-cloud/orange-cloud/orange-cloud/apps/ios/Orange\ Cloud/build/Build/Products/Release-iphoneos -Isystem /Applications/Xcode_26.6.app/Contents/Developer/Platforms/iPhoneOS.platform/Developer/usr/lib -F /Users/runner/work/orange-cloud/orange-cloud/orange-cloud/apps/ios/Orange\ Cloud/build/Build/Products/Release-iphoneos -F /Applications/Xcode_26.6.app/Contents/Developer/Platforms/iPhoneOS.platform/Developer/Library/Frameworks -F /Applications/Xcode_26.6.app/Contents/Developer/Platforms/iPhoneOS.platform/Developer/SDKs/iPhoneOS26.5.sdk/Developer/Library/Frameworks -parse-as-library -c -num-threads 3 -Xcc -ivfsstatcache -Xcc /Users/runner/work/orange-cloud/orange-cloud/orange-cloud/apps/ios/Orange\ Cloud/build/SDKStatCaches.noindex/iphoneos26.5-23F81a-688ef53f1462e2c8f657fdc38a81448fee66e23052a0157c865c76b268046726.sdkstatcache -output-file-map /Users/runner/work/orange-cloud/orange-cloud/orange-cloud/apps/ios/Orange\ Cloud/build/Build/Intermediates.noindex/Sentry.build/Release-iphoneos/SentryCppHelper.build/Objects-normal/arm64/SentryCppHelper-OutputFileMap.json -use-frontend-parseable-output -save-temps -no-color-diagnostics -explicit-module-build -module-cache-path /Users/runner/work/orange-cloud/orange-cloud/orange-cloud/apps/ios/Orange\ Cloud/build/Build/Intermediates.noindex/SwiftExplicitPrecompiledModules -clang-scanner-module-cache-path /Users/runner/work/orange-cloud/orange-cloud/orange-cloud/apps/ios/Orange\ Cloud/build/ModuleCache.noindex -sdk-module-cache-path /Users/runner/work/orange-cloud/orange-cloud/orange-cloud/apps/ios/Orange\ Cloud/build/ModuleCache.noindex -serialize-diagnostics -emit-dependencies -emit-module -emit-module-path /Users/runner/work/orange-cloud/orange-cloud/orange-cloud/apps/ios/Orange\ Cloud/build/Build/Intermediates.noindex/Sentry.build/Release-iphoneos/SentryCppHelper.build/Objects-normal/arm64/SentryCppHelper.swiftmodule -user-module-version 8.58.3 -validate-clang-modules-once -clang-build-session-file /Users/runner/work/orange-cloud/orange-cloud/orange-cloud/apps/ios/Orange\ Cloud/build/ModuleCache.noindex/Session.modulevalidation -package-name sentry_cocoa -Xcc -I/Users/runner/work/orange-cloud/orange-cloud/orange-cloud/apps/ios/Orange\ Cloud/build/Build/Intermediates.noindex/Sentry.build/Release-iphoneos/SentryCppHelper.build/swift-overrides.hmap -emit-const-values -Xfrontend -const-gather-protocols-file -Xfrontend /Users/runner/work/orange-cloud/orange-cloud/orange-cloud/apps/ios/Orange\ Cloud/build/Build/Intermediates.noindex/Sentry.build/Release-iphoneos/SentryCppHelper.build/Objects-normal/arm64/SentryCppHelper_const_extract_protocols.json -Xcc -I/Users/runner/work/orange-cloud/orange-cloud/orange-cloud/apps/ios/Orange\ Cloud/build/Build/Products/Release-iphoneos/include -Xcc -I/Users/runner/work/orange-cloud/orange-cloud/orange-cloud/apps/ios/Orange\ Cloud/build/Build/Intermediates.noindex/Sentry.build/Release-iphoneos/SentryCppHelper.build/DerivedSources-normal/arm64 -Xcc -I/Users/runner/work/orange-cloud/orange-cloud/orange-cloud/apps/ios/Orange\ Cloud/build/Build/Intermediates.noindex/Sentry.build/Release-iphoneos/SentryCppHelper.build/DerivedSources/arm64 -Xcc -I/Users/runner/work/orange-cloud/orange-cloud/orange-cloud/apps/ios/Orange\ Cloud/build/Build/Intermediates.noindex/Sentry.build/Release-iphoneos/SentryCppHelper.build/DerivedSources -Xcc -DSWIFT_PACKAGE -emit-objc-header -emit-objc-header-path /Users/runner/work/orange-cloud/orange-cloud/orange-cloud/apps/ios/Orange\ Cloud/build/Build/Intermediates.noindex/Sentry.build/Release-iphoneos/SentryCppHelper.build/Objects-normal/arm64/SentryCppHelper-Swift.h -working-directory /Users/runner/work/orange-cloud/orange-cloud/orange-cloud/apps/ios/Orange\ Cloud/Orange\ Cloud.xcodeproj -no-emit-module-separately-wmo

SwiftDriverJobDiscovery normal arm64_32 Compiling BillingCycle.swift, ByteFormat.swift, DayBoundary.swift, FileProviderDomainID.swift, SharedAuth.swift, Orange_Cloud_Watch.swift, Orange_Cloud_WatchBundle.swift, SkyPhase.swift, Theme.swift, WatchBridgePayload.swift, WidgetConfigIntents.swift, WidgetSnapshot.swift, GeneratedAssetSymbols.swift, GeneratedStringSymbols_Localizable.swift (in target 'Orange Cloud WatchExtension' from project 'Orange Cloud')

SwiftDriver\ Compilation\ Requirements Orange\ Cloud\ WatchExtension normal arm64_32 com.apple.xcode.tools.swift.compiler (in target 'Orange Cloud WatchExtension' from project 'Orange Cloud')
    cd /Users/runner/work/orange-cloud/orange-cloud/orange-cloud/apps/ios/Orange\ Cloud
    builtin-Swift-Compilation-Requirements -- /Applications/Xcode_26.6.app/Contents/Developer/Toolchains/XcodeDefault.xctoolchain/usr/bin/swiftc -module-name Orange_Cloud_WatchExtension -O -whole-module-optimization @/Users/runner/work/orange-cloud/orange-cloud/orange-cloud/apps/ios/Orange\ Cloud/build/Build/Intermediates.noindex/Orange\ Cloud.build/Release-watchos/Orange\ Cloud\ WatchExtension.build/Objects-normal/arm64_32/Orange\ Cloud\ WatchExtension.SwiftFileList -DOPENSOURCE_UNLOCKED -D OPENSOURCE_UNLOCKED -enable-bare-slash-regex -enable-upcoming-feature DisableOutwardActorInference -enable-upcoming-feature InferSendableFromCaptures -enable-upcoming-feature GlobalActorIsolatedTypesUsability -enable-upcoming-feature MemberImportVisibility -enable-upcoming-feature InferIsolatedConformances -enable-upcoming-feature NonisolatedNonsendingByDefault -enable-experimental-feature DebugDescriptionMacro -sdk /Applications/Xcode_26.6.app/Contents/Developer/Platforms/WatchOS.platform/Developer/SDKs/WatchOS26.5.sdk -target arm64_32-apple-watchos10.6 -g -module-cache-path /Users/runner/work/orange-cloud/orange-cloud/orange-cloud/apps/ios/Orange\ Cloud/build/ModuleCache.noindex -Xfrontend -serialize-debugging-options -application-extension -swift-version 5 -I /Users/runner/work/orange-cloud/orange-cloud/orange-cloud/apps/ios/Orange\ Cloud/build/Build/Products/Release-watchos -F /Users/runner/work/orange-cloud/orange-cloud/orange-cloud/apps/ios/Orange\ Cloud/build/Build/Products/Release-watchos -emit-localized-strings -emit-localized-strings-path /Users/runner/work/orange-cloud/orange-cloud/orange-cloud/apps/ios/Orange\ Cloud/build/Build/Intermediates.noindex/Orange\ Cloud.build/Release-watchos/Orange\ Cloud\ WatchExtension.build/Objects-normal/arm64_32 -c -num-threads 3 -Xcc -ivfsstatcache -Xcc /Users/runner/work/orange-cloud/orange-cloud/orange-cloud/apps/ios/Orange\ Cloud/build/SDKStatCaches.noindex/watchos26.5-23T570-688ef53f1462e2c8f657fdc38a81448f6f39cd4ed9f891394c9a6a463e5c5cb7.sdkstatcache -output-file-map /Users/runner/work/orange-cloud/orange-cloud/orange-cloud/apps/ios/Orange\ Cloud/build/Build/Intermediates.noindex/Orange\ Cloud.build/Release-watchos/Orange\ Cloud\ WatchExtension.build/Objects-normal/arm64_32/Orange\ Cloud\ WatchExtension-OutputFileMap.json -use-frontend-parseable-output -save-temps -no-color-diagnostics -explicit-module-build -module-cache-path /Users/runner/work/orange-cloud/orange-cloud/orange-cloud/apps/ios/Orange\ Cloud/build/Build/Intermediates.noindex/SwiftExplicitPrecompiledModules -clang-scanner-module-cache-path /Users/runner/work/orange-cloud/orange-cloud/orange-cloud/apps/ios/Orange\ Cloud/build/ModuleCache.noindex -sdk-module-cache-path /Users/runner/work/orange-cloud/orange-cloud/orange-cloud/apps/ios/Orange\ Cloud/build/ModuleCache.noindex -serialize-diagnostics -emit-dependencies -emit-module -emit-module-path /Users/runner/work/orange-cloud/orange-cloud/orange-cloud/apps/ios/Orange\ Cloud/build/Build/Intermediates.noindex/Orange\ Cloud.build/Release-watchos/Orange\ Cloud\ WatchExtension.build/Objects-normal/arm64_32/Orange_Cloud_WatchExtension.swiftmodule -validate-clang-modules-once -clang-build-session-file /Users/runner/work/orange-cloud/orange-cloud/orange-cloud/apps/ios/Orange\ Cloud/build/ModuleCache.noindex/Session.modulevalidation -Xcc -I/Users/runner/work/orange-cloud/orange-cloud/orange-cloud/apps/ios/Orange\ Cloud/build/Build/Intermediates.noindex/Orange\ Cloud.build/Release-watchos/Orange\ Cloud\ WatchExtension.build/swift-overrides.hmap -emit-const-values -Xfrontend -const-gather-protocols-file -Xfrontend /Users/runner/work/orange-cloud/orange-cloud/orange-cloud/apps/ios/Orange\ Cloud/build/Build/Intermediates.noindex/Orange\ Cloud.build/Release-watchos/Orange\ Cloud\ WatchExtension.build/Objects-normal/arm64_32/Orange\ Cloud\ WatchExtension_const_extract_protocols.json -Xcc -iquote -Xcc /Users/runner/work/orange-cloud/orange-cloud/orange-cloud/apps/ios/Orange\ Cloud/build/Build/Intermediates.noindex/Orange\ Cloud.build/Release-watchos/Orange\ Cloud\ WatchExtension.build/Orange\ Cloud\ WatchExtension-generated-files.hmap -Xcc -I/Users/runner/work/orange-cloud/orange-cloud/orange-cloud/apps/ios/Orange\ Cloud/build/Build/Intermediates.noindex/Orange\ Cloud.build/Release-watchos/Orange\ Cloud\ WatchExtension.build/Orange\ Cloud\ WatchExtension-own-target-headers.hmap -Xcc -I/Users/runner/work/orange-cloud/orange-cloud/orange-cloud/apps/ios/Orange\ Cloud/build/Build/Intermediates.noindex/Orange\ Cloud.build/Release-watchos/Orange\ Cloud\ WatchExtension.build/Orange\ Cloud\ WatchExtension-all-non-framework-target-headers.hmap -Xcc -ivfsoverlay -Xcc /Users/runner/work/orange-cloud/orange-cloud/orange-cloud/apps/ios/Orange\ Cloud/build/Build/Intermediates.noindex/Orange\ Cloud.build/Release-watchos/Orange\ Cloud-caa53a888f9e6677ffee03f20a1a9cdb-VFS-watchos/all-product-headers.yaml -Xcc -iquote -Xcc /Users/runner/work/orange-cloud/orange-cloud/orange-cloud/apps/ios/Orange\ Cloud/build/Build/Intermediates.noindex/Orange\ Cloud.build/Release-watchos/Orange\ Cloud\ WatchExtension.build/Orange\ Cloud\ WatchExtension-project-headers.hmap -Xcc -I/Users/runner/work/orange-cloud/orange-cloud/orange-cloud/apps/ios/Orange\ Cloud/build/Build/Products/Release-watchos/include -Xcc -I/Users/runner/work/orange-cloud/orange-cloud/orange-cloud/apps/ios/Orange\ Cloud/build/Build/Intermediates.noindex/Orange\ Cloud.build/Release-watchos/Orange\ Cloud\ WatchExtension.build/DerivedSources-normal/arm64_32 -Xcc -I/Users/runner/work/orange-cloud/orange-cloud/orange-cloud/apps/ios/Orange\ Cloud/build/Build/Intermediates.noindex/Orange\ Cloud.build/Release-watchos/Orange\ Cloud\ WatchExtension.build/DerivedSources/arm64_32 -Xcc -I/Users/runner/work/orange-cloud/orange-cloud/orange-cloud/apps/ios/Orange\ Cloud/build/Build/Intermediates.noindex/Orange\ Cloud.build/Release-watchos/Orange\ Cloud\ WatchExtension.build/DerivedSources -emit-objc-header -emit-objc-header-path /Users/runner/work/orange-cloud/orange-cloud/orange-cloud/apps/ios/Orange\ Cloud/build/Build/Intermediates.noindex/Orange\ Cloud.build/Release-watchos/Orange\ Cloud\ WatchExtension.build/Objects-normal/arm64_32/Orange_Cloud_WatchExtension-Swift.h -working-directory /Users/runner/work/orange-cloud/orange-cloud/orange-cloud/apps/ios/Orange\ Cloud -no-emit-module-separately-wmo

SwiftDriver\ Compilation OrangeCloudWidgetsExtension normal arm64 com.apple.xcode.tools.swift.compiler (in target 'OrangeCloudWidgetsExtension' from project 'Orange Cloud')
    cd /Users/runner/work/orange-cloud/orange-cloud/orange-cloud/apps/ios/Orange\ Cloud
    builtin-Swift-Compilation -- /Applications/Xcode_26.6.app/Contents/Developer/Toolchains/XcodeDefault.xctoolchain/usr/bin/swiftc -module-name OrangeCloudWidgetsExtension -O -whole-module-optimization @/Users/runner/work/orange-cloud/orange-cloud/orange-cloud/apps/ios/Orange\ Cloud/build/Build/Intermediates.noindex/Orange\ Cloud.build/Release-iphoneos/OrangeCloudWidgetsExtension.build/Objects-normal/arm64/OrangeCloudWidgetsExtension.SwiftFileList -DOPENSOURCE_UNLOCKED -D OPENSOURCE_UNLOCKED -default-isolation\=MainActor -enable-bare-slash-regex -enable-upcoming-feature DisableOutwardActorInference -enable-upcoming-feature InferSendableFromCaptures -enable-upcoming-feature GlobalActorIsolatedTypesUsability -enable-upcoming-feature MemberImportVisibility -enable-upcoming-feature InferIsolatedConformances -enable-upcoming-feature NonisolatedNonsendingByDefault -enable-experimental-feature DebugDescriptionMacro -sdk /Applications/Xcode_26.6.app/Contents/Developer/Platforms/iPhoneOS.platform/Developer/SDKs/iPhoneOS26.5.sdk -target arm64-apple-ios17.0 -g -module-cache-path /Users/runner/work/orange-cloud/orange-cloud/orange-cloud/apps/ios/Orange\ Cloud/build/ModuleCache.noindex -Xfrontend -serialize-debugging-options -application-extension -swift-version 5 -I /Users/runner/work/orange-cloud/orange-cloud/orange-cloud/apps/ios/Orange\ Cloud/build/Build/Products/Release-iphoneos -F /Users/runner/work/orange-cloud/orange-cloud/orange-cloud/apps/ios/Orange\ Cloud/build/Build/Products/Release-iphoneos -emit-localized-strings -emit-localized-strings-path /Users/runner/work/orange-cloud/orange-cloud/orange-cloud/apps/ios/Orange\ Cloud/build/Build/Intermediates.noindex/Orange\ Cloud.build/Release-iphoneos/OrangeCloudWidgetsExtension.build/Objects-normal/arm64 -c -num-threads 3 -Xcc -ivfsstatcache -Xcc /Users/runner/work/orange-cloud/orange-cloud/orange-cloud/apps/ios/Orange\ Cloud/build/SDKStatCaches.noindex/iphoneos26.5-23F81a-688ef53f1462e2c8f657fdc38a81448fee66e23052a0157c865c76b268046726.sdkstatcache -output-file-map /Users/runner/work/orange-cloud/orange-cloud/orange-cloud/apps/ios/Orange\ Cloud/build/Build/Intermediates.noindex/Orange\ Cloud.build/Release-iphoneos/OrangeCloudWidgetsExtension.build/Objects-normal/arm64/OrangeCloudWidgetsExtension-OutputFileMap.json -use-frontend-parseable-output -save-temps -no-color-diagnostics -explicit-module-build -module-cache-path /Users/runner/work/orange-cloud/orange-cloud/orange-cloud/apps/ios/Orange\ Cloud/build/Build/Intermediates.noindex/SwiftExplicitPrecompiledModules -clang-scanner-module-cache-path /Users/runner/work/orange-cloud/orange-cloud/orange-cloud/apps/ios/Orange\ Cloud/build/ModuleCache.noindex -sdk-module-cache-path /Users/runner/work/orange-cloud/orange-cloud/orange-cloud/apps/ios/Orange\ Cloud/build/ModuleCache.noindex -serialize-diagnostics -emit-dependencies -emit-module -emit-module-path /Users/runner/work/orange-cloud/orange-cloud/orange-cloud/apps/ios/Orange\ Cloud/build/Build/Intermediates.noindex/Orange\ Cloud.build/Release-iphoneos/OrangeCloudWidgetsExtension.build/Objects-normal/arm64/OrangeCloudWidgetsExtension.swiftmodule -validate-clang-modules-once -clang-build-session-file /Users/runner/work/orange-cloud/orange-cloud/orange-cloud/apps/ios/Orange\ Cloud/build/ModuleCache.noindex/Session.modulevalidation -Xcc -I/Users/runner/work/orange-cloud/orange-cloud/orange-cloud/apps/ios/Orange\ Cloud/build/Build/Intermediates.noindex/Orange\ Cloud.build/Release-iphoneos/OrangeCloudWidgetsExtension.build/swift-overrides.hmap -emit-const-values -Xfrontend -const-gather-protocols-file -Xfrontend /Users/runner/work/orange-cloud/orange-cloud/orange-cloud/apps/ios/Orange\ Cloud/build/Build/Intermediates.noindex/Orange\ Cloud.build/Release-iphoneos/OrangeCloudWidgetsExtension.build/Objects-normal/arm64/OrangeCloudWidgetsExtension_const_extract_protocols.json -Xcc -iquote -Xcc /Users/runner/work/orange-cloud/orange-cloud/orange-cloud/apps/ios/Orange\ Cloud/build/Build/Intermediates.noindex/Orange\ Cloud.build/Release-iphoneos/OrangeCloudWidgetsExtension.build/OrangeCloudWidgetsExtension-generated-files.hmap -Xcc -I/Users/runner/work/orange-cloud/orange-cloud/orange-cloud/apps/ios/Orange\ Cloud/build/Build/Intermediates.noindex/Orange\ Cloud.build/Release-iphoneos/OrangeCloudWidgetsExtension.build/OrangeCloudWidgetsExtension-own-target-headers.hmap -Xcc -I/Users/runner/work/orange-cloud/orange-cloud/orange-cloud/apps/ios/Orange\ Cloud/build/Build/Intermediates.noindex/Orange\ Cloud.build/Release-iphoneos/OrangeCloudWidgetsExtension.build/OrangeCloudWidgetsExtension-all-non-framework-target-headers.hmap -Xcc -ivfsoverlay -Xcc /Users/runner/work/orange-cloud/orange-cloud/orange-cloud/apps/ios/Orange\ Cloud/build/Build/Intermediates.noindex/Orange\ Cloud.build/Release-iphoneos/Orange\ Cloud-caa53a888f9e6677ffee03f20a1a9cdb-VFS-iphoneos/all-product-headers.yaml -Xcc -iquote -Xcc /Users/runner/work/orange-cloud/orange-cloud/orange-cloud/apps/ios/Orange\ Cloud/build/Build/Intermediates.noindex/Orange\ Cloud.build/Release-iphoneos/OrangeCloudWidgetsExtension.build/OrangeCloudWidgetsExtension-project-headers.hmap -Xcc -I/Users/runner/work/orange-cloud/orange-cloud/orange-cloud/apps/ios/Orange\ Cloud/build/Build/Products/Release-iphoneos/include -Xcc -I/Users/runner/work/orange-cloud/orange-cloud/orange-cloud/apps/ios/Orange\ Cloud/build/Build/Intermediates.noindex/Orange\ Cloud.build/Release-iphoneos/OrangeCloudWidgetsExtension.build/DerivedSources-normal/arm64 -Xcc -I/Users/runner/work/orange-cloud/orange-cloud/orange-cloud/apps/ios/Orange\ Cloud/build/Build/Intermediates.noindex/Orange\ Cloud.build/Release-iphoneos/OrangeCloudWidgetsExtension.build/DerivedSources/arm64 -Xcc -I/Users/runner/work/orange-cloud/orange-cloud/orange-cloud/apps/ios/Orange\ Cloud/build/Build/Intermediates.noindex/Orange\ Cloud.build/Release-iphoneos/OrangeCloudWidgetsExtension.build/DerivedSources -emit-objc-header -emit-objc-header-path /Users/runner/work/orange-cloud/orange-cloud/orange-cloud/apps/ios/Orange\ Cloud/build/Build/Intermediates.noindex/Orange\ Cloud.build/Release-iphoneos/OrangeCloudWidgetsExtension.build/Objects-normal/arm64/OrangeCloudWidgetsExtension-Swift.h -working-directory /Users/runner/work/orange-cloud/orange-cloud/orange-cloud/apps/ios/Orange\ Cloud -no-emit-module-separately-wmo

SwiftDriver\ Compilation Orange\ Cloud\ WatchExtension normal arm64_32 com.apple.xcode.tools.swift.compiler (in target 'Orange Cloud WatchExtension' from project 'Orange Cloud')
    cd /Users/runner/work/orange-cloud/orange-cloud/orange-cloud/apps/ios/Orange\ Cloud
    builtin-Swift-Compilation -- /Applications/Xcode_26.6.app/Contents/Developer/Toolchains/XcodeDefault.xctoolchain/usr/bin/swiftc -module-name Orange_Cloud_WatchExtension -O -whole-module-optimization @/Users/runner/work/orange-cloud/orange-cloud/orange-cloud/apps/ios/Orange\ Cloud/build/Build/Intermediates.noindex/Orange\ Cloud.build/Release-watchos/Orange\ Cloud\ WatchExtension.build/Objects-normal/arm64_32/Orange\ Cloud\ WatchExtension.SwiftFileList -DOPENSOURCE_UNLOCKED -D OPENSOURCE_UNLOCKED -enable-bare-slash-regex -enable-upcoming-feature DisableOutwardActorInference -enable-upcoming-feature InferSendableFromCaptures -enable-upcoming-feature GlobalActorIsolatedTypesUsability -enable-upcoming-feature MemberImportVisibility -enable-upcoming-feature InferIsolatedConformances -enable-upcoming-feature NonisolatedNonsendingByDefault -enable-experimental-feature DebugDescriptionMacro -sdk /Applications/Xcode_26.6.app/Contents/Developer/Platforms/WatchOS.platform/Developer/SDKs/WatchOS26.5.sdk -target arm64_32-apple-watchos10.6 -g -module-cache-path /Users/runner/work/orange-cloud/orange-cloud/orange-cloud/apps/ios/Orange\ Cloud/build/ModuleCache.noindex -Xfrontend -serialize-debugging-options -application-extension -swift-version 5 -I /Users/runner/work/orange-cloud/orange-cloud/orange-cloud/apps/ios/Orange\ Cloud/build/Build/Products/Release-watchos -F /Users/runner/work/orange-cloud/orange-cloud/orange-cloud/apps/ios/Orange\ Cloud/build/Build/Products/Release-watchos -emit-localized-strings -emit-localized-strings-path /Users/runner/work/orange-cloud/orange-cloud/orange-cloud/apps/ios/Orange\ Cloud/build/Build/Intermediates.noindex/Orange\ Cloud.build/Release-watchos/Orange\ Cloud\ WatchExtension.build/Objects-normal/arm64_32 -c -num-threads 3 -Xcc -ivfsstatcache -Xcc /Users/runner/work/orange-cloud/orange-cloud/orange-cloud/apps/ios/Orange\ Cloud/build/SDKStatCaches.noindex/watchos26.5-23T570-688ef53f1462e2c8f657fdc38a81448f6f39cd4ed9f891394c9a6a463e5c5cb7.sdkstatcache -output-file-map /Users/runner/work/orange-cloud/orange-cloud/orange-cloud/apps/ios/Orange\ Cloud/build/Build/Intermediates.noindex/Orange\ Cloud.build/Release-watchos/Orange\ Cloud\ WatchExtension.build/Objects-normal/arm64_32/Orange\ Cloud\ WatchExtension-OutputFileMap.json -use-frontend-parseable-output -save-temps -no-color-diagnostics -explicit-module-build -module-cache-path /Users/runner/work/orange-cloud/orange-cloud/orange-cloud/apps/ios/Orange\ Cloud/build/Build/Intermediates.noindex/SwiftExplicitPrecompiledModules -clang-scanner-module-cache-path /Users/runner/work/orange-cloud/orange-cloud/orange-cloud/apps/ios/Orange\ Cloud/build/ModuleCache.noindex -sdk-module-cache-path /Users/runner/work/orange-cloud/orange-cloud/orange-cloud/apps/ios/Orange\ Cloud/build/ModuleCache.noindex -serialize-diagnostics -emit-dependencies -emit-module -emit-module-path /Users/runner/work/orange-cloud/orange-cloud/orange-cloud/apps/ios/Orange\ Cloud/build/Build/Intermediates.noindex/Orange\ Cloud.build/Release-watchos/Orange\ Cloud\ WatchExtension.build/Objects-normal/arm64_32/Orange_Cloud_WatchExtension.swiftmodule -validate-clang-modules-once -clang-build-session-file /Users/runner/work/orange-cloud/orange-cloud/orange-cloud/apps/ios/Orange\ Cloud/build/ModuleCache.noindex/Session.modulevalidation -Xcc -I/Users/runner/work/orange-cloud/orange-cloud/orange-cloud/apps/ios/Orange\ Cloud/build/Build/Intermediates.noindex/Orange\ Cloud.build/Release-watchos/Orange\ Cloud\ WatchExtension.build/swift-overrides.hmap -emit-const-values -Xfrontend -const-gather-protocols-file -Xfrontend /Users/runner/work/orange-cloud/orange-cloud/orange-cloud/apps/ios/Orange\ Cloud/build/Build/Intermediates.noindex/Orange\ Cloud.build/Release-watchos/Orange\ Cloud\ WatchExtension.build/Objects-normal/arm64_32/Orange\ Cloud\ WatchExtension_const_extract_protocols.json -Xcc -iquote -Xcc /Users/runner/work/orange-cloud/orange-cloud/orange-cloud/apps/ios/Orange\ Cloud/build/Build/Intermediates.noindex/Orange\ Cloud.build/Release-watchos/Orange\ Cloud\ WatchExtension.build/Orange\ Cloud\ WatchExtension-generated-files.hmap -Xcc -I/Users/runner/work/orange-cloud/orange-cloud/orange-cloud/apps/ios/Orange\ Cloud/build/Build/Intermediates.noindex/Orange\ Cloud.build/Release-watchos/Orange\ Cloud\ WatchExtension.build/Orange\ Cloud\ WatchExtension-own-target-headers.hmap -Xcc -I/Users/runner/work/orange-cloud/orange-cloud/orange-cloud/apps/ios/Orange\ Cloud/build/Build/Intermediates.noindex/Orange\ Cloud.build/Release-watchos/Orange\ Cloud\ WatchExtension.build/Orange\ Cloud\ WatchExtension-all-non-framework-target-headers.hmap -Xcc -ivfsoverlay -Xcc /Users/runner/work/orange-cloud/orange-cloud/orange-cloud/apps/ios/Orange\ Cloud/build/Build/Intermediates.noindex/Orange\ Cloud.build/Release-watchos/Orange\ Cloud-caa53a888f9e6677ffee03f20a1a9cdb-VFS-watchos/all-product-headers.yaml -Xcc -iquote -Xcc /Users/runner/work/orange-cloud/orange-cloud/orange-cloud/apps/ios/Orange\ Cloud/build/Build/Intermediates.noindex/Orange\ Cloud.build/Release-watchos/Orange\ Cloud\ WatchExtension.build/Orange\ Cloud\ WatchExtension-project-headers.hmap -Xcc -I/Users/runner/work/orange-cloud/orange-cloud/orange-cloud/apps/ios/Orange\ Cloud/build/Build/Products/Release-watchos/include -Xcc -I/Users/runner/work/orange-cloud/orange-cloud/orange-cloud/apps/ios/Orange\ Cloud/build/Build/Intermediates.noindex/Orange\ Cloud.build/Release-watchos/Orange\ Cloud\ WatchExtension.build/DerivedSources-normal/arm64_32 -Xcc -I/Users/runner/work/orange-cloud/orange-cloud/orange-cloud/apps/ios/Orange\ Cloud/build/Build/Intermediates.noindex/Orange\ Cloud.build/Release-watchos/Orange\ Cloud\ WatchExtension.build/DerivedSources/arm64_32 -Xcc -I/Users/runner/work/orange-cloud/orange-cloud/orange-cloud/apps/ios/Orange\ Cloud/build/Build/Intermediates.noindex/Orange\ Cloud.build/Release-watchos/Orange\ Cloud\ WatchExtension.build/DerivedSources -emit-objc-header -emit-objc-header-path /Users/runner/work/orange-cloud/orange-cloud/orange-cloud/apps/ios/Orange\ Cloud/build/Build/Intermediates.noindex/Orange\ Cloud.build/Release-watchos/Orange\ Cloud\ WatchExtension.build/Objects-normal/arm64_32/Orange_Cloud_WatchExtension-Swift.h -working-directory /Users/runner/work/orange-cloud/orange-cloud/orange-cloud/apps/ios/Orange\ Cloud -no-emit-module-separately-wmo

SwiftDriver\ Compilation Orange\ Cloud\ WatchExtension normal arm64 com.apple.xcode.tools.swift.compiler (in target 'Orange Cloud WatchExtension' from project 'Orange Cloud')
    cd /Users/runner/work/orange-cloud/orange-cloud/orange-cloud/apps/ios/Orange\ Cloud
    builtin-Swift-Compilation -- /Applications/Xcode_26.6.app/Contents/Developer/Toolchains/XcodeDefault.xctoolchain/usr/bin/swiftc -module-name Orange_Cloud_WatchExtension -O -whole-module-optimization @/Users/runner/work/orange-cloud/orange-cloud/orange-cloud/apps/ios/Orange\ Cloud/build/Build/Intermediates.noindex/Orange\ Cloud.build/Release-watchos/Orange\ Cloud\ WatchExtension.build/Objects-normal/arm64/Orange\ Cloud\ WatchExtension.SwiftFileList -DOPENSOURCE_UNLOCKED -D OPENSOURCE_UNLOCKED -enable-bare-slash-regex -enable-upcoming-feature DisableOutwardActorInference -enable-upcoming-feature InferSendableFromCaptures -enable-upcoming-feature GlobalActorIsolatedTypesUsability -enable-upcoming-feature MemberImportVisibility -enable-upcoming-feature InferIsolatedConformances -enable-upcoming-feature NonisolatedNonsendingByDefault -enable-experimental-feature DebugDescriptionMacro -sdk /Applications/Xcode_26.6.app/Contents/Developer/Platforms/WatchOS.platform/Developer/SDKs/WatchOS26.5.sdk -target arm64-apple-watchos10.6 -g -module-cache-path /Users/runner/work/orange-cloud/orange-cloud/orange-cloud/apps/ios/Orange\ Cloud/build/ModuleCache.noindex -Xfrontend -serialize-debugging-options -application-extension -swift-version 5 -I /Users/runner/work/orange-cloud/orange-cloud/orange-cloud/apps/ios/Orange\ Cloud/build/Build/Products/Release-watchos -F /Users/runner/work/orange-cloud/orange-cloud/orange-cloud/apps/ios/Orange\ Cloud/build/Build/Products/Release-watchos -emit-localized-strings -emit-localized-strings-path /Users/runner/work/orange-cloud/orange-cloud/orange-cloud/apps/ios/Orange\ Cloud/build/Build/Intermediates.noindex/Orange\ Cloud.build/Release-watchos/Orange\ Cloud\ WatchExtension.build/Objects-normal/arm64 -c -num-threads 3 -Xcc -ivfsstatcache -Xcc /Users/runner/work/orange-cloud/orange-cloud/orange-cloud/apps/ios/Orange\ Cloud/build/SDKStatCaches.noindex/watchos26.5-23T570-688ef53f1462e2c8f657fdc38a81448f6f39cd4ed9f891394c9a6a463e5c5cb7.sdkstatcache -output-file-map /Users/runner/work/orange-cloud/orange-cloud/orange-cloud/apps/ios/Orange\ Cloud/build/Build/Intermediates.noindex/Orange\ Cloud.build/Release-watchos/Orange\ Cloud\ WatchExtension.build/Objects-normal/arm64/Orange\ Cloud\ WatchExtension-OutputFileMap.json -use-frontend-parseable-output -save-temps -no-color-diagnostics -explicit-module-build -module-cache-path /Users/runner/work/orange-cloud/orange-cloud/orange-cloud/apps/ios/Orange\ Cloud/build/Build/Intermediates.noindex/SwiftExplicitPrecompiledModules -clang-scanner-module-cache-path /Users/runner/work/orange-cloud/orange-cloud/orange-cloud/apps/ios/Orange\ Cloud/build/ModuleCache.noindex -sdk-module-cache-path /Users/runner/work/orange-cloud/orange-cloud/orange-cloud/apps/ios/Orange\ Cloud/build/ModuleCache.noindex -serialize-diagnostics -emit-dependencies -emit-module -emit-module-path /Users/runner/work/orange-cloud/orange-cloud/orange-cloud/apps/ios/Orange\ Cloud/build/Build/Intermediates.noindex/Orange\ Cloud.build/Release-watchos/Orange\ Cloud\ WatchExtension.build/Objects-normal/arm64/Orange_Cloud_WatchExtension.swiftmodule -validate-clang-modules-once -clang-build-session-file /Users/runner/work/orange-cloud/orange-cloud/orange-cloud/apps/ios/Orange\ Cloud/build/ModuleCache.noindex/Session.modulevalidation -Xcc -I/Users/runner/work/orange-cloud/orange-cloud/orange-cloud/apps/ios/Orange\ Cloud/build/Build/Intermediates.noindex/Orange\ Cloud.build/Release-watchos/Orange\ Cloud\ WatchExtension.build/swift-overrides.hmap -emit-const-values -Xfrontend -const-gather-protocols-file -Xfrontend /Users/runner/work/orange-cloud/orange-cloud/orange-cloud/apps/ios/Orange\ Cloud/build/Build/Intermediates.noindex/Orange\ Cloud.build/Release-watchos/Orange\ Cloud\ WatchExtension.build/Objects-normal/arm64/Orange\ Cloud\ WatchExtension_const_extract_protocols.json -Xcc -iquote -Xcc /Users/runner/work/orange-cloud/orange-cloud/orange-cloud/apps/ios/Orange\ Cloud/build/Build/Intermediates.noindex/Orange\ Cloud.build/Release-watchos/Orange\ Cloud\ WatchExtension.build/Orange\ Cloud\ WatchExtension-generated-files.hmap -Xcc -I/Users/runner/work/orange-cloud/orange-cloud/orange-cloud/apps/ios/Orange\ Cloud/build/Build/Intermediates.noindex/Orange\ Cloud.build/Release-watchos/Orange\ Cloud\ WatchExtension.build/Orange\ Cloud\ WatchExtension-own-target-headers.hmap -Xcc -I/Users/runner/work/orange-cloud/orange-cloud/orange-cloud/apps/ios/Orange\ Cloud/build/Build/Intermediates.noindex/Orange\ Cloud.build/Release-watchos/Orange\ Cloud\ WatchExtension.build/Orange\ Cloud\ WatchExtension-all-non-framework-target-headers.hmap -Xcc -ivfsoverlay -Xcc /Users/runner/work/orange-cloud/orange-cloud/orange-cloud/apps/ios/Orange\ Cloud/build/Build/Intermediates.noindex/Orange\ Cloud.build/Release-watchos/Orange\ Cloud-caa53a888f9e6677ffee03f20a1a9cdb-VFS-watchos/all-product-headers.yaml -Xcc -iquote -Xcc /Users/runner/work/orange-cloud/orange-cloud/orange-cloud/apps/ios/Orange\ Cloud/build/Build/Intermediates.noindex/Orange\ Cloud.build/Release-watchos/Orange\ Cloud\ WatchExtension.build/Orange\ Cloud\ WatchExtension-project-headers.hmap -Xcc -I/Users/runner/work/orange-cloud/orange-cloud/orange-cloud/apps/ios/Orange\ Cloud/build/Build/Products/Release-watchos/include -Xcc -I/Users/runner/work/orange-cloud/orange-cloud/orange-cloud/apps/ios/Orange\ Cloud/build/Build/Intermediates.noindex/Orange\ Cloud.build/Release-watchos/Orange\ Cloud\ WatchExtension.build/DerivedSources-normal/arm64 -Xcc -I/Users/runner/work/orange-cloud/orange-cloud/orange-cloud/apps/ios/Orange\ Cloud/build/Build/Intermediates.noindex/Orange\ Cloud.build/Release-watchos/Orange\ Cloud\ WatchExtension.build/DerivedSources/arm64 -Xcc -I/Users/runner/work/orange-cloud/orange-cloud/orange-cloud/apps/ios/Orange\ Cloud/build/Build/Intermediates.noindex/Orange\ Cloud.build/Release-watchos/Orange\ Cloud\ WatchExtension.build/DerivedSources -emit-objc-header -emit-objc-header-path /Users/runner/work/orange-cloud/orange-cloud/orange-cloud/apps/ios/Orange\ Cloud/build/Build/Intermediates.noindex/Orange\ Cloud.build/Release-watchos/Orange\ Cloud\ WatchExtension.build/Objects-normal/arm64/Orange_Cloud_WatchExtension-Swift.h -working-directory /Users/runner/work/orange-cloud/orange-cloud/orange-cloud/apps/ios/Orange\ Cloud -no-emit-module-separately-wmo

SwiftDriver\ Compilation Orange\ Cloud\ File normal arm64 com.apple.xcode.tools.swift.compiler (in target 'Orange Cloud File' from project 'Orange Cloud')
    cd /Users/runner/work/orange-cloud/orange-cloud/orange-cloud/apps/ios/Orange\ Cloud
    builtin-Swift-Compilation -- /Applications/Xcode_26.6.app/Contents/Developer/Toolchains/XcodeDefault.xctoolchain/usr/bin/swiftc -module-name Orange_Cloud_File -O -whole-module-optimization @/Users/runner/work/orange-cloud/orange-cloud/orange-cloud/apps/ios/Orange\ Cloud/build/Build/Intermediates.noindex/Orange\ Cloud.build/Release-iphoneos/Orange\ Cloud\ File.build/Objects-normal/arm64/Orange\ Cloud\ File.SwiftFileList -DOPENSOURCE_UNLOCKED -D OPENSOURCE_UNLOCKED -enable-bare-slash-regex -enable-upcoming-feature DisableOutwardActorInference -enable-upcoming-feature InferSendableFromCaptures -enable-upcoming-feature GlobalActorIsolatedTypesUsability -enable-upcoming-feature MemberImportVisibility -enable-upcoming-feature InferIsolatedConformances -enable-upcoming-feature NonisolatedNonsendingByDefault -enable-experimental-feature DebugDescriptionMacro -sdk /Applications/Xcode_26.6.app/Contents/Developer/Platforms/iPhoneOS.platform/Developer/SDKs/iPhoneOS26.5.sdk -target arm64-apple-ios17.0 -g -module-cache-path /Users/runner/work/orange-cloud/orange-cloud/orange-cloud/apps/ios/Orange\ Cloud/build/ModuleCache.noindex -Xfrontend -serialize-debugging-options -application-extension -swift-version 5 -I /Users/runner/work/orange-cloud/orange-cloud/orange-cloud/apps/ios/Orange\ Cloud/build/Build/Products/Release-iphoneos -F /Users/runner/work/orange-cloud/orange-cloud/orange-cloud/apps/ios/Orange\ Cloud/build/Build/Products/Release-iphoneos -emit-localized-strings -emit-localized-strings-path /Users/runner/work/orange-cloud/orange-cloud/orange-cloud/apps/ios/Orange\ Cloud/build/Build/Intermediates.noindex/Orange\ Cloud.build/Release-iphoneos/Orange\ Cloud\ File.build/Objects-normal/arm64 -c -num-threads 3 -Xcc -ivfsstatcache -Xcc /Users/runner/work/orange-cloud/orange-cloud/orange-cloud/apps/ios/Orange\ Cloud/build/SDKStatCaches.noindex/iphoneos26.5-23F81a-688ef53f1462e2c8f657fdc38a81448fee66e23052a0157c865c76b268046726.sdkstatcache -output-file-map /Users/runner/work/orange-cloud/orange-cloud/orange-cloud/apps/ios/Orange\ Cloud/build/Build/Intermediates.noindex/Orange\ Cloud.build/Release-iphoneos/Orange\ Cloud\ File.build/Objects-normal/arm64/Orange\ Cloud\ File-OutputFileMap.json -use-frontend-parseable-output -save-temps -no-color-diagnostics -explicit-module-build -module-cache-path /Users/runner/work/orange-cloud/orange-cloud/orange-cloud/apps/ios/Orange\ Cloud/build/Build/Intermediates.noindex/SwiftExplicitPrecompiledModules -clang-scanner-module-cache-path /Users/runner/work/orange-cloud/orange-cloud/orange-cloud/apps/ios/Orange\ Cloud/build/ModuleCache.noindex -sdk-module-cache-path /Users/runner/work/orange-cloud/orange-cloud/orange-cloud/apps/ios/Orange\ Cloud/build/ModuleCache.noindex -serialize-diagnostics -emit-dependencies -emit-module -emit-module-path /Users/runner/work/orange-cloud/orange-cloud/orange-cloud/apps/ios/Orange\ Cloud/build/Build/Intermediates.noindex/Orange\ Cloud.build/Release-iphoneos/Orange\ Cloud\ File.build/Objects-normal/arm64/Orange_Cloud_File.swiftmodule -validate-clang-modules-once -clang-build-session-file /Users/runner/work/orange-cloud/orange-cloud/orange-cloud/apps/ios/Orange\ Cloud/build/ModuleCache.noindex/Session.modulevalidation -Xcc -I/Users/runner/work/orange-cloud/orange-cloud/orange-cloud/apps/ios/Orange\ Cloud/build/Build/Intermediates.noindex/Orange\ Cloud.build/Release-iphoneos/Orange\ Cloud\ File.build/swift-overrides.hmap -emit-const-values -Xfrontend -const-gather-protocols-file -Xfrontend /Users/runner/work/orange-cloud/orange-cloud/orange-cloud/apps/ios/Orange\ Cloud/build/Build/Intermediates.noindex/Orange\ Cloud.build/Release-iphoneos/Orange\ Cloud\ File.build/Objects-normal/arm64/Orange\ Cloud\ File_const_extract_protocols.json -Xcc -iquote -Xcc /Users/runner/work/orange-cloud/orange-cloud/orange-cloud/apps/ios/Orange\ Cloud/build/Build/Intermediates.noindex/Orange\ Cloud.build/Release-iphoneos/Orange\ Cloud\ File.build/Orange\ Cloud\ File-generated-files.hmap -Xcc -I/Users/runner/work/orange-cloud/orange-cloud/orange-cloud/apps/ios/Orange\ Cloud/build/Build/Intermediates.noindex/Orange\ Cloud.build/Release-iphoneos/Orange\ Cloud\ File.build/Orange\ Cloud\ File-own-target-headers.hmap -Xcc -I/Users/runner/work/orange-cloud/orange-cloud/orange-cloud/apps/ios/Orange\ Cloud/build/Build/Intermediates.noindex/Orange\ Cloud.build/Release-iphoneos/Orange\ Cloud\ File.build/Orange\ Cloud\ File-all-non-framework-target-headers.hmap -Xcc -ivfsoverlay -Xcc /Users/runner/work/orange-cloud/orange-cloud/orange-cloud/apps/ios/Orange\ Cloud/build/Build/Intermediates.noindex/Orange\ Cloud.build/Release-iphoneos/Orange\ Cloud-caa53a888f9e6677ffee03f20a1a9cdb-VFS-iphoneos/all-product-headers.yaml -Xcc -iquote -Xcc /Users/runner/work/orange-cloud/orange-cloud/orange-cloud/apps/ios/Orange\ Cloud/build/Build/Intermediates.noindex/Orange\ Cloud.build/Release-iphoneos/Orange\ Cloud\ File.build/Orange\ Cloud\ File-project-headers.hmap -Xcc -I/Users/runner/work/orange-cloud/orange-cloud/orange-cloud/apps/ios/Orange\ Cloud/build/Build/Products/Release-iphoneos/include -Xcc -I/Users/runner/work/orange-cloud/orange-cloud/orange-cloud/apps/ios/Orange\ Cloud/build/Build/Intermediates.noindex/Orange\ Cloud.build/Release-iphoneos/Orange\ Cloud\ File.build/DerivedSources-normal/arm64 -Xcc -I/Users/runner/work/orange-cloud/orange-cloud/orange-cloud/apps/ios/Orange\ Cloud/build/Build/Intermediates.noindex/Orange\ Cloud.build/Release-iphoneos/Orange\ Cloud\ File.build/DerivedSources/arm64 -Xcc -I/Users/runner/work/orange-cloud/orange-cloud/orange-cloud/apps/ios/Orange\ Cloud/build/Build/Intermediates.noindex/Orange\ Cloud.build/Release-iphoneos/Orange\ Cloud\ File.build/DerivedSources -emit-objc-header -emit-objc-header-path /Users/runner/work/orange-cloud/orange-cloud/orange-cloud/apps/ios/Orange\ Cloud/build/Build/Intermediates.noindex/Orange\ Cloud.build/Release-iphoneos/Orange\ Cloud\ File.build/Objects-normal/arm64/Orange_Cloud_File-Swift.h -working-directory /Users/runner/work/orange-cloud/orange-cloud/orange-cloud/apps/ios/Orange\ Cloud -no-emit-module-separately-wmo

Ld /Users/runner/work/orange-cloud/orange-cloud/orange-cloud/apps/ios/Orange\ Cloud/build/Build/Products/Release-iphoneos/notification.appex/notification normal (in target 'notification' from project 'Orange Cloud')
    cd /Users/runner/work/orange-cloud/orange-cloud/orange-cloud/apps/ios/Orange\ Cloud
    /Applications/Xcode_26.6.app/Contents/Developer/Toolchains/XcodeDefault.xctoolchain/usr/bin/clang -Xlinker -reproducible -target arm64-apple-ios17.0 -isysroot /Applications/Xcode_26.6.app/Contents/Developer/Platforms/iPhoneOS.platform/Developer/SDKs/iPhoneOS26.5.sdk -Os -L/Users/runner/work/orange-cloud/orange-cloud/orange-cloud/apps/ios/Orange\ Cloud/build/Build/Intermediates.noindex/EagerLinkingTBDs/Release-iphoneos -L/Users/runner/work/orange-cloud/orange-cloud/orange-cloud/apps/ios/Orange\ Cloud/build/Build/Products/Release-iphoneos -F/Users/runner/work/orange-cloud/orange-cloud/orange-cloud/apps/ios/Orange\ Cloud/build/Build/Intermediates.noindex/EagerLinkingTBDs/Release-iphoneos -F/Users/runner/work/orange-cloud/orange-cloud/orange-cloud/apps/ios/Orange\ Cloud/build/Build/Products/Release-iphoneos -filelist /Users/runner/work/orange-cloud/orange-cloud/orange-cloud/apps/ios/Orange\ Cloud/build/Build/Intermediates.noindex/Orange\ Cloud.build/Release-iphoneos/notification.build/Objects-normal/arm64/notification.LinkFileList -Xlinker -rpath -Xlinker /usr/lib/swift -Xlinker -rpath -Xlinker @executable_path/Frameworks -Xlinker -rpath -Xlinker @executable_path/../../Frameworks -Xlinker -dead_strip -Xlinker -object_path_lto -Xlinker /Users/runner/work/orange-cloud/orange-cloud/orange-cloud/apps/ios/Orange\ Cloud/build/Build/Intermediates.noindex/Orange\ Cloud.build/Release-iphoneos/notification.build/Objects-normal/arm64/notification_lto.o -Xlinker -dependency_info -Xlinker /Users/runner/work/orange-cloud/orange-cloud/orange-cloud/apps/ios/Orange\ Cloud/build/Build/Intermediates.noindex/Orange\ Cloud.build/Release-iphoneos/notification.build/Objects-normal/arm64/notification_dependency_info.dat -e _NSExtensionMain -fapplication-extension -fobjc-link-runtime -L/Applications/Xcode_26.6.app/Contents/Developer/Toolchains/XcodeDefault.xctoolchain/usr/lib/swift/iphoneos -L/usr/lib/swift -Xlinker -add_ast_path -Xlinker /Users/runner/work/orange-cloud/orange-cloud/orange-cloud/apps/ios/Orange\ Cloud/build/Build/Intermediates.noindex/Orange\ Cloud.build/Release-iphoneos/notification.build/Objects-normal/arm64/notification.swiftmodule @/Users/runner/work/orange-cloud/orange-cloud/orange-cloud/apps/ios/Orange\ Cloud/build/Build/Intermediates.noindex/Orange\ Cloud.build/Release-iphoneos/notification.build/Objects-normal/arm64/notification-linker-args.resp -o /Users/runner/work/orange-cloud/orange-cloud/orange-cloud/apps/ios/Orange\ Cloud/build/Build/Products/Release-iphoneos/notification.appex/notification

Ld /Users/runner/work/orange-cloud/orange-cloud/orange-cloud/apps/ios/Orange\ Cloud/build/Build/Products/Release-iphoneos/SentryCppHelper.o normal (in target 'SentryCppHelper' from project 'Sentry')
    cd /Users/runner/work/orange-cloud/orange-cloud/orange-cloud/apps/ios/Orange\ Cloud/build/SourcePackages/checkouts/sentry-cocoa
    /Applications/Xcode_26.6.app/Contents/Developer/Toolchains/XcodeDefault.xctoolchain/usr/bin/clang -Xlinker -reproducible -target arm64-apple-ios12.0 -r -isysroot /Applications/Xcode_26.6.app/Contents/Developer/Platforms/iPhoneOS.platform/Developer/SDKs/iPhoneOS26.5.sdk -Os -w -F/Users/runner/work/orange-cloud/orange-cloud/orange-cloud/apps/ios/Orange\ Cloud/build/Build/Intermediates.noindex/EagerLinkingTBDs/Release-iphoneos -F/Users/runner/work/orange-cloud/orange-cloud/orange-cloud/apps/ios/Orange\ Cloud/build/Build/Products/Release-iphoneos -iframework /Applications/Xcode_26.6.app/Contents/Developer/Platforms/iPhoneOS.platform/Developer/Library/Frameworks -iframework /Applications/Xcode_26.6.app/Contents/Developer/Platforms/iPhoneOS.platform/Developer/SDKs/iPhoneOS26.5.sdk/Developer/Library/Frameworks -filelist /Users/runner/work/orange-cloud/orange-cloud/orange-cloud/apps/ios/Orange\ Cloud/build/Build/Intermediates.noindex/Sentry.build/Release-iphoneos/SentryCppHelper.build/Objects-normal/arm64/SentryCppHelper.LinkFileList -nostdlib -Xlinker -object_path_lto -Xlinker /Users/runner/work/orange-cloud/orange-cloud/orange-cloud/apps/ios/Orange\ Cloud/build/Build/Intermediates.noindex/Sentry.build/Release-iphoneos/SentryCppHelper.build/Objects-normal/arm64/SentryCppHelper_lto.o -Xlinker -dependency_info -Xlinker /Users/runner/work/orange-cloud/orange-cloud/orange-cloud/apps/ios/Orange\ Cloud/build/Build/Intermediates.noindex/Sentry.build/Release-iphoneos/SentryCppHelper.build/Objects-normal/arm64/SentryCppHelper_dependency_info.dat -fobjc-link-runtime -L/Applications/Xcode_26.6.app/Contents/Developer/Toolchains/XcodeDefault.xctoolchain/usr/lib/swift/iphoneos -L/usr/lib/swift -Xlinker -add_ast_path -Xlinker /Users/runner/work/orange-cloud/orange-cloud/orange-cloud/apps/ios/Orange\ Cloud/build/Build/Intermediates.noindex/Sentry.build/Release-iphoneos/SentryCppHelper.build/Objects-normal/arm64/SentryCppHelper.swiftmodule @/Users/runner/work/orange-cloud/orange-cloud/orange-cloud/apps/ios/Orange\ Cloud/build/Build/Intermediates.noindex/Sentry.build/Release-iphoneos/SentryCppHelper.build/Objects-normal/arm64/SentryCppHelper-linker-args.resp -o /Users/runner/work/orange-cloud/orange-cloud/orange-cloud/apps/ios/Orange\ Cloud/build/Build/Products/Release-iphoneos/SentryCppHelper.o

Copy /Users/runner/work/orange-cloud/orange-cloud/orange-cloud/apps/ios/Orange\ Cloud/build/Build/Products/Release-watchos/Orange_Cloud_WatchExtension.swiftmodule/arm64_32-apple-watchos.swiftmodule /Users/runner/work/orange-cloud/orange-cloud/orange-cloud/apps/ios/Orange\ Cloud/build/Build/Intermediates.noindex/Orange\ Cloud.build/Release-watchos/Orange\ Cloud\ WatchExtension.build/Objects-normal/arm64_32/Orange_Cloud_WatchExtension.swiftmodule (in target 'Orange Cloud WatchExtension' from project 'Orange Cloud')
    cd /Users/runner/work/orange-cloud/orange-cloud/orange-cloud/apps/ios/Orange\ Cloud
    builtin-copy -exclude .DS_Store -exclude CVS -exclude .svn -exclude .git -exclude .hg -resolve-src-symlinks -rename /Users/runner/work/orange-cloud/orange-cloud/orange-cloud/apps/ios/Orange\ Cloud/build/Build/Intermediates.noindex/Orange\ Cloud.build/Release-watchos/Orange\ Cloud\ WatchExtension.build/Objects-normal/arm64_32/Orange_Cloud_WatchExtension.swiftmodule /Users/runner/work/orange-cloud/orange-cloud/orange-cloud/apps/ios/Orange\ Cloud/build/Build/Products/Release-watchos/Orange_Cloud_WatchExtension.swiftmodule/arm64_32-apple-watchos.swiftmodule

Copy /Users/runner/work/orange-cloud/orange-cloud/orange-cloud/apps/ios/Orange\ Cloud/build/Build/Products/Release-watchos/Orange_Cloud_WatchExtension.swiftmodule/arm64_32-apple-watchos.swiftdoc /Users/runner/work/orange-cloud/orange-cloud/orange-cloud/apps/ios/Orange\ Cloud/build/Build/Intermediates.noindex/Orange\ Cloud.build/Release-watchos/Orange\ Cloud\ WatchExtension.build/Objects-normal/arm64_32/Orange_Cloud_WatchExtension.swiftdoc (in target 'Orange Cloud WatchExtension' from project 'Orange Cloud')
    cd /Users/runner/work/orange-cloud/orange-cloud/orange-cloud/apps/ios/Orange\ Cloud
    builtin-copy -exclude .DS_Store -exclude CVS -exclude .svn -exclude .git -exclude .hg -resolve-src-symlinks -rename /Users/runner/work/orange-cloud/orange-cloud/orange-cloud/apps/ios/Orange\ Cloud/build/Build/Intermediates.noindex/Orange\ Cloud.build/Release-watchos/Orange\ Cloud\ WatchExtension.build/Objects-normal/arm64_32/Orange_Cloud_WatchExtension.swiftdoc /Users/runner/work/orange-cloud/orange-cloud/orange-cloud/apps/ios/Orange\ Cloud/build/Build/Products/Release-watchos/Orange_Cloud_WatchExtension.swiftmodule/arm64_32-apple-watchos.swiftdoc

Copy /Users/runner/work/orange-cloud/orange-cloud/orange-cloud/apps/ios/Orange\ Cloud/build/Build/Products/Release-watchos/Orange_Cloud_WatchExtension.swiftmodule/arm64_32-apple-watchos.abi.json /Users/runner/work/orange-cloud/orange-cloud/orange-cloud/apps/ios/Orange\ Cloud/build/Build/Intermediates.noindex/Orange\ Cloud.build/Release-watchos/Orange\ Cloud\ WatchExtension.build/Objects-normal/arm64_32/Orange_Cloud_WatchExtension.abi.json (in target 'Orange Cloud WatchExtension' from project 'Orange Cloud')
    cd /Users/runner/work/orange-cloud/orange-cloud/orange-cloud/apps/ios/Orange\ Cloud
    builtin-copy -exclude .DS_Store -exclude CVS -exclude .svn -exclude .git -exclude .hg -resolve-src-symlinks -rename /Users/runner/work/orange-cloud/orange-cloud/orange-cloud/apps/ios/Orange\ Cloud/build/Build/Intermediates.noindex/Orange\ Cloud.build/Release-watchos/Orange\ Cloud\ WatchExtension.build/Objects-normal/arm64_32/Orange_Cloud_WatchExtension.abi.json /Users/runner/work/orange-cloud/orange-cloud/orange-cloud/apps/ios/Orange\ Cloud/build/Build/Products/Release-watchos/Orange_Cloud_WatchExtension.swiftmodule/arm64_32-apple-watchos.abi.json

Copy /Users/runner/work/orange-cloud/orange-cloud/orange-cloud/apps/ios/Orange\ Cloud/build/Build/Products/Release-watchos/Orange_Cloud_WatchExtension.swiftmodule/Project/arm64_32-apple-watchos.swiftsourceinfo /Users/runner/work/orange-cloud/orange-cloud/orange-cloud/apps/ios/Orange\ Cloud/build/Build/Intermediates.noindex/Orange\ Cloud.build/Release-watchos/Orange\ Cloud\ WatchExtension.build/Objects-normal/arm64_32/Orange_Cloud_WatchExtension.swiftsourceinfo (in target 'Orange Cloud WatchExtension' from project 'Orange Cloud')
    cd /Users/runner/work/orange-cloud/orange-cloud/orange-cloud/apps/ios/Orange\ Cloud
    builtin-copy -exclude .DS_Store -exclude CVS -exclude .svn -exclude .git -exclude .hg -resolve-src-symlinks -rename /Users/runner/work/orange-cloud/orange-cloud/orange-cloud/apps/ios/Orange\ Cloud/build/Build/Intermediates.noindex/Orange\ Cloud.build/Release-watchos/Orange\ Cloud\ WatchExtension.build/Objects-normal/arm64_32/Orange_Cloud_WatchExtension.swiftsourceinfo /Users/runner/work/orange-cloud/orange-cloud/orange-cloud/apps/ios/Orange\ Cloud/build/Build/Products/Release-watchos/Orange_Cloud_WatchExtension.swiftmodule/Project/arm64_32-apple-watchos.swiftsourceinfo

Ld /Users/runner/work/orange-cloud/orange-cloud/orange-cloud/apps/ios/Orange\ Cloud/build/Build/Products/Release-iphoneos/Orange\ Cloud\ File.appex/Orange\ Cloud\ File normal (in target 'Orange Cloud File' from project 'Orange Cloud')
    cd /Users/runner/work/orange-cloud/orange-cloud/orange-cloud/apps/ios/Orange\ Cloud
    /Applications/Xcode_26.6.app/Contents/Developer/Toolchains/XcodeDefault.xctoolchain/usr/bin/clang -Xlinker -reproducible -target arm64-apple-ios17.0 -isysroot /Applications/Xcode_26.6.app/Contents/Developer/Platforms/iPhoneOS.platform/Developer/SDKs/iPhoneOS26.5.sdk -Os -L/Users/runner/work/orange-cloud/orange-cloud/orange-cloud/apps/ios/Orange\ Cloud/build/Build/Intermediates.noindex/EagerLinkingTBDs/Release-iphoneos -L/Users/runner/work/orange-cloud/orange-cloud/orange-cloud/apps/ios/Orange\ Cloud/build/Build/Products/Release-iphoneos -F/Users/runner/work/orange-cloud/orange-cloud/orange-cloud/apps/ios/Orange\ Cloud/build/Build/Intermediates.noindex/EagerLinkingTBDs/Release-iphoneos -F/Users/runner/work/orange-cloud/orange-cloud/orange-cloud/apps/ios/Orange\ Cloud/build/Build/Products/Release-iphoneos -filelist /Users/runner/work/orange-cloud/orange-cloud/orange-cloud/apps/ios/Orange\ Cloud/build/Build/Intermediates.noindex/Orange\ Cloud.build/Release-iphoneos/Orange\ Cloud\ File.build/Objects-normal/arm64/Orange\ Cloud\ File.LinkFileList -Xlinker -rpath -Xlinker /usr/lib/swift -Xlinker -rpath -Xlinker @executable_path/Frameworks -Xlinker -rpath -Xlinker @executable_path/../../Frameworks -Xlinker -dead_strip -Xlinker -object_path_lto -Xlinker /Users/runner/work/orange-cloud/orange-cloud/orange-cloud/apps/ios/Orange\ Cloud/build/Build/Intermediates.noindex/Orange\ Cloud.build/Release-iphoneos/Orange\ Cloud\ File.build/Objects-normal/arm64/Orange\ Cloud\ File_lto.o -Xlinker -dependency_info -Xlinker /Users/runner/work/orange-cloud/orange-cloud/orange-cloud/apps/ios/Orange\ Cloud/build/Build/Intermediates.noindex/Orange\ Cloud.build/Release-iphoneos/Orange\ Cloud\ File.build/Objects-normal/arm64/Orange\ Cloud\ File_dependency_info.dat -e _NSExtensionMain -fapplication-extension -fobjc-link-runtime -L/Applications/Xcode_26.6.app/Contents/Developer/Toolchains/XcodeDefault.xctoolchain/usr/lib/swift/iphoneos -L/usr/lib/swift -Xlinker -add_ast_path -Xlinker /Users/runner/work/orange-cloud/orange-cloud/orange-cloud/apps/ios/Orange\ Cloud/build/Build/Intermediates.noindex/Orange\ Cloud.build/Release-iphoneos/Orange\ Cloud\ File.build/Objects-normal/arm64/Orange_Cloud_File.swiftmodule @/Users/runner/work/orange-cloud/orange-cloud/orange-cloud/apps/ios/Orange\ Cloud/build/Build/Intermediates.noindex/Orange\ Cloud.build/Release-iphoneos/Orange\ Cloud\ File.build/Objects-normal/arm64/Orange_Cloud_File-linker-args.resp -framework UniformTypeIdentifiers -o /Users/runner/work/orange-cloud/orange-cloud/orange-cloud/apps/ios/Orange\ Cloud/build/Build/Products/Release-iphoneos/Orange\ Cloud\ File.appex/Orange\ Cloud\ File

GenerateDSYMFile /Users/runner/work/orange-cloud/orange-cloud/orange-cloud/apps/ios/Orange\ Cloud/build/Build/Products/Release-iphoneos/notification.appex.dSYM /Users/runner/work/orange-cloud/orange-cloud/orange-cloud/apps/ios/Orange\ Cloud/build/Build/Products/Release-iphoneos/notification.appex/notification (in target 'notification' from project 'Orange Cloud')
    cd /Users/runner/work/orange-cloud/orange-cloud/orange-cloud/apps/ios/Orange\ Cloud
    /Applications/Xcode_26.6.app/Contents/Developer/Toolchains/XcodeDefault.xctoolchain/usr/bin/dsymutil /Users/runner/work/orange-cloud/orange-cloud/orange-cloud/apps/ios/Orange\ Cloud/build/Build/Products/Release-iphoneos/notification.appex/notification -o /Users/runner/work/orange-cloud/orange-cloud/orange-cloud/apps/ios/Orange\ Cloud/build/Build/Products/Release-iphoneos/notification.appex.dSYM

SwiftDriverJobDiscovery normal arm64 Compiling BillingCycle.swift, ByteFormat.swift, DayBoundary.swift, FileProviderDomainID.swift, SharedAuth.swift, Orange_Cloud_Watch.swift, Orange_Cloud_WatchBundle.swift, SkyPhase.swift, Theme.swift, WatchBridgePayload.swift, WidgetConfigIntents.swift, WidgetSnapshot.swift, GeneratedAssetSymbols.swift, GeneratedStringSymbols_Localizable.swift (in target 'Orange Cloud WatchExtension' from project 'Orange Cloud')

SwiftDriver\ Compilation\ Requirements Orange\ Cloud\ WatchExtension normal arm64 com.apple.xcode.tools.swift.compiler (in target 'Orange Cloud WatchExtension' from project 'Orange Cloud')
    cd /Users/runner/work/orange-cloud/orange-cloud/orange-cloud/apps/ios/Orange\ Cloud
    builtin-Swift-Compilation-Requirements -- /Applications/Xcode_26.6.app/Contents/Developer/Toolchains/XcodeDefault.xctoolchain/usr/bin/swiftc -module-name Orange_Cloud_WatchExtension -O -whole-module-optimization @/Users/runner/work/orange-cloud/orange-cloud/orange-cloud/apps/ios/Orange\ Cloud/build/Build/Intermediates.noindex/Orange\ Cloud.build/Release-watchos/Orange\ Cloud\ WatchExtension.build/Objects-normal/arm64/Orange\ Cloud\ WatchExtension.SwiftFileList -DOPENSOURCE_UNLOCKED -D OPENSOURCE_UNLOCKED -enable-bare-slash-regex -enable-upcoming-feature DisableOutwardActorInference -enable-upcoming-feature InferSendableFromCaptures -enable-upcoming-feature GlobalActorIsolatedTypesUsability -enable-upcoming-feature MemberImportVisibility -enable-upcoming-feature InferIsolatedConformances -enable-upcoming-feature NonisolatedNonsendingByDefault -enable-experimental-feature DebugDescriptionMacro -sdk /Applications/Xcode_26.6.app/Contents/Developer/Platforms/WatchOS.platform/Developer/SDKs/WatchOS26.5.sdk -target arm64-apple-watchos10.6 -g -module-cache-path /Users/runner/work/orange-cloud/orange-cloud/orange-cloud/apps/ios/Orange\ Cloud/build/ModuleCache.noindex -Xfrontend -serialize-debugging-options -application-extension -swift-version 5 -I /Users/runner/work/orange-cloud/orange-cloud/orange-cloud/apps/ios/Orange\ Cloud/build/Build/Products/Release-watchos -F /Users/runner/work/orange-cloud/orange-cloud/orange-cloud/apps/ios/Orange\ Cloud/build/Build/Products/Release-watchos -emit-localized-strings -emit-localized-strings-path /Users/runner/work/orange-cloud/orange-cloud/orange-cloud/apps/ios/Orange\ Cloud/build/Build/Intermediates.noindex/Orange\ Cloud.build/Release-watchos/Orange\ Cloud\ WatchExtension.build/Objects-normal/arm64 -c -num-threads 3 -Xcc -ivfsstatcache -Xcc /Users/runner/work/orange-cloud/orange-cloud/orange-cloud/apps/ios/Orange\ Cloud/build/SDKStatCaches.noindex/watchos26.5-23T570-688ef53f1462e2c8f657fdc38a81448f6f39cd4ed9f891394c9a6a463e5c5cb7.sdkstatcache -output-file-map /Users/runner/work/orange-cloud/orange-cloud/orange-cloud/apps/ios/Orange\ Cloud/build/Build/Intermediates.noindex/Orange\ Cloud.build/Release-watchos/Orange\ Cloud\ WatchExtension.build/Objects-normal/arm64/Orange\ Cloud\ WatchExtension-OutputFileMap.json -use-frontend-parseable-output -save-temps -no-color-diagnostics -explicit-module-build -module-cache-path /Users/runner/work/orange-cloud/orange-cloud/orange-cloud/apps/ios/Orange\ Cloud/build/Build/Intermediates.noindex/SwiftExplicitPrecompiledModules -clang-scanner-module-cache-path /Users/runner/work/orange-cloud/orange-cloud/orange-cloud/apps/ios/Orange\ Cloud/build/ModuleCache.noindex -sdk-module-cache-path /Users/runner/work/orange-cloud/orange-cloud/orange-cloud/apps/ios/Orange\ Cloud/build/ModuleCache.noindex -serialize-diagnostics -emit-dependencies -emit-module -emit-module-path /Users/runner/work/orange-cloud/orange-cloud/orange-cloud/apps/ios/Orange\ Cloud/build/Build/Intermediates.noindex/Orange\ Cloud.build/Release-watchos/Orange\ Cloud\ WatchExtension.build/Objects-normal/arm64/Orange_Cloud_WatchExtension.swiftmodule -validate-clang-modules-once -clang-build-session-file /Users/runner/work/orange-cloud/orange-cloud/orange-cloud/apps/ios/Orange\ Cloud/build/ModuleCache.noindex/Session.modulevalidation -Xcc -I/Users/runner/work/orange-cloud/orange-cloud/orange-cloud/apps/ios/Orange\ Cloud/build/Build/Intermediates.noindex/Orange\ Cloud.build/Release-watchos/Orange\ Cloud\ WatchExtension.build/swift-overrides.hmap -emit-const-values -Xfrontend -const-gather-protocols-file -Xfrontend /Users/runner/work/orange-cloud/orange-cloud/orange-cloud/apps/ios/Orange\ Cloud/build/Build/Intermediates.noindex/Orange\ Cloud.build/Release-watchos/Orange\ Cloud\ WatchExtension.build/Objects-normal/arm64/Orange\ Cloud\ WatchExtension_const_extract_protocols.json -Xcc -iquote -Xcc /Users/runner/work/orange-cloud/orange-cloud/orange-cloud/apps/ios/Orange\ Cloud/build/Build/Intermediates.noindex/Orange\ Cloud.build/Release-watchos/Orange\ Cloud\ WatchExtension.build/Orange\ Cloud\ WatchExtension-generated-files.hmap -Xcc -I/Users/runner/work/orange-cloud/orange-cloud/orange-cloud/apps/ios/Orange\ Cloud/build/Build/Intermediates.noindex/Orange\ Cloud.build/Release-watchos/Orange\ Cloud\ WatchExtension.build/Orange\ Cloud\ WatchExtension-own-target-headers.hmap -Xcc -I/Users/runner/work/orange-cloud/orange-cloud/orange-cloud/apps/ios/Orange\ Cloud/build/Build/Intermediates.noindex/Orange\ Cloud.build/Release-watchos/Orange\ Cloud\ WatchExtension.build/Orange\ Cloud\ WatchExtension-all-non-framework-target-headers.hmap -Xcc -ivfsoverlay -Xcc /Users/runner/work/orange-cloud/orange-cloud/orange-cloud/apps/ios/Orange\ Cloud/build/Build/Intermediates.noindex/Orange\ Cloud.build/Release-watchos/Orange\ Cloud-caa53a888f9e6677ffee03f20a1a9cdb-VFS-watchos/all-product-headers.yaml -Xcc -iquote -Xcc /Users/runner/work/orange-cloud/orange-cloud/orange-cloud/apps/ios/Orange\ Cloud/build/Build/Intermediates.noindex/Orange\ Cloud.build/Release-watchos/Orange\ Cloud\ WatchExtension.build/Orange\ Cloud\ WatchExtension-project-headers.hmap -Xcc -I/Users/runner/work/orange-cloud/orange-cloud/orange-cloud/apps/ios/Orange\ Cloud/build/Build/Products/Release-watchos/include -Xcc -I/Users/runner/work/orange-cloud/orange-cloud/orange-cloud/apps/ios/Orange\ Cloud/build/Build/Intermediates.noindex/Orange\ Cloud.build/Release-watchos/Orange\ Cloud\ WatchExtension.build/DerivedSources-normal/arm64 -Xcc -I/Users/runner/work/orange-cloud/orange-cloud/orange-cloud/apps/ios/Orange\ Cloud/build/Build/Intermediates.noindex/Orange\ Cloud.build/Release-watchos/Orange\ Cloud\ WatchExtension.build/DerivedSources/arm64 -Xcc -I/Users/runner/work/orange-cloud/orange-cloud/orange-cloud/apps/ios/Orange\ Cloud/build/Build/Intermediates.noindex/Orange\ Cloud.build/Release-watchos/Orange\ Cloud\ WatchExtension.build/DerivedSources -emit-objc-header -emit-objc-header-path /Users/runner/work/orange-cloud/orange-cloud/orange-cloud/apps/ios/Orange\ Cloud/build/Build/Intermediates.noindex/Orange\ Cloud.build/Release-watchos/Orange\ Cloud\ WatchExtension.build/Objects-normal/arm64/Orange_Cloud_WatchExtension-Swift.h -working-directory /Users/runner/work/orange-cloud/orange-cloud/orange-cloud/apps/ios/Orange\ Cloud -no-emit-module-separately-wmo

GenerateDSYMFile /Users/runner/work/orange-cloud/orange-cloud/orange-cloud/apps/ios/Orange\ Cloud/build/Build/Products/Release-iphoneos/Orange\ Cloud\ File.appex.dSYM /Users/runner/work/orange-cloud/orange-cloud/orange-cloud/apps/ios/Orange\ Cloud/build/Build/Products/Release-iphoneos/Orange\ Cloud\ File.appex/Orange\ Cloud\ File (in target 'Orange Cloud File' from project 'Orange Cloud')
    cd /Users/runner/work/orange-cloud/orange-cloud/orange-cloud/apps/ios/Orange\ Cloud
    /Applications/Xcode_26.6.app/Contents/Developer/Toolchains/XcodeDefault.xctoolchain/usr/bin/dsymutil /Users/runner/work/orange-cloud/orange-cloud/orange-cloud/apps/ios/Orange\ Cloud/build/Build/Products/Release-iphoneos/Orange\ Cloud\ File.appex/Orange\ Cloud\ File -o /Users/runner/work/orange-cloud/orange-cloud/orange-cloud/apps/ios/Orange\ Cloud/build/Build/Products/Release-iphoneos/Orange\ Cloud\ File.appex.dSYM

SwiftMergeGeneratedHeaders /Users/runner/work/orange-cloud/orange-cloud/orange-cloud/apps/ios/Orange\ Cloud/build/Build/Intermediates.noindex/Orange\ Cloud.build/Release-watchos/Orange\ Cloud\ WatchExtension.build/DerivedSources/Orange_Cloud_WatchExtension-Swift.h /Users/runner/work/orange-cloud/orange-cloud/orange-cloud/apps/ios/Orange\ Cloud/build/Build/Intermediates.noindex/Orange\ Cloud.build/Release-watchos/Orange\ Cloud\ WatchExtension.build/Objects-normal/arm64/Orange_Cloud_WatchExtension-Swift.h /Users/runner/work/orange-cloud/orange-cloud/orange-cloud/apps/ios/Orange\ Cloud/build/Build/Intermediates.noindex/Orange\ Cloud.build/Release-watchos/Orange\ Cloud\ WatchExtension.build/Objects-normal/arm64_32/Orange_Cloud_WatchExtension-Swift.h (in target 'Orange Cloud WatchExtension' from project 'Orange Cloud')
    cd /Users/runner/work/orange-cloud/orange-cloud/orange-cloud/apps/ios/Orange\ Cloud
    builtin-swiftHeaderTool -arch arm64 /Users/runner/work/orange-cloud/orange-cloud/orange-cloud/apps/ios/Orange\ Cloud/build/Build/Intermediates.noindex/Orange\ Cloud.build/Release-watchos/Orange\ Cloud\ WatchExtension.build/Objects-normal/arm64/Orange_Cloud_WatchExtension-Swift.h -arch arm64_32 /Users/runner/work/orange-cloud/orange-cloud/orange-cloud/apps/ios/Orange\ Cloud/build/Build/Intermediates.noindex/Orange\ Cloud.build/Release-watchos/Orange\ Cloud\ WatchExtension.build/Objects-normal/arm64_32/Orange_Cloud_WatchExtension-Swift.h -o /Users/runner/work/orange-cloud/orange-cloud/orange-cloud/apps/ios/Orange\ Cloud/build/Build/Intermediates.noindex/Orange\ Cloud.build/Release-watchos/Orange\ Cloud\ WatchExtension.build/DerivedSources/Orange_Cloud_WatchExtension-Swift.h

Copy /Users/runner/work/orange-cloud/orange-cloud/orange-cloud/apps/ios/Orange\ Cloud/build/Build/Products/Release-watchos/Orange_Cloud_WatchExtension.swiftmodule/arm64-apple-watchos.swiftmodule /Users/runner/work/orange-cloud/orange-cloud/orange-cloud/apps/ios/Orange\ Cloud/build/Build/Intermediates.noindex/Orange\ Cloud.build/Release-watchos/Orange\ Cloud\ WatchExtension.build/Objects-normal/arm64/Orange_Cloud_WatchExtension.swiftmodule (in target 'Orange Cloud WatchExtension' from project 'Orange Cloud')
    cd /Users/runner/work/orange-cloud/orange-cloud/orange-cloud/apps/ios/Orange\ Cloud
    builtin-copy -exclude .DS_Store -exclude CVS -exclude .svn -exclude .git -exclude .hg -resolve-src-symlinks -rename /Users/runner/work/orange-cloud/orange-cloud/orange-cloud/apps/ios/Orange\ Cloud/build/Build/Intermediates.noindex/Orange\ Cloud.build/Release-watchos/Orange\ Cloud\ WatchExtension.build/Objects-normal/arm64/Orange_Cloud_WatchExtension.swiftmodule /Users/runner/work/orange-cloud/orange-cloud/orange-cloud/apps/ios/Orange\ Cloud/build/Build/Products/Release-watchos/Orange_Cloud_WatchExtension.swiftmodule/arm64-apple-watchos.swiftmodule

Copy /Users/runner/work/orange-cloud/orange-cloud/orange-cloud/apps/ios/Orange\ Cloud/build/Build/Products/Release-watchos/Orange_Cloud_WatchExtension.swiftmodule/arm64-apple-watchos.swiftdoc /Users/runner/work/orange-cloud/orange-cloud/orange-cloud/apps/ios/Orange\ Cloud/build/Build/Intermediates.noindex/Orange\ Cloud.build/Release-watchos/Orange\ Cloud\ WatchExtension.build/Objects-normal/arm64/Orange_Cloud_WatchExtension.swiftdoc (in target 'Orange Cloud WatchExtension' from project 'Orange Cloud')
    cd /Users/runner/work/orange-cloud/orange-cloud/orange-cloud/apps/ios/Orange\ Cloud
    builtin-copy -exclude .DS_Store -exclude CVS -exclude .svn -exclude .git -exclude .hg -resolve-src-symlinks -rename /Users/runner/work/orange-cloud/orange-cloud/orange-cloud/apps/ios/Orange\ Cloud/build/Build/Intermediates.noindex/Orange\ Cloud.build/Release-watchos/Orange\ Cloud\ WatchExtension.build/Objects-normal/arm64/Orange_Cloud_WatchExtension.swiftdoc /Users/runner/work/orange-cloud/orange-cloud/orange-cloud/apps/ios/Orange\ Cloud/build/Build/Products/Release-watchos/Orange_Cloud_WatchExtension.swiftmodule/arm64-apple-watchos.swiftdoc

Copy /Users/runner/work/orange-cloud/orange-cloud/orange-cloud/apps/ios/Orange\ Cloud/build/Build/Products/Release-watchos/Orange_Cloud_WatchExtension.swiftmodule/arm64-apple-watchos.abi.json /Users/runner/work/orange-cloud/orange-cloud/orange-cloud/apps/ios/Orange\ Cloud/build/Build/Intermediates.noindex/Orange\ Cloud.build/Release-watchos/Orange\ Cloud\ WatchExtension.build/Objects-normal/arm64/Orange_Cloud_WatchExtension.abi.json (in target 'Orange Cloud WatchExtension' from project 'Orange Cloud')
    cd /Users/runner/work/orange-cloud/orange-cloud/orange-cloud/apps/ios/Orange\ Cloud
    builtin-copy -exclude .DS_Store -exclude CVS -exclude .svn -exclude .git -exclude .hg -resolve-src-symlinks -rename /Users/runner/work/orange-cloud/orange-cloud/orange-cloud/apps/ios/Orange\ Cloud/build/Build/Intermediates.noindex/Orange\ Cloud.build/Release-watchos/Orange\ Cloud\ WatchExtension.build/Objects-normal/arm64/Orange_Cloud_WatchExtension.abi.json /Users/runner/work/orange-cloud/orange-cloud/orange-cloud/apps/ios/Orange\ Cloud/build/Build/Products/Release-watchos/Orange_Cloud_WatchExtension.swiftmodule/arm64-apple-watchos.abi.json

Copy /Users/runner/work/orange-cloud/orange-cloud/orange-cloud/apps/ios/Orange\ Cloud/build/Build/Products/Release-watchos/Orange_Cloud_WatchExtension.swiftmodule/Project/arm64-apple-watchos.swiftsourceinfo /Users/runner/work/orange-cloud/orange-cloud/orange-cloud/apps/ios/Orange\ Cloud/build/Build/Intermediates.noindex/Orange\ Cloud.build/Release-watchos/Orange\ Cloud\ WatchExtension.build/Objects-normal/arm64/Orange_Cloud_WatchExtension.swiftsourceinfo (in target 'Orange Cloud WatchExtension' from project 'Orange Cloud')
    cd /Users/runner/work/orange-cloud/orange-cloud/orange-cloud/apps/ios/Orange\ Cloud
    builtin-copy -exclude .DS_Store -exclude CVS -exclude .svn -exclude .git -exclude .hg -resolve-src-symlinks -rename /Users/runner/work/orange-cloud/orange-cloud/orange-cloud/apps/ios/Orange\ Cloud/build/Build/Intermediates.noindex/Orange\ Cloud.build/Release-watchos/Orange\ Cloud\ WatchExtension.build/Objects-normal/arm64/Orange_Cloud_WatchExtension.swiftsourceinfo /Users/runner/work/orange-cloud/orange-cloud/orange-cloud/apps/ios/Orange\ Cloud/build/Build/Products/Release-watchos/Orange_Cloud_WatchExtension.swiftmodule/Project/arm64-apple-watchos.swiftsourceinfo

ExtractAppIntentsMetadata (in target 'notification' from project 'Orange Cloud')
    cd /Users/runner/work/orange-cloud/orange-cloud/orange-cloud/apps/ios/Orange\ Cloud
    /Applications/Xcode_26.6.app/Contents/Developer/Toolchains/XcodeDefault.xctoolchain/usr/bin/appintentsmetadataprocessor --toolchain-dir /var/run/com.apple.security.cryptexd/mnt/com.apple.MobileAsset.MetalToolchain-v17.6.109.0.1I2beg/Metal.xctoolchain --module-name notification --sdk-root /Applications/Xcode_26.6.app/Contents/Developer/Platforms/iPhoneOS.platform/Developer/SDKs/iPhoneOS26.5.sdk --xcode-version 17F113 --platform-family iOS --deployment-target 17.0 --bundle-identifier jiamin.chen.orange-cloud.notification --output /Users/runner/work/orange-cloud/orange-cloud/orange-cloud/apps/ios/Orange\ Cloud/build/Build/Products/Release-iphoneos/notification.appex --target-triple arm64-apple-ios17.0 --binary-file /Users/runner/work/orange-cloud/orange-cloud/orange-cloud/apps/ios/Orange\ Cloud/build/Build/Products/Release-iphoneos/notification.appex/notification --dependency-file /Users/runner/work/orange-cloud/orange-cloud/orange-cloud/apps/ios/Orange\ Cloud/build/Build/Intermediates.noindex/Orange\ Cloud.build/Release-iphoneos/notification.build/Objects-normal/arm64/notification_dependency_info.dat --stringsdata-file /Users/runner/work/orange-cloud/orange-cloud/orange-cloud/apps/ios/Orange\ Cloud/build/Build/Intermediates.noindex/Orange\ Cloud.build/Release-iphoneos/notification.build/Objects-normal/arm64/ExtractedAppShortcutsMetadata.stringsdata --source-file-list /Users/runner/work/orange-cloud/orange-cloud/orange-cloud/apps/ios/Orange\ Cloud/build/Build/Intermediates.noindex/Orange\ Cloud.build/Release-iphoneos/notification.build/Objects-normal/arm64/notification.SwiftFileList --metadata-file-list /Users/runner/work/orange-cloud/orange-cloud/orange-cloud/apps/ios/Orange\ Cloud/build/Build/Intermediates.noindex/Orange\ Cloud.build/Release-iphoneos/notification.build/notification.DependencyMetadataFileList --static-metadata-file-list /Users/runner/work/orange-cloud/orange-cloud/orange-cloud/apps/ios/Orange\ Cloud/build/Build/Intermediates.noindex/Orange\ Cloud.build/Release-iphoneos/notification.build/notification.DependencyStaticMetadataFileList --swift-const-vals-list /Users/runner/work/orange-cloud/orange-cloud/orange-cloud/apps/ios/Orange\ Cloud/build/Build/Intermediates.noindex/Orange\ Cloud.build/Release-iphoneos/notification.build/Objects-normal/arm64/notification.SwiftConstValuesFileList --compile-time-extraction --deployment-aware-processing --validate-assistant-intents --no-app-shortcuts-localization
2026-08-23 03:28:21.269 appintentsmetadataprocessor[5642:20383] Starting appintentsmetadataprocessor export
2026-08-23 03:28:21.278 appintentsmetadataprocessor[5642:20383] warning: Metadata extraction skipped. No AppIntents.framework dependency found.

ExtractAppIntentsMetadata (in target 'SentryCppHelper' from project 'Sentry')
    cd /Users/runner/work/orange-cloud/orange-cloud/orange-cloud/apps/ios/Orange\ Cloud/build/SourcePackages/checkouts/sentry-cocoa
    /Applications/Xcode_26.6.app/Contents/Developer/Toolchains/XcodeDefault.xctoolchain/usr/bin/appintentsmetadataprocessor --toolchain-dir /var/run/com.apple.security.cryptexd/mnt/com.apple.MobileAsset.MetalToolchain-v17.6.109.0.1I2beg/Metal.xctoolchain --module-name SentryCppHelper --sdk-root /Applications/Xcode_26.6.app/Contents/Developer/Platforms/iPhoneOS.platform/Developer/SDKs/iPhoneOS26.5.sdk --xcode-version 17F113 --platform-family iOS --deployment-target 12.0 --bundle-identifier sentry-cocoa.SentryCppHelper --output /Users/runner/work/orange-cloud/orange-cloud/orange-cloud/apps/ios/Orange\ Cloud/build/Build/Products/Release-iphoneos/SentryCppHelper.appintents --target-triple arm64-apple-ios12.0 --binary-file /Users/runner/work/orange-cloud/orange-cloud/orange-cloud/apps/ios/Orange\ Cloud/build/Build/Products/Release-iphoneos/SentryCppHelper.o --dependency-file /Users/runner/work/orange-cloud/orange-cloud/orange-cloud/apps/ios/Orange\ Cloud/build/Build/Intermediates.noindex/Sentry.build/Release-iphoneos/SentryCppHelper.build/Objects-normal/arm64/SentryCppHelper_dependency_info.dat --stringsdata-file /Users/runner/work/orange-cloud/orange-cloud/orange-cloud/apps/ios/Orange\ Cloud/build/Build/Intermediates.noindex/Sentry.build/Release-iphoneos/SentryCppHelper.build/Objects-normal/arm64/ExtractedAppShortcutsMetadata.stringsdata --source-file-list /Users/runner/work/orange-cloud/orange-cloud/orange-cloud/apps/ios/Orange\ Cloud/build/Build/Intermediates.noindex/Sentry.build/Release-iphoneos/SentryCppHelper.build/Objects-normal/arm64/SentryCppHelper.SwiftFileList --metadata-file-list /Users/runner/work/orange-cloud/orange-cloud/orange-cloud/apps/ios/Orange\ Cloud/build/Build/Intermediates.noindex/Sentry.build/Release-iphoneos/SentryCppHelper.build/SentryCppHelper.DependencyMetadataFileList --static-metadata-file-list /Users/runner/work/orange-cloud/orange-cloud/orange-cloud/apps/ios/Orange\ Cloud/build/Build/Intermediates.noindex/Sentry.build/Release-iphoneos/SentryCppHelper.build/SentryCppHelper.DependencyStaticMetadataFileList --swift-const-vals-list /Users/runner/work/orange-cloud/orange-cloud/orange-cloud/apps/ios/Orange\ Cloud/build/Build/Intermediates.noindex/Sentry.build/Release-iphoneos/SentryCppHelper.build/Objects-normal/arm64/SentryCppHelper.SwiftConstValuesFileList --force --compile-time-extraction --deployment-aware-processing --validate-assistant-intents --no-app-shortcuts-localization
2026-08-23 03:28:21.269 appintentsmetadataprocessor[5643:20384] Starting appintentsmetadataprocessor export
2026-08-23 03:28:21.312 appintentsmetadataprocessor[5643:20384] Extracted no relevant App Intents symbols, skipping writing output

AppIntentsSSUTraining (in target 'notification' from project 'Orange Cloud')
    cd /Users/runner/work/orange-cloud/orange-cloud/orange-cloud/apps/ios/Orange\ Cloud
    /Applications/Xcode_26.6.app/Contents/Developer/Toolchains/XcodeDefault.xctoolchain/usr/bin/appintentsnltrainingprocessor --infoplist-path /Users/runner/work/orange-cloud/orange-cloud/orange-cloud/apps/ios/Orange\ Cloud/build/Build/Products/Release-iphoneos/notification.appex/Info.plist --temp-dir-path /Users/runner/work/orange-cloud/orange-cloud/orange-cloud/apps/ios/Orange\ Cloud/build/Build/Intermediates.noindex/Orange\ Cloud.build/Release-iphoneos/notification.build/ssu --bundle-id jiamin.chen.orange-cloud.notification --product-path /Users/runner/work/orange-cloud/orange-cloud/orange-cloud/apps/ios/Orange\ Cloud/build/Build/Products/Release-iphoneos/notification.appex --extracted-metadata-path /Users/runner/work/orange-cloud/orange-cloud/orange-cloud/apps/ios/Orange\ Cloud/build/Build/Products/Release-iphoneos/notification.appex/Metadata.appintents --metadata-file-list /Users/runner/work/orange-cloud/orange-cloud/orange-cloud/apps/ios/Orange\ Cloud/build/Build/Intermediates.noindex/Orange\ Cloud.build/Release-iphoneos/notification.build/notification.DependencyMetadataFileList --source-file /Users/runner/work/orange-cloud/orange-cloud/orange-cloud/apps/ios/Orange\ Cloud/build/Build/Products/Release-iphoneos/notification.appex/Info.plist --archive-ssu-assets
2026-08-23 03:28:21.320 appintentsnltrainingprocessor[5644:20395] Parsing options for appintentsnltrainingprocessor
2026-08-23 03:28:21.321 appintentsnltrainingprocessor[5644:20395] Starting AppIntents SSU YAML Generation
2026-08-23 03:28:21.323 appintentsnltrainingprocessor[5644:20395] No AppShortcuts found - Skipping.

Ld /Users/runner/work/orange-cloud/orange-cloud/orange-cloud/apps/ios/Orange\ Cloud/build/Build/Intermediates.noindex/Orange\ Cloud.build/Release-watchos/Orange\ Cloud\ WatchExtension.build/Objects-normal/arm64_32/Binary/Orange\ Cloud\ WatchExtension normal arm64_32 (in target 'Orange Cloud WatchExtension' from project 'Orange Cloud')
    cd /Users/runner/work/orange-cloud/orange-cloud/orange-cloud/apps/ios/Orange\ Cloud
    /Applications/Xcode_26.6.app/Contents/Developer/Toolchains/XcodeDefault.xctoolchain/usr/bin/clang -Xlinker -reproducible -target arm64_32-apple-watchos10.6 -isysroot /Applications/Xcode_26.6.app/Contents/Developer/Platforms/WatchOS.platform/Developer/SDKs/WatchOS26.5.sdk -Os -L/Users/runner/work/orange-cloud/orange-cloud/orange-cloud/apps/ios/Orange\ Cloud/build/Build/Intermediates.noindex/EagerLinkingTBDs/Release-watchos -L/Users/runner/work/orange-cloud/orange-cloud/orange-cloud/apps/ios/Orange\ Cloud/build/Build/Products/Release-watchos -F/Users/runner/work/orange-cloud/orange-cloud/orange-cloud/apps/ios/Orange\ Cloud/build/Build/Intermediates.noindex/EagerLinkingTBDs/Release-watchos -F/Users/runner/work/orange-cloud/orange-cloud/orange-cloud/apps/ios/Orange\ Cloud/build/Build/Products/Release-watchos -filelist /Users/runner/work/orange-cloud/orange-cloud/orange-cloud/apps/ios/Orange\ Cloud/build/Build/Intermediates.noindex/Orange\ Cloud.build/Release-watchos/Orange\ Cloud\ WatchExtension.build/Objects-normal/arm64_32/Orange\ Cloud\ WatchExtension.LinkFileList -Xlinker -rpath -Xlinker /usr/lib/swift -Xlinker -rpath -Xlinker @executable_path/Frameworks -Xlinker -rpath -Xlinker @executable_path/../../Frameworks -Xlinker -rpath -Xlinker @executable_path/../../../../Frameworks -Xlinker -dead_strip -Xlinker -object_path_lto -Xlinker /Users/runner/work/orange-cloud/orange-cloud/orange-cloud/apps/ios/Orange\ Cloud/build/Build/Intermediates.noindex/Orange\ Cloud.build/Release-watchos/Orange\ Cloud\ WatchExtension.build/Objects-normal/arm64_32/Orange\ Cloud\ WatchExtension_lto.o -Xlinker -dependency_info -Xlinker /Users/runner/work/orange-cloud/orange-cloud/orange-cloud/apps/ios/Orange\ Cloud/build/Build/Intermediates.noindex/Orange\ Cloud.build/Release-watchos/Orange\ Cloud\ WatchExtension.build/Objects-normal/arm64_32/Orange\ Cloud\ WatchExtension_dependency_info.dat -e _NSExtensionMain -fapplication-extension -fobjc-link-runtime -L/Applications/Xcode_26.6.app/Contents/Developer/Toolchains/XcodeDefault.xctoolchain/usr/lib/swift/watchos -L/usr/lib/swift -Xlinker -add_ast_path -Xlinker /Users/runner/work/orange-cloud/orange-cloud/orange-cloud/apps/ios/Orange\ Cloud/build/Build/Intermediates.noindex/Orange\ Cloud.build/Release-watchos/Orange\ Cloud\ WatchExtension.build/Objects-normal/arm64_32/Orange_Cloud_WatchExtension.swiftmodule @/Users/runner/work/orange-cloud/orange-cloud/orange-cloud/apps/ios/Orange\ Cloud/build/Build/Intermediates.noindex/Orange\ Cloud.build/Release-watchos/Orange\ Cloud\ WatchExtension.build/Objects-normal/arm64_32/Orange_Cloud_WatchExtension-linker-args.resp -framework SwiftUI -framework WidgetKit -o /Users/runner/work/orange-cloud/orange-cloud/orange-cloud/apps/ios/Orange\ Cloud/build/Build/Intermediates.noindex/Orange\ Cloud.build/Release-watchos/Orange\ Cloud\ WatchExtension.build/Objects-normal/arm64_32/Binary/Orange\ Cloud\ WatchExtension

Ld /Users/runner/work/orange-cloud/orange-cloud/orange-cloud/apps/ios/Orange\ Cloud/build/Build/Intermediates.noindex/Orange\ Cloud.build/Release-watchos/Orange\ Cloud\ WatchExtension.build/Objects-normal/arm64/Binary/Orange\ Cloud\ WatchExtension normal arm64 (in target 'Orange Cloud WatchExtension' from project 'Orange Cloud')
    cd /Users/runner/work/orange-cloud/orange-cloud/orange-cloud/apps/ios/Orange\ Cloud
    /Applications/Xcode_26.6.app/Contents/Developer/Toolchains/XcodeDefault.xctoolchain/usr/bin/clang -Xlinker -reproducible -target arm64-apple-watchos10.6 -isysroot /Applications/Xcode_26.6.app/Contents/Developer/Platforms/WatchOS.platform/Developer/SDKs/WatchOS26.5.sdk -Os -L/Users/runner/work/orange-cloud/orange-cloud/orange-cloud/apps/ios/Orange\ Cloud/build/Build/Intermediates.noindex/EagerLinkingTBDs/Release-watchos -L/Users/runner/work/orange-cloud/orange-cloud/orange-cloud/apps/ios/Orange\ Cloud/build/Build/Products/Release-watchos -F/Users/runner/work/orange-cloud/orange-cloud/orange-cloud/apps/ios/Orange\ Cloud/build/Build/Intermediates.noindex/EagerLinkingTBDs/Release-watchos -F/Users/runner/work/orange-cloud/orange-cloud/orange-cloud/apps/ios/Orange\ Cloud/build/Build/Products/Release-watchos -filelist /Users/runner/work/orange-cloud/orange-cloud/orange-cloud/apps/ios/Orange\ Cloud/build/Build/Intermediates.noindex/Orange\ Cloud.build/Release-watchos/Orange\ Cloud\ WatchExtension.build/Objects-normal/arm64/Orange\ Cloud\ WatchExtension.LinkFileList -Xlinker -rpath -Xlinker /usr/lib/swift -Xlinker -rpath -Xlinker @executable_path/Frameworks -Xlinker -rpath -Xlinker @executable_path/../../Frameworks -Xlinker -rpath -Xlinker @executable_path/../../../../Frameworks -Xlinker -dead_strip -Xlinker -object_path_lto -Xlinker /Users/runner/work/orange-cloud/orange-cloud/orange-cloud/apps/ios/Orange\ Cloud/build/Build/Intermediates.noindex/Orange\ Cloud.build/Release-watchos/Orange\ Cloud\ WatchExtension.build/Objects-normal/arm64/Orange\ Cloud\ WatchExtension_lto.o -Xlinker -dependency_info -Xlinker /Users/runner/work/orange-cloud/orange-cloud/orange-cloud/apps/ios/Orange\ Cloud/build/Build/Intermediates.noindex/Orange\ Cloud.build/Release-watchos/Orange\ Cloud\ WatchExtension.build/Objects-normal/arm64/Orange\ Cloud\ WatchExtension_dependency_info.dat -e _NSExtensionMain -fapplication-extension -fobjc-link-runtime -L/Applications/Xcode_26.6.app/Contents/Developer/Toolchains/XcodeDefault.xctoolchain/usr/lib/swift/watchos -L/usr/lib/swift -Xlinker -add_ast_path -Xlinker /Users/runner/work/orange-cloud/orange-cloud/orange-cloud/apps/ios/Orange\ Cloud/build/Build/Intermediates.noindex/Orange\ Cloud.build/Release-watchos/Orange\ Cloud\ WatchExtension.build/Objects-normal/arm64/Orange_Cloud_WatchExtension.swiftmodule @/Users/runner/work/orange-cloud/orange-cloud/orange-cloud/apps/ios/Orange\ Cloud/build/Build/Intermediates.noindex/Orange\ Cloud.build/Release-watchos/Orange\ Cloud\ WatchExtension.build/Objects-normal/arm64/Orange_Cloud_WatchExtension-linker-args.resp -framework SwiftUI -framework WidgetKit -o /Users/runner/work/orange-cloud/orange-cloud/orange-cloud/apps/ios/Orange\ Cloud/build/Build/Intermediates.noindex/Orange\ Cloud.build/Release-watchos/Orange\ Cloud\ WatchExtension.build/Objects-normal/arm64/Binary/Orange\ Cloud\ WatchExtension

RegisterExecutionPolicyException /Users/runner/work/orange-cloud/orange-cloud/orange-cloud/apps/ios/Orange\ Cloud/build/Build/Products/Release-iphoneos/notification.appex (in target 'notification' from project 'Orange Cloud')
    cd /Users/runner/work/orange-cloud/orange-cloud/orange-cloud/apps/ios/Orange\ Cloud
    builtin-RegisterExecutionPolicyException /Users/runner/work/orange-cloud/orange-cloud/orange-cloud/apps/ios/Orange\ Cloud/build/Build/Products/Release-iphoneos/notification.appex

RegisterExecutionPolicyException /Users/runner/work/orange-cloud/orange-cloud/orange-cloud/apps/ios/Orange\ Cloud/build/Build/Products/Release-iphoneos/SentryCppHelper.o (in target 'SentryCppHelper' from project 'Sentry')
    cd /Users/runner/work/orange-cloud/orange-cloud/orange-cloud/apps/ios/Orange\ Cloud/build/SourcePackages/checkouts/sentry-cocoa
    builtin-RegisterExecutionPolicyException /Users/runner/work/orange-cloud/orange-cloud/orange-cloud/apps/ios/Orange\ Cloud/build/Build/Products/Release-iphoneos/SentryCppHelper.o

Touch /Users/runner/work/orange-cloud/orange-cloud/orange-cloud/apps/ios/Orange\ Cloud/build/Build/Products/Release-iphoneos/notification.appex (in target 'notification' from project 'Orange Cloud')
    cd /Users/runner/work/orange-cloud/orange-cloud/orange-cloud/apps/ios/Orange\ Cloud
    /usr/bin/touch -c /Users/runner/work/orange-cloud/orange-cloud/orange-cloud/apps/ios/Orange\ Cloud/build/Build/Products/Release-iphoneos/notification.appex

MkDir /Users/runner/work/orange-cloud/orange-cloud/orange-cloud/apps/ios/Orange\ Cloud/build/Build/Intermediates.noindex/Orange\ Cloud.build/Release-watchos/Orange\ Cloud\ Watch\ Watch\ App.build/assetcatalog_output/unthinned (in target 'Orange Cloud Watch Watch App' from project 'Orange Cloud')
    cd /Users/runner/work/orange-cloud/orange-cloud/orange-cloud/apps/ios/Orange\ Cloud
    /bin/mkdir -p /Users/runner/work/orange-cloud/orange-cloud/orange-cloud/apps/ios/Orange\ Cloud/build/Build/Intermediates.noindex/Orange\ Cloud.build/Release-watchos/Orange\ Cloud\ Watch\ Watch\ App.build/assetcatalog_output/unthinned

MkDir /Users/runner/work/orange-cloud/orange-cloud/orange-cloud/apps/ios/Orange\ Cloud/build/Build/Intermediates.noindex/Orange\ Cloud.build/Release-watchos/Orange\ Cloud\ Watch\ Watch\ App.build/assetcatalog_output/thinned (in target 'Orange Cloud Watch Watch App' from project 'Orange Cloud')
    cd /Users/runner/work/orange-cloud/orange-cloud/orange-cloud/apps/ios/Orange\ Cloud
    /bin/mkdir -p /Users/runner/work/orange-cloud/orange-cloud/orange-cloud/apps/ios/Orange\ Cloud/build/Build/Intermediates.noindex/Orange\ Cloud.build/Release-watchos/Orange\ Cloud\ Watch\ Watch\ App.build/assetcatalog_output/thinned

GenerateStringSymbols /Users/runner/work/orange-cloud/orange-cloud/orange-cloud/apps/ios/Orange\ Cloud/build/Build/Intermediates.noindex/Orange\ Cloud.build/Release-watchos/Orange\ Cloud\ Watch\ Watch\ App.build/DerivedSources/GeneratedStringSymbols_Localizable.swift /Users/runner/work/orange-cloud/orange-cloud/orange-cloud/apps/ios/Orange\ Cloud/Orange\ Cloud\ Watch\ Watch\ App/Localizable.xcstrings (in target 'Orange Cloud Watch Watch App' from project 'Orange Cloud')
    cd /Users/runner/work/orange-cloud/orange-cloud/orange-cloud/apps/ios/Orange\ Cloud
    /Applications/Xcode_26.6.app/Contents/Developer/usr/bin/xcstringstool generate-symbols --language swift --output-directory /Users/runner/work/orange-cloud/orange-cloud/orange-cloud/apps/ios/Orange\ Cloud/build/Build/Intermediates.noindex/Orange\ Cloud.build/Release-watchos/Orange\ Cloud\ Watch\ Watch\ App.build/DerivedSources /Users/runner/work/orange-cloud/orange-cloud/orange-cloud/apps/ios/Orange\ Cloud/Orange\ Cloud\ Watch\ Watch\ App/Localizable.xcstrings

GenerateAssetSymbols /Users/runner/work/orange-cloud/orange-cloud/orange-cloud/apps/ios/Orange\ Cloud/Orange\ Cloud\ Watch\ Watch\ App/Assets.xcassets (in target 'Orange Cloud Watch Watch App' from project 'Orange Cloud')
    cd /Users/runner/work/orange-cloud/orange-cloud/orange-cloud/apps/ios/Orange\ Cloud
    /Applications/Xcode_26.6.app/Contents/Developer/usr/bin/actool /Users/runner/work/orange-cloud/orange-cloud/orange-cloud/apps/ios/Orange\ Cloud/Orange\ Cloud\ Watch\ Watch\ App/Assets.xcassets --compile /Users/runner/work/orange-cloud/orange-cloud/orange-cloud/apps/ios/Orange\ Cloud/build/Build/Products/Release-watchos/Orange\ Cloud\ Watch\ Watch\ App.app --output-format human-readable-text --notices --warnings --export-dependency-info /Users/runner/work/orange-cloud/orange-cloud/orange-cloud/apps/ios/Orange\ Cloud/build/Build/Intermediates.noindex/Orange\ Cloud.build/Release-watchos/Orange\ Cloud\ Watch\ Watch\ App.build/assetcatalog_dependencies --output-partial-info-plist /Users/runner/work/orange-cloud/orange-cloud/orange-cloud/apps/ios/Orange\ Cloud/build/Build/Intermediates.noindex/Orange\ Cloud.build/Release-watchos/Orange\ Cloud\ Watch\ Watch\ App.build/assetcatalog_generated_info.plist --app-icon AppIcon --accent-color AccentColor --compress-pngs --enable-on-demand-resources YES --development-region zh-Hans --target-device watch --minimum-deployment-target 10.6 --platform watchos --bundle-identifier jiamin.chen.orange-cloud.watchkitapp --generate-swift-asset-symbols /Users/runner/work/orange-cloud/orange-cloud/orange-cloud/apps/ios/Orange\ Cloud/build/Build/Intermediates.noindex/Orange\ Cloud.build/Release-watchos/Orange\ Cloud\ Watch\ Watch\ App.build/DerivedSources/GeneratedAssetSymbols.swift --generate-objc-asset-symbols /Users/runner/work/orange-cloud/orange-cloud/orange-cloud/apps/ios/Orange\ Cloud/build/Build/Intermediates.noindex/Orange\ Cloud.build/Release-watchos/Orange\ Cloud\ Watch\ Watch\ App.build/DerivedSources/GeneratedAssetSymbols.h --generate-asset-symbol-index /Users/runner/work/orange-cloud/orange-cloud/orange-cloud/apps/ios/Orange\ Cloud/build/Build/Intermediates.noindex/Orange\ Cloud.build/Release-watchos/Orange\ Cloud\ Watch\ Watch\ App.build/DerivedSources/GeneratedAssetSymbols-Index.plist
/* com.apple.actool.compilation-results */
/Users/runner/work/orange-cloud/orange-cloud/orange-cloud/apps/ios/Orange Cloud/build/Build/Intermediates.noindex/Orange Cloud.build/Release-watchos/Orange Cloud Watch Watch App.build/DerivedSources/GeneratedAssetSymbols-Index.plist
/Users/runner/work/orange-cloud/orange-cloud/orange-cloud/apps/ios/Orange Cloud/build/Build/Intermediates.noindex/Orange Cloud.build/Release-watchos/Orange Cloud Watch Watch App.build/DerivedSources/GeneratedAssetSymbols.h
/Users/runner/work/orange-cloud/orange-cloud/orange-cloud/apps/ios/Orange Cloud/build/Build/Intermediates.noindex/Orange Cloud.build/Release-watchos/Orange Cloud Watch Watch App.build/DerivedSources/GeneratedAssetSymbols.swift


CompileXCStrings /Users/runner/work/orange-cloud/orange-cloud/orange-cloud/apps/ios/Orange\ Cloud/build/Build/Intermediates.noindex/Orange\ Cloud.build/Release-watchos/Orange\ Cloud\ Watch\ Watch\ App.build/ /Users/runner/work/orange-cloud/orange-cloud/orange-cloud/apps/ios/Orange\ Cloud/Orange\ Cloud\ Watch\ Watch\ App/Localizable.xcstrings (in target 'Orange Cloud Watch Watch App' from project 'Orange Cloud')
    cd /Users/runner/work/orange-cloud/orange-cloud/orange-cloud/apps/ios/Orange\ Cloud
    /Applications/Xcode_26.6.app/Contents/Developer/usr/bin/xcstringstool compile --output-directory /Users/runner/work/orange-cloud/orange-cloud/orange-cloud/apps/ios/Orange\ Cloud/build/Build/Intermediates.noindex/Orange\ Cloud.build/Release-watchos/Orange\ Cloud\ Watch\ Watch\ App.build /Users/runner/work/orange-cloud/orange-cloud/orange-cloud/apps/ios/Orange\ Cloud/Orange\ Cloud\ Watch\ Watch\ App/Localizable.xcstrings

CreateUniversalBinary /Users/runner/work/orange-cloud/orange-cloud/orange-cloud/apps/ios/Orange\ Cloud/build/Build/Products/Release-watchos/Orange\ Cloud\ WatchExtension.appex/Orange\ Cloud\ WatchExtension normal arm64\ arm64_32 (in target 'Orange Cloud WatchExtension' from project 'Orange Cloud')
    cd /Users/runner/work/orange-cloud/orange-cloud/orange-cloud/apps/ios/Orange\ Cloud
    /Applications/Xcode_26.6.app/Contents/Developer/Toolchains/XcodeDefault.xctoolchain/usr/bin/lipo -create /Users/runner/work/orange-cloud/orange-cloud/orange-cloud/apps/ios/Orange\ Cloud/build/Build/Intermediates.noindex/Orange\ Cloud.build/Release-watchos/Orange\ Cloud\ WatchExtension.build/Objects-normal/arm64/Binary/Orange\ Cloud\ WatchExtension /Users/runner/work/orange-cloud/orange-cloud/orange-cloud/apps/ios/Orange\ Cloud/build/Build/Intermediates.noindex/Orange\ Cloud.build/Release-watchos/Orange\ Cloud\ WatchExtension.build/Objects-normal/arm64_32/Binary/Orange\ Cloud\ WatchExtension -output /Users/runner/work/orange-cloud/orange-cloud/orange-cloud/apps/ios/Orange\ Cloud/build/Build/Products/Release-watchos/Orange\ Cloud\ WatchExtension.appex/Orange\ Cloud\ WatchExtension

GenerateDSYMFile /Users/runner/work/orange-cloud/orange-cloud/orange-cloud/apps/ios/Orange\ Cloud/build/Build/Products/Release-watchos/Orange\ Cloud\ WatchExtension.appex.dSYM /Users/runner/work/orange-cloud/orange-cloud/orange-cloud/apps/ios/Orange\ Cloud/build/Build/Products/Release-watchos/Orange\ Cloud\ WatchExtension.appex/Orange\ Cloud\ WatchExtension (in target 'Orange Cloud WatchExtension' from project 'Orange Cloud')
    cd /Users/runner/work/orange-cloud/orange-cloud/orange-cloud/apps/ios/Orange\ Cloud
    /Applications/Xcode_26.6.app/Contents/Developer/Toolchains/XcodeDefault.xctoolchain/usr/bin/dsymutil /Users/runner/work/orange-cloud/orange-cloud/orange-cloud/apps/ios/Orange\ Cloud/build/Build/Products/Release-watchos/Orange\ Cloud\ WatchExtension.appex/Orange\ Cloud\ WatchExtension -o /Users/runner/work/orange-cloud/orange-cloud/orange-cloud/apps/ios/Orange\ Cloud/build/Build/Products/Release-watchos/Orange\ Cloud\ WatchExtension.appex.dSYM

CompileAssetCatalogVariant thinned /Users/runner/work/orange-cloud/orange-cloud/orange-cloud/apps/ios/Orange\ Cloud/build/Build/Products/Release-watchos/Orange\ Cloud\ Watch\ Watch\ App.app /Users/runner/work/orange-cloud/orange-cloud/orange-cloud/apps/ios/Orange\ Cloud/Orange\ Cloud\ Watch\ Watch\ App/Assets.xcassets (in target 'Orange Cloud Watch Watch App' from project 'Orange Cloud')
    cd /Users/runner/work/orange-cloud/orange-cloud/orange-cloud/apps/ios/Orange\ Cloud
    /Applications/Xcode_26.6.app/Contents/Developer/usr/bin/actool /Users/runner/work/orange-cloud/orange-cloud/orange-cloud/apps/ios/Orange\ Cloud/Orange\ Cloud\ Watch\ Watch\ App/Assets.xcassets --compile /Users/runner/work/orange-cloud/orange-cloud/orange-cloud/apps/ios/Orange\ Cloud/build/Build/Intermediates.noindex/Orange\ Cloud.build/Release-watchos/Orange\ Cloud\ Watch\ Watch\ App.build/assetcatalog_output/thinned --output-format human-readable-text --notices --warnings --export-dependency-info /Users/runner/work/orange-cloud/orange-cloud/orange-cloud/apps/ios/Orange\ Cloud/build/Build/Intermediates.noindex/Orange\ Cloud.build/Release-watchos/Orange\ Cloud\ Watch\ Watch\ App.build/assetcatalog_dependencies_thinned --output-partial-info-plist /Users/runner/work/orange-cloud/orange-cloud/orange-cloud/apps/ios/Orange\ Cloud/build/Build/Intermediates.noindex/Orange\ Cloud.build/Release-watchos/Orange\ Cloud\ Watch\ Watch\ App.build/assetcatalog_generated_info.plist_thinned --app-icon AppIcon --accent-color AccentColor --compress-pngs --enable-on-demand-resources YES --development-region zh-Hans --target-device watch --minimum-deployment-target 10.6 --platform watchos
/* com.apple.actool.compilation-results */
/Users/runner/work/orange-cloud/orange-cloud/orange-cloud/apps/ios/Orange Cloud/build/Build/Intermediates.noindex/Orange Cloud.build/Release-watchos/Orange Cloud Watch Watch App.build/assetcatalog_generated_info.plist_thinned
/Users/runner/work/orange-cloud/orange-cloud/orange-cloud/apps/ios/Orange Cloud/build/Build/Intermediates.noindex/Orange Cloud.build/Release-watchos/Orange Cloud Watch Watch App.build/assetcatalog_output/thinned/Assets.car


CopyStringsFile /Users/runner/work/orange-cloud/orange-cloud/orange-cloud/apps/ios/Orange\ Cloud/build/Build/Products/Release-watchos/Orange\ Cloud\ Watch\ Watch\ App.app/zh-Hant.lproj/Localizable.strings /Users/runner/work/orange-cloud/orange-cloud/orange-cloud/apps/ios/Orange\ Cloud/build/Build/Intermediates.noindex/Orange\ Cloud.build/Release-watchos/Orange\ Cloud\ Watch\ Watch\ App.build/zh-Hant.lproj/Localizable.strings (in target 'Orange Cloud Watch Watch App' from project 'Orange Cloud')
    cd /Users/runner/work/orange-cloud/orange-cloud/orange-cloud/apps/ios/Orange\ Cloud
    builtin-copyStrings --validate --outputencoding binary --outfilename Localizable.strings --outdir /Users/runner/work/orange-cloud/orange-cloud/orange-cloud/apps/ios/Orange\ Cloud/build/Build/Products/Release-watchos/Orange\ Cloud\ Watch\ Watch\ App.app/zh-Hant.lproj -- /Users/runner/work/orange-cloud/orange-cloud/orange-cloud/apps/ios/Orange\ Cloud/build/Build/Intermediates.noindex/Orange\ Cloud.build/Release-watchos/Orange\ Cloud\ Watch\ Watch\ App.build/zh-Hant.lproj/Localizable.strings
/Users/runner/work/orange-cloud/orange-cloud/orange-cloud/apps/ios/Orange Cloud/build/Build/Intermediates.noindex/Orange Cloud.build/Release-watchos/Orange Cloud Watch Watch App.build/zh-Hant.lproj/Localizable.strings:1:1: note: detected encoding of input file as Unicode (UTF-8) (in target 'Orange Cloud Watch Watch App' from project 'Orange Cloud')

CopyStringsFile /Users/runner/work/orange-cloud/orange-cloud/orange-cloud/apps/ios/Orange\ Cloud/build/Build/Products/Release-watchos/Orange\ Cloud\ Watch\ Watch\ App.app/zh-HK.lproj/Localizable.strings /Users/runner/work/orange-cloud/orange-cloud/orange-cloud/apps/ios/Orange\ Cloud/build/Build/Intermediates.noindex/Orange\ Cloud.build/Release-watchos/Orange\ Cloud\ Watch\ Watch\ App.build/zh-HK.lproj/Localizable.strings (in target 'Orange Cloud Watch Watch App' from project 'Orange Cloud')
    cd /Users/runner/work/orange-cloud/orange-cloud/orange-cloud/apps/ios/Orange\ Cloud
    builtin-copyStrings --validate --outputencoding binary --outfilename Localizable.strings --outdir /Users/runner/work/orange-cloud/orange-cloud/orange-cloud/apps/ios/Orange\ Cloud/build/Build/Products/Release-watchos/Orange\ Cloud\ Watch\ Watch\ App.app/zh-HK.lproj -- /Users/runner/work/orange-cloud/orange-cloud/orange-cloud/apps/ios/Orange\ Cloud/build/Build/Intermediates.noindex/Orange\ Cloud.build/Release-watchos/Orange\ Cloud\ Watch\ Watch\ App.build/zh-HK.lproj/Localizable.strings
/Users/runner/work/orange-cloud/orange-cloud/orange-cloud/apps/ios/Orange Cloud/build/Build/Intermediates.noindex/Orange Cloud.build/Release-watchos/Orange Cloud Watch Watch App.build/zh-HK.lproj/Localizable.strings:1:1: note: detected encoding of input file as Unicode (UTF-8) (in target 'Orange Cloud Watch Watch App' from project 'Orange Cloud')

CopyStringsFile /Users/runner/work/orange-cloud/orange-cloud/orange-cloud/apps/ios/Orange\ Cloud/build/Build/Products/Release-watchos/Orange\ Cloud\ Watch\ Watch\ App.app/tr.lproj/Localizable.strings /Users/runner/work/orange-cloud/orange-cloud/orange-cloud/apps/ios/Orange\ Cloud/build/Build/Intermediates.noindex/Orange\ Cloud.build/Release-watchos/Orange\ Cloud\ Watch\ Watch\ App.build/tr.lproj/Localizable.strings (in target 'Orange Cloud Watch Watch App' from project 'Orange Cloud')
    cd /Users/runner/work/orange-cloud/orange-cloud/orange-cloud/apps/ios/Orange\ Cloud
    builtin-copyStrings --validate --outputencoding binary --outfilename Localizable.strings --outdir /Users/runner/work/orange-cloud/orange-cloud/orange-cloud/apps/ios/Orange\ Cloud/build/Build/Products/Release-watchos/Orange\ Cloud\ Watch\ Watch\ App.app/tr.lproj -- /Users/runner/work/orange-cloud/orange-cloud/orange-cloud/apps/ios/Orange\ Cloud/build/Build/Intermediates.noindex/Orange\ Cloud.build/Release-watchos/Orange\ Cloud\ Watch\ Watch\ App.build/tr.lproj/Localizable.strings
/Users/runner/work/orange-cloud/orange-cloud/orange-cloud/apps/ios/Orange Cloud/build/Build/Intermediates.noindex/Orange Cloud.build/Release-watchos/Orange Cloud Watch Watch App.build/tr.lproj/Localizable.strings:1:1: note: detected encoding of input file as Unicode (UTF-8) (in target 'Orange Cloud Watch Watch App' from project 'Orange Cloud')

CopyStringsFile /Users/runner/work/orange-cloud/orange-cloud/orange-cloud/apps/ios/Orange\ Cloud/build/Build/Products/Release-watchos/Orange\ Cloud\ Watch\ Watch\ App.app/pt-PT.lproj/Localizable.strings /Users/runner/work/orange-cloud/orange-cloud/orange-cloud/apps/ios/Orange\ Cloud/build/Build/Intermediates.noindex/Orange\ Cloud.build/Release-watchos/Orange\ Cloud\ Watch\ Watch\ App.build/pt-PT.lproj/Localizable.strings (in target 'Orange Cloud Watch Watch App' from project 'Orange Cloud')
    cd /Users/runner/work/orange-cloud/orange-cloud/orange-cloud/apps/ios/Orange\ Cloud
    builtin-copyStrings --validate --outputencoding binary --outfilename Localizable.strings --outdir /Users/runner/work/orange-cloud/orange-cloud/orange-cloud/apps/ios/Orange\ Cloud/build/Build/Products/Release-watchos/Orange\ Cloud\ Watch\ Watch\ App.app/pt-PT.lproj -- /Users/runner/work/orange-cloud/orange-cloud/orange-cloud/apps/ios/Orange\ Cloud/build/Build/Intermediates.noindex/Orange\ Cloud.build/Release-watchos/Orange\ Cloud\ Watch\ Watch\ App.build/pt-PT.lproj/Localizable.strings
/Users/runner/work/orange-cloud/orange-cloud/orange-cloud/apps/ios/Orange Cloud/build/Build/Intermediates.noindex/Orange Cloud.build/Release-watchos/Orange Cloud Watch Watch App.build/pt-PT.lproj/Localizable.strings:1:1: note: detected encoding of input file as Unicode (UTF-8) (in target 'Orange Cloud Watch Watch App' from project 'Orange Cloud')

CopyStringsFile /Users/runner/work/orange-cloud/orange-cloud/orange-cloud/apps/ios/Orange\ Cloud/build/Build/Products/Release-watchos/Orange\ Cloud\ Watch\ Watch\ App.app/pt-BR.lproj/Localizable.strings /Users/runner/work/orange-cloud/orange-cloud/orange-cloud/apps/ios/Orange\ Cloud/build/Build/Intermediates.noindex/Orange\ Cloud.build/Release-watchos/Orange\ Cloud\ Watch\ Watch\ App.build/pt-BR.lproj/Localizable.strings (in target 'Orange Cloud Watch Watch App' from project 'Orange Cloud')
    cd /Users/runner/work/orange-cloud/orange-cloud/orange-cloud/apps/ios/Orange\ Cloud
    builtin-copyStrings --validate --outputencoding binary --outfilename Localizable.strings --outdir /Users/runner/work/orange-cloud/orange-cloud/orange-cloud/apps/ios/Orange\ Cloud/build/Build/Products/Release-watchos/Orange\ Cloud\ Watch\ Watch\ App.app/pt-BR.lproj -- /Users/runner/work/orange-cloud/orange-cloud/orange-cloud/apps/ios/Orange\ Cloud/build/Build/Intermediates.noindex/Orange\ Cloud.build/Release-watchos/Orange\ Cloud\ Watch\ Watch\ App.build/pt-BR.lproj/Localizable.strings
/Users/runner/work/orange-cloud/orange-cloud/orange-cloud/apps/ios/Orange Cloud/build/Build/Intermediates.noindex/Orange Cloud.build/Release-watchos/Orange Cloud Watch Watch App.build/pt-BR.lproj/Localizable.strings:1:1: note: detected encoding of input file as Unicode (UTF-8) (in target 'Orange Cloud Watch Watch App' from project 'Orange Cloud')

CopyStringsFile /Users/runner/work/orange-cloud/orange-cloud/orange-cloud/apps/ios/Orange\ Cloud/build/Build/Products/Release-watchos/Orange\ Cloud\ Watch\ Watch\ App.app/ko.lproj/Localizable.strings /Users/runner/work/orange-cloud/orange-cloud/orange-cloud/apps/ios/Orange\ Cloud/build/Build/Intermediates.noindex/Orange\ Cloud.build/Release-watchos/Orange\ Cloud\ Watch\ Watch\ App.build/ko.lproj/Localizable.strings (in target 'Orange Cloud Watch Watch App' from project 'Orange Cloud')
    cd /Users/runner/work/orange-cloud/orange-cloud/orange-cloud/apps/ios/Orange\ Cloud
    builtin-copyStrings --validate --outputencoding binary --outfilename Localizable.strings --outdir /Users/runner/work/orange-cloud/orange-cloud/orange-cloud/apps/ios/Orange\ Cloud/build/Build/Products/Release-watchos/Orange\ Cloud\ Watch\ Watch\ App.app/ko.lproj -- /Users/runner/work/orange-cloud/orange-cloud/orange-cloud/apps/ios/Orange\ Cloud/build/Build/Intermediates.noindex/Orange\ Cloud.build/Release-watchos/Orange\ Cloud\ Watch\ Watch\ App.build/ko.lproj/Localizable.strings
/Users/runner/work/orange-cloud/orange-cloud/orange-cloud/apps/ios/Orange Cloud/build/Build/Intermediates.noindex/Orange Cloud.build/Release-watchos/Orange Cloud Watch Watch App.build/ko.lproj/Localizable.strings:1:1: note: detected encoding of input file as Unicode (UTF-8) (in target 'Orange Cloud Watch Watch App' from project 'Orange Cloud')

CopyStringsFile /Users/runner/work/orange-cloud/orange-cloud/orange-cloud/apps/ios/Orange\ Cloud/build/Build/Products/Release-watchos/Orange\ Cloud\ Watch\ Watch\ App.app/ja.lproj/Localizable.strings /Users/runner/work/orange-cloud/orange-cloud/orange-cloud/apps/ios/Orange\ Cloud/build/Build/Intermediates.noindex/Orange\ Cloud.build/Release-watchos/Orange\ Cloud\ Watch\ Watch\ App.build/ja.lproj/Localizable.strings (in target 'Orange Cloud Watch Watch App' from project 'Orange Cloud')
    cd /Users/runner/work/orange-cloud/orange-cloud/orange-cloud/apps/ios/Orange\ Cloud
    builtin-copyStrings --validate --outputencoding binary --outfilename Localizable.strings --outdir /Users/runner/work/orange-cloud/orange-cloud/orange-cloud/apps/ios/Orange\ Cloud/build/Build/Products/Release-watchos/Orange\ Cloud\ Watch\ Watch\ App.app/ja.lproj -- /Users/runner/work/orange-cloud/orange-cloud/orange-cloud/apps/ios/Orange\ Cloud/build/Build/Intermediates.noindex/Orange\ Cloud.build/Release-watchos/Orange\ Cloud\ Watch\ Watch\ App.build/ja.lproj/Localizable.strings
/Users/runner/work/orange-cloud/orange-cloud/orange-cloud/apps/ios/Orange Cloud/build/Build/Intermediates.noindex/Orange Cloud.build/Release-watchos/Orange Cloud Watch Watch App.build/ja.lproj/Localizable.strings:1:1: note: detected encoding of input file as Unicode (UTF-8) (in target 'Orange Cloud Watch Watch App' from project 'Orange Cloud')

CopyStringsFile /Users/runner/work/orange-cloud/orange-cloud/orange-cloud/apps/ios/Orange\ Cloud/build/Build/Products/Release-watchos/Orange\ Cloud\ Watch\ Watch\ App.app/fr.lproj/Localizable.strings /Users/runner/work/orange-cloud/orange-cloud/orange-cloud/apps/ios/Orange\ Cloud/build/Build/Intermediates.noindex/Orange\ Cloud.build/Release-watchos/Orange\ Cloud\ Watch\ Watch\ App.build/fr.lproj/Localizable.strings (in target 'Orange Cloud Watch Watch App' from project 'Orange Cloud')
    cd /Users/runner/work/orange-cloud/orange-cloud/orange-cloud/apps/ios/Orange\ Cloud
    builtin-copyStrings --validate --outputencoding binary --outfilename Localizable.strings --outdir /Users/runner/work/orange-cloud/orange-cloud/orange-cloud/apps/ios/Orange\ Cloud/build/Build/Products/Release-watchos/Orange\ Cloud\ Watch\ Watch\ App.app/fr.lproj -- /Users/runner/work/orange-cloud/orange-cloud/orange-cloud/apps/ios/Orange\ Cloud/build/Build/Intermediates.noindex/Orange\ Cloud.build/Release-watchos/Orange\ Cloud\ Watch\ Watch\ App.build/fr.lproj/Localizable.strings
/Users/runner/work/orange-cloud/orange-cloud/orange-cloud/apps/ios/Orange Cloud/build/Build/Intermediates.noindex/Orange Cloud.build/Release-watchos/Orange Cloud Watch Watch App.build/fr.lproj/Localizable.strings:1:1: note: detected encoding of input file as Unicode (UTF-8) (in target 'Orange Cloud Watch Watch App' from project 'Orange Cloud')

CopyStringsFile /Users/runner/work/orange-cloud/orange-cloud/orange-cloud/apps/ios/Orange\ Cloud/build/Build/Products/Release-watchos/Orange\ Cloud\ Watch\ Watch\ App.app/es-MX.lproj/Localizable.strings /Users/runner/work/orange-cloud/orange-cloud/orange-cloud/apps/ios/Orange\ Cloud/build/Build/Intermediates.noindex/Orange\ Cloud.build/Release-watchos/Orange\ Cloud\ Watch\ Watch\ App.build/es-MX.lproj/Localizable.strings (in target 'Orange Cloud Watch Watch App' from project 'Orange Cloud')
    cd /Users/runner/work/orange-cloud/orange-cloud/orange-cloud/apps/ios/Orange\ Cloud
    builtin-copyStrings --validate --outputencoding binary --outfilename Localizable.strings --outdir /Users/runner/work/orange-cloud/orange-cloud/orange-cloud/apps/ios/Orange\ Cloud/build/Build/Products/Release-watchos/Orange\ Cloud\ Watch\ Watch\ App.app/es-MX.lproj -- /Users/runner/work/orange-cloud/orange-cloud/orange-cloud/apps/ios/Orange\ Cloud/build/Build/Intermediates.noindex/Orange\ Cloud.build/Release-watchos/Orange\ Cloud\ Watch\ Watch\ App.build/es-MX.lproj/Localizable.strings
/Users/runner/work/orange-cloud/orange-cloud/orange-cloud/apps/ios/Orange Cloud/build/Build/Intermediates.noindex/Orange Cloud.build/Release-watchos/Orange Cloud Watch Watch App.build/es-MX.lproj/Localizable.strings:1:1: note: detected encoding of input file as Unicode (UTF-8) (in target 'Orange Cloud Watch Watch App' from project 'Orange Cloud')

CopyStringsFile /Users/runner/work/orange-cloud/orange-cloud/orange-cloud/apps/ios/Orange\ Cloud/build/Build/Products/Release-watchos/Orange\ Cloud\ Watch\ Watch\ App.app/en.lproj/Localizable.strings /Users/runner/work/orange-cloud/orange-cloud/orange-cloud/apps/ios/Orange\ Cloud/build/Build/Intermediates.noindex/Orange\ Cloud.build/Release-watchos/Orange\ Cloud\ Watch\ Watch\ App.build/en.lproj/Localizable.strings (in target 'Orange Cloud Watch Watch App' from project 'Orange Cloud')
    cd /Users/runner/work/orange-cloud/orange-cloud/orange-cloud/apps/ios/Orange\ Cloud
    builtin-copyStrings --validate --outputencoding binary --outfilename Localizable.strings --outdir /Users/runner/work/orange-cloud/orange-cloud/orange-cloud/apps/ios/Orange\ Cloud/build/Build/Products/Release-watchos/Orange\ Cloud\ Watch\ Watch\ App.app/en.lproj -- /Users/runner/work/orange-cloud/orange-cloud/orange-cloud/apps/ios/Orange\ Cloud/build/Build/Intermediates.noindex/Orange\ Cloud.build/Release-watchos/Orange\ Cloud\ Watch\ Watch\ App.build/en.lproj/Localizable.strings
/Users/runner/work/orange-cloud/orange-cloud/orange-cloud/apps/ios/Orange Cloud/build/Build/Intermediates.noindex/Orange Cloud.build/Release-watchos/Orange Cloud Watch Watch App.build/en.lproj/Localizable.strings:1:1: note: detected encoding of input file as Unicode (UTF-8) (in target 'Orange Cloud Watch Watch App' from project 'Orange Cloud')

CopyStringsFile /Users/runner/work/orange-cloud/orange-cloud/orange-cloud/apps/ios/Orange\ Cloud/build/Build/Products/Release-watchos/Orange\ Cloud\ Watch\ Watch\ App.app/de.lproj/Localizable.strings /Users/runner/work/orange-cloud/orange-cloud/orange-cloud/apps/ios/Orange\ Cloud/build/Build/Intermediates.noindex/Orange\ Cloud.build/Release-watchos/Orange\ Cloud\ Watch\ Watch\ App.build/de.lproj/Localizable.strings (in target 'Orange Cloud Watch Watch App' from project 'Orange Cloud')
    cd /Users/runner/work/orange-cloud/orange-cloud/orange-cloud/apps/ios/Orange\ Cloud
    builtin-copyStrings --validate --outputencoding binary --outfilename Localizable.strings --outdir /Users/runner/work/orange-cloud/orange-cloud/orange-cloud/apps/ios/Orange\ Cloud/build/Build/Products/Release-watchos/Orange\ Cloud\ Watch\ Watch\ App.app/de.lproj -- /Users/runner/work/orange-cloud/orange-cloud/orange-cloud/apps/ios/Orange\ Cloud/build/Build/Intermediates.noindex/Orange\ Cloud.build/Release-watchos/Orange\ Cloud\ Watch\ Watch\ App.build/de.lproj/Localizable.strings
/Users/runner/work/orange-cloud/orange-cloud/orange-cloud/apps/ios/Orange Cloud/build/Build/Intermediates.noindex/Orange Cloud.build/Release-watchos/Orange Cloud Watch Watch App.build/de.lproj/Localizable.strings:1:1: note: detected encoding of input file as Unicode (UTF-8) (in target 'Orange Cloud Watch Watch App' from project 'Orange Cloud')

CopyStringsFile /Users/runner/work/orange-cloud/orange-cloud/orange-cloud/apps/ios/Orange\ Cloud/build/Build/Products/Release-watchos/Orange\ Cloud\ Watch\ Watch\ App.app/ar.lproj/Localizable.strings /Users/runner/work/orange-cloud/orange-cloud/orange-cloud/apps/ios/Orange\ Cloud/build/Build/Intermediates.noindex/Orange\ Cloud.build/Release-watchos/Orange\ Cloud\ Watch\ Watch\ App.build/ar.lproj/Localizable.strings (in target 'Orange Cloud Watch Watch App' from project 'Orange Cloud')
    cd /Users/runner/work/orange-cloud/orange-cloud/orange-cloud/apps/ios/Orange\ Cloud
    builtin-copyStrings --validate --outputencoding binary --outfilename Localizable.strings --outdir /Users/runner/work/orange-cloud/orange-cloud/orange-cloud/apps/ios/Orange\ Cloud/build/Build/Products/Release-watchos/Orange\ Cloud\ Watch\ Watch\ App.app/ar.lproj -- /Users/runner/work/orange-cloud/orange-cloud/orange-cloud/apps/ios/Orange\ Cloud/build/Build/Intermediates.noindex/Orange\ Cloud.build/Release-watchos/Orange\ Cloud\ Watch\ Watch\ App.build/ar.lproj/Localizable.strings
/Users/runner/work/orange-cloud/orange-cloud/orange-cloud/apps/ios/Orange Cloud/build/Build/Intermediates.noindex/Orange Cloud.build/Release-watchos/Orange Cloud Watch Watch App.build/ar.lproj/Localizable.strings:1:1: note: detected encoding of input file as Unicode (UTF-8) (in target 'Orange Cloud Watch Watch App' from project 'Orange Cloud')

ExtractAppIntentsMetadata (in target 'Orange Cloud File' from project 'Orange Cloud')
    cd /Users/runner/work/orange-cloud/orange-cloud/orange-cloud/apps/ios/Orange\ Cloud
    /Applications/Xcode_26.6.app/Contents/Developer/Toolchains/XcodeDefault.xctoolchain/usr/bin/appintentsmetadataprocessor --toolchain-dir /var/run/com.apple.security.cryptexd/mnt/com.apple.MobileAsset.MetalToolchain-v17.6.109.0.1I2beg/Metal.xctoolchain --module-name Orange_Cloud_File --sdk-root /Applications/Xcode_26.6.app/Contents/Developer/Platforms/iPhoneOS.platform/Developer/SDKs/iPhoneOS26.5.sdk --xcode-version 17F113 --platform-family iOS --deployment-target 17.0 --bundle-identifier jiamin.chen.orange-cloud.Orange-Cloud-File --output /Users/runner/work/orange-cloud/orange-cloud/orange-cloud/apps/ios/Orange\ Cloud/build/Build/Products/Release-iphoneos/Orange\ Cloud\ File.appex --target-triple arm64-apple-ios17.0 --binary-file /Users/runner/work/orange-cloud/orange-cloud/orange-cloud/apps/ios/Orange\ Cloud/build/Build/Products/Release-iphoneos/Orange\ Cloud\ File.appex/Orange\ Cloud\ File --dependency-file /Users/runner/work/orange-cloud/orange-cloud/orange-cloud/apps/ios/Orange\ Cloud/build/Build/Intermediates.noindex/Orange\ Cloud.build/Release-iphoneos/Orange\ Cloud\ File.build/Objects-normal/arm64/Orange\ Cloud\ File_dependency_info.dat --stringsdata-file /Users/runner/work/orange-cloud/orange-cloud/orange-cloud/apps/ios/Orange\ Cloud/build/Build/Intermediates.noindex/Orange\ Cloud.build/Release-iphoneos/Orange\ Cloud\ File.build/Objects-normal/arm64/ExtractedAppShortcutsMetadata.stringsdata --source-file-list /Users/runner/work/orange-cloud/orange-cloud/orange-cloud/apps/ios/Orange\ Cloud/build/Build/Intermediates.noindex/Orange\ Cloud.build/Release-iphoneos/Orange\ Cloud\ File.build/Objects-normal/arm64/Orange\ Cloud\ File.SwiftFileList --metadata-file-list /Users/runner/work/orange-cloud/orange-cloud/orange-cloud/apps/ios/Orange\ Cloud/build/Build/Intermediates.noindex/Orange\ Cloud.build/Release-iphoneos/Orange\ Cloud\ File.build/Orange\ Cloud\ File.DependencyMetadataFileList --static-metadata-file-list /Users/runner/work/orange-cloud/orange-cloud/orange-cloud/apps/ios/Orange\ Cloud/build/Build/Intermediates.noindex/Orange\ Cloud.build/Release-iphoneos/Orange\ Cloud\ File.build/Orange\ Cloud\ File.DependencyStaticMetadataFileList --swift-const-vals-list /Users/runner/work/orange-cloud/orange-cloud/orange-cloud/apps/ios/Orange\ Cloud/build/Build/Intermediates.noindex/Orange\ Cloud.build/Release-iphoneos/Orange\ Cloud\ File.build/Objects-normal/arm64/Orange\ Cloud\ File.SwiftConstValuesFileList --compile-time-extraction --deployment-aware-processing --validate-assistant-intents --no-app-shortcuts-localization
2026-08-23 03:28:22.522 appintentsmetadataprocessor[5674:20497] Starting appintentsmetadataprocessor export
2026-08-23 03:28:22.523 appintentsmetadataprocessor[5674:20497] warning: Metadata extraction skipped. No AppIntents.framework dependency found.

AppIntentsSSUTraining (in target 'Orange Cloud File' from project 'Orange Cloud')
    cd /Users/runner/work/orange-cloud/orange-cloud/orange-cloud/apps/ios/Orange\ Cloud
    /Applications/Xcode_26.6.app/Contents/Developer/Toolchains/XcodeDefault.xctoolchain/usr/bin/appintentsnltrainingprocessor --infoplist-path /Users/runner/work/orange-cloud/orange-cloud/orange-cloud/apps/ios/Orange\ Cloud/build/Build/Products/Release-iphoneos/Orange\ Cloud\ File.appex/Info.plist --temp-dir-path /Users/runner/work/orange-cloud/orange-cloud/orange-cloud/apps/ios/Orange\ Cloud/build/Build/Intermediates.noindex/Orange\ Cloud.build/Release-iphoneos/Orange\ Cloud\ File.build/ssu --bundle-id jiamin.chen.orange-cloud.Orange-Cloud-File --product-path /Users/runner/work/orange-cloud/orange-cloud/orange-cloud/apps/ios/Orange\ Cloud/build/Build/Products/Release-iphoneos/Orange\ Cloud\ File.appex --extracted-metadata-path /Users/runner/work/orange-cloud/orange-cloud/orange-cloud/apps/ios/Orange\ Cloud/build/Build/Products/Release-iphoneos/Orange\ Cloud\ File.appex/Metadata.appintents --metadata-file-list /Users/runner/work/orange-cloud/orange-cloud/orange-cloud/apps/ios/Orange\ Cloud/build/Build/Intermediates.noindex/Orange\ Cloud.build/Release-iphoneos/Orange\ Cloud\ File.build/Orange\ Cloud\ File.DependencyMetadataFileList --source-file /Users/runner/work/orange-cloud/orange-cloud/orange-cloud/apps/ios/Orange\ Cloud/build/Build/Products/Release-iphoneos/Orange\ Cloud\ File.appex/Info.plist --archive-ssu-assets
2026-08-23 03:28:22.548 appintentsnltrainingprocessor[5675:20498] Parsing options for appintentsnltrainingprocessor
2026-08-23 03:28:22.548 appintentsnltrainingprocessor[5675:20498] Starting AppIntents SSU YAML Generation
2026-08-23 03:28:22.548 appintentsnltrainingprocessor[5675:20498] No AppShortcuts found - Skipping.

ExtractAppIntentsMetadata (in target 'Orange Cloud WatchExtension' from project 'Orange Cloud')
    cd /Users/runner/work/orange-cloud/orange-cloud/orange-cloud/apps/ios/Orange\ Cloud
    /Applications/Xcode_26.6.app/Contents/Developer/Toolchains/XcodeDefault.xctoolchain/usr/bin/appintentsmetadataprocessor --toolchain-dir /var/run/com.apple.security.cryptexd/mnt/com.apple.MobileAsset.MetalToolchain-v17.6.109.0.1I2beg/Metal.xctoolchain --module-name Orange_Cloud_WatchExtension --sdk-root /Applications/Xcode_26.6.app/Contents/Developer/Platforms/WatchOS.platform/Developer/SDKs/WatchOS26.5.sdk --xcode-version 17F113 --platform-family watchOS --deployment-target 10.6 --bundle-identifier jiamin.chen.orange-cloud.watchkitapp.wdigets --output /Users/runner/work/orange-cloud/orange-cloud/orange-cloud/apps/ios/Orange\ Cloud/build/Build/Products/Release-watchos/Orange\ Cloud\ WatchExtension.appex --target-triple arm64-apple-watchos10.6 --target-triple arm64_32-apple-watchos10.6 --binary-file /Users/runner/work/orange-cloud/orange-cloud/orange-cloud/apps/ios/Orange\ Cloud/build/Build/Products/Release-watchos/Orange\ Cloud\ WatchExtension.appex/Orange\ Cloud\ WatchExtension --dependency-file /Users/runner/work/orange-cloud/orange-cloud/orange-cloud/apps/ios/Orange\ Cloud/build/Build/Intermediates.noindex/Orange\ Cloud.build/Release-watchos/Orange\ Cloud\ WatchExtension.build/Objects-normal/arm64/Orange\ Cloud\ WatchExtension_dependency_info.dat --dependency-file /Users/runner/work/orange-cloud/orange-cloud/orange-cloud/apps/ios/Orange\ Cloud/build/Build/Intermediates.noindex/Orange\ Cloud.build/Release-watchos/Orange\ Cloud\ WatchExtension.build/Objects-normal/arm64_32/Orange\ Cloud\ WatchExtension_dependency_info.dat --stringsdata-file /Users/runner/work/orange-cloud/orange-cloud/orange-cloud/apps/ios/Orange\ Cloud/build/Build/Intermediates.noindex/Orange\ Cloud.build/Release-watchos/Orange\ Cloud\ WatchExtension.build/Objects-normal/arm64/ExtractedAppShortcutsMetadata.stringsdata --stringsdata-file /Users/runner/work/orange-cloud/orange-cloud/orange-cloud/apps/ios/Orange\ Cloud/build/Build/Intermediates.noindex/Orange\ Cloud.build/Release-watchos/Orange\ Cloud\ WatchExtension.build/Objects-normal/arm64_32/ExtractedAppShortcutsMetadata.stringsdata --source-file-list /Users/runner/work/orange-cloud/orange-cloud/orange-cloud/apps/ios/Orange\ Cloud/build/Build/Intermediates.noindex/Orange\ Cloud.build/Release-watchos/Orange\ Cloud\ WatchExtension.build/Objects-normal/arm64/Orange\ Cloud\ WatchExtension.SwiftFileList --source-file-list /Users/runner/work/orange-cloud/orange-cloud/orange-cloud/apps/ios/Orange\ Cloud/build/Build/Intermediates.noindex/Orange\ Cloud.build/Release-watchos/Orange\ Cloud\ WatchExtension.build/Objects-normal/arm64_32/Orange\ Cloud\ WatchExtension.SwiftFileList --metadata-file-list /Users/runner/work/orange-cloud/orange-cloud/orange-cloud/apps/ios/Orange\ Cloud/build/Build/Intermediates.noindex/Orange\ Cloud.build/Release-watchos/Orange\ Cloud\ WatchExtension.build/Orange\ Cloud\ WatchExtension.DependencyMetadataFileList --static-metadata-file-list /Users/runner/work/orange-cloud/orange-cloud/orange-cloud/apps/ios/Orange\ Cloud/build/Build/Intermediates.noindex/Orange\ Cloud.build/Release-watchos/Orange\ Cloud\ WatchExtension.build/Orange\ Cloud\ WatchExtension.DependencyStaticMetadataFileList --swift-const-vals-list /Users/runner/work/orange-cloud/orange-cloud/orange-cloud/apps/ios/Orange\ Cloud/build/Build/Intermediates.noindex/Orange\ Cloud.build/Release-watchos/Orange\ Cloud\ WatchExtension.build/Objects-normal/arm64/Orange\ Cloud\ WatchExtension.SwiftConstValuesFileList --swift-const-vals-list /Users/runner/work/orange-cloud/orange-cloud/orange-cloud/apps/ios/Orange\ Cloud/build/Build/Intermediates.noindex/Orange\ Cloud.build/Release-watchos/Orange\ Cloud\ WatchExtension.build/Objects-normal/arm64_32/Orange\ Cloud\ WatchExtension.SwiftConstValuesFileList --compile-time-extraction --deployment-aware-processing --validate-assistant-intents --no-app-shortcuts-localization
2026-08-23 03:28:22.568 appintentsmetadataprocessor[5676:20501] Starting appintentsmetadataprocessor export
2026-08-23 03:28:22.614 appintentsmetadataprocessor[5676:20501] Writing Metadata.appintents
2026-08-23 03:28:22.614 appintentsmetadataprocessor[5676:20501] Metadata root: /Users/runner/work/orange-cloud/orange-cloud/orange-cloud/apps/ios/Orange Cloud/build/Build/Products/Release-watchos/Orange Cloud WatchExtension.appex/Metadata.appintents

SwiftDriver Orange\ Cloud\ Watch\ Watch\ App normal arm64 com.apple.xcode.tools.swift.compiler (in target 'Orange Cloud Watch Watch App' from project 'Orange Cloud')
    cd /Users/runner/work/orange-cloud/orange-cloud/orange-cloud/apps/ios/Orange\ Cloud
    builtin-SwiftDriver -- /Applications/Xcode_26.6.app/Contents/Developer/Toolchains/XcodeDefault.xctoolchain/usr/bin/swiftc -module-name Orange_Cloud_Watch_Watch_App -O -whole-module-optimization @/Users/runner/work/orange-cloud/orange-cloud/orange-cloud/apps/ios/Orange\ Cloud/build/Build/Intermediates.noindex/Orange\ Cloud.build/Release-watchos/Orange\ Cloud\ Watch\ Watch\ App.build/Objects-normal/arm64/Orange\ Cloud\ Watch\ Watch\ App.SwiftFileList -DOPENSOURCE_UNLOCKED -D OPENSOURCE_UNLOCKED -default-isolation\=MainActor -enable-bare-slash-regex -enable-upcoming-feature DisableOutwardActorInference -enable-upcoming-feature InferSendableFromCaptures -enable-upcoming-feature GlobalActorIsolatedTypesUsability -enable-upcoming-feature MemberImportVisibility -enable-upcoming-feature InferIsolatedConformances -enable-upcoming-feature NonisolatedNonsendingByDefault -enable-experimental-feature DebugDescriptionMacro -sdk /Applications/Xcode_26.6.app/Contents/Developer/Platforms/WatchOS.platform/Developer/SDKs/WatchOS26.5.sdk -target arm64-apple-watchos10.6 -g -module-cache-path /Users/runner/work/orange-cloud/orange-cloud/orange-cloud/apps/ios/Orange\ Cloud/build/ModuleCache.noindex -Xfrontend -serialize-debugging-options -swift-version 5 -I /Users/runner/work/orange-cloud/orange-cloud/orange-cloud/apps/ios/Orange\ Cloud/build/Build/Products/Release-watchos -F /Users/runner/work/orange-cloud/orange-cloud/orange-cloud/apps/ios/Orange\ Cloud/build/Build/Products/Release-watchos -emit-localized-strings -emit-localized-strings-path /Users/runner/work/orange-cloud/orange-cloud/orange-cloud/apps/ios/Orange\ Cloud/build/Build/Intermediates.noindex/Orange\ Cloud.build/Release-watchos/Orange\ Cloud\ Watch\ Watch\ App.build/Objects-normal/arm64 -c -num-threads 3 -Xcc -ivfsstatcache -Xcc /Users/runner/work/orange-cloud/orange-cloud/orange-cloud/apps/ios/Orange\ Cloud/build/SDKStatCaches.noindex/watchos26.5-23T570-688ef53f1462e2c8f657fdc38a81448f6f39cd4ed9f891394c9a6a463e5c5cb7.sdkstatcache -output-file-map /Users/runner/work/orange-cloud/orange-cloud/orange-cloud/apps/ios/Orange\ Cloud/build/Build/Intermediates.noindex/Orange\ Cloud.build/Release-watchos/Orange\ Cloud\ Watch\ Watch\ App.build/Objects-normal/arm64/Orange\ Cloud\ Watch\ Watch\ App-OutputFileMap.json -use-frontend-parseable-output -save-temps -no-color-diagnostics -explicit-module-build -module-cache-path /Users/runner/work/orange-cloud/orange-cloud/orange-cloud/apps/ios/Orange\ Cloud/build/Build/Intermediates.noindex/SwiftExplicitPrecompiledModules -clang-scanner-module-cache-path /Users/runner/work/orange-cloud/orange-cloud/orange-cloud/apps/ios/Orange\ Cloud/build/ModuleCache.noindex -sdk-module-cache-path /Users/runner/work/orange-cloud/orange-cloud/orange-cloud/apps/ios/Orange\ Cloud/build/ModuleCache.noindex -serialize-diagnostics -emit-dependencies -emit-module -emit-module-path /Users/runner/work/orange-cloud/orange-cloud/orange-cloud/apps/ios/Orange\ Cloud/build/Build/Intermediates.noindex/Orange\ Cloud.build/Release-watchos/Orange\ Cloud\ Watch\ Watch\ App.build/Objects-normal/arm64/Orange_Cloud_Watch_Watch_App.swiftmodule -validate-clang-modules-once -clang-build-session-file /Users/runner/work/orange-cloud/orange-cloud/orange-cloud/apps/ios/Orange\ Cloud/build/ModuleCache.noindex/Session.modulevalidation -Xcc -I/Users/runner/work/orange-cloud/orange-cloud/orange-cloud/apps/ios/Orange\ Cloud/build/Build/Intermediates.noindex/Orange\ Cloud.build/Release-watchos/Orange\ Cloud\ Watch\ Watch\ App.build/swift-overrides.hmap -emit-const-values -Xfrontend -const-gather-protocols-file -Xfrontend /Users/runner/work/orange-cloud/orange-cloud/orange-cloud/apps/ios/Orange\ Cloud/build/Build/Intermediates.noindex/Orange\ Cloud.build/Release-watchos/Orange\ Cloud\ Watch\ Watch\ App.build/Objects-normal/arm64/Orange\ Cloud\ Watch\ Watch\ App_const_extract_protocols.json -Xcc -iquote -Xcc /Users/runner/work/orange-cloud/orange-cloud/orange-cloud/apps/ios/Orange\ Cloud/build/Build/Intermediates.noindex/Orange\ Cloud.build/Release-watchos/Orange\ Cloud\ Watch\ Watch\ App.build/Orange\ Cloud\ Watch\ Watch\ App-generated-files.hmap -Xcc -I/Users/runner/work/orange-cloud/orange-cloud/orange-cloud/apps/ios/Orange\ Cloud/build/Build/Intermediates.noindex/Orange\ Cloud.build/Release-watchos/Orange\ Cloud\ Watch\ Watch\ App.build/Orange\ Cloud\ Watch\ Watch\ App-own-target-headers.hmap -Xcc -I/Users/runner/work/orange-cloud/orange-cloud/orange-cloud/apps/ios/Orange\ Cloud/build/Build/Intermediates.noindex/Orange\ Cloud.build/Release-watchos/Orange\ Cloud\ Watch\ Watch\ App.build/Orange\ Cloud\ Watch\ Watch\ App-all-non-framework-target-headers.hmap -Xcc -ivfsoverlay -Xcc /Users/runner/work/orange-cloud/orange-cloud/orange-cloud/apps/ios/Orange\ Cloud/build/Build/Intermediates.noindex/Orange\ Cloud.build/Release-watchos/Orange\ Cloud-caa53a888f9e6677ffee03f20a1a9cdb-VFS-watchos/all-product-headers.yaml -Xcc -iquote -Xcc /Users/runner/work/orange-cloud/orange-cloud/orange-cloud/apps/ios/Orange\ Cloud/build/Build/Intermediates.noindex/Orange\ Cloud.build/Release-watchos/Orange\ Cloud\ Watch\ Watch\ App.build/Orange\ Cloud\ Watch\ Watch\ App-project-headers.hmap -Xcc -I/Users/runner/work/orange-cloud/orange-cloud/orange-cloud/apps/ios/Orange\ Cloud/build/Build/Products/Release-watchos/include -Xcc -I/Users/runner/work/orange-cloud/orange-cloud/orange-cloud/apps/ios/Orange\ Cloud/build/Build/Intermediates.noindex/Orange\ Cloud.build/Release-watchos/Orange\ Cloud\ Watch\ Watch\ App.build/DerivedSources-normal/arm64 -Xcc -I/Users/runner/work/orange-cloud/orange-cloud/orange-cloud/apps/ios/Orange\ Cloud/build/Build/Intermediates.noindex/Orange\ Cloud.build/Release-watchos/Orange\ Cloud\ Watch\ Watch\ App.build/DerivedSources/arm64 -Xcc -I/Users/runner/work/orange-cloud/orange-cloud/orange-cloud/apps/ios/Orange\ Cloud/build/Build/Intermediates.noindex/Orange\ Cloud.build/Release-watchos/Orange\ Cloud\ Watch\ Watch\ App.build/DerivedSources -emit-objc-header -emit-objc-header-path /Users/runner/work/orange-cloud/orange-cloud/orange-cloud/apps/ios/Orange\ Cloud/build/Build/Intermediates.noindex/Orange\ Cloud.build/Release-watchos/Orange\ Cloud\ Watch\ Watch\ App.build/Objects-normal/arm64/Orange_Cloud_Watch_Watch_App-Swift.h -working-directory /Users/runner/work/orange-cloud/orange-cloud/orange-cloud/apps/ios/Orange\ Cloud -no-emit-module-separately-wmo

SwiftDriver Orange\ Cloud\ Watch\ Watch\ App normal arm64_32 com.apple.xcode.tools.swift.compiler (in target 'Orange Cloud Watch Watch App' from project 'Orange Cloud')
    cd /Users/runner/work/orange-cloud/orange-cloud/orange-cloud/apps/ios/Orange\ Cloud
    builtin-SwiftDriver -- /Applications/Xcode_26.6.app/Contents/Developer/Toolchains/XcodeDefault.xctoolchain/usr/bin/swiftc -module-name Orange_Cloud_Watch_Watch_App -O -whole-module-optimization @/Users/runner/work/orange-cloud/orange-cloud/orange-cloud/apps/ios/Orange\ Cloud/build/Build/Intermediates.noindex/Orange\ Cloud.build/Release-watchos/Orange\ Cloud\ Watch\ Watch\ App.build/Objects-normal/arm64_32/Orange\ Cloud\ Watch\ Watch\ App.SwiftFileList -DOPENSOURCE_UNLOCKED -D OPENSOURCE_UNLOCKED -default-isolation\=MainActor -enable-bare-slash-regex -enable-upcoming-feature DisableOutwardActorInference -enable-upcoming-feature InferSendableFromCaptures -enable-upcoming-feature GlobalActorIsolatedTypesUsability -enable-upcoming-feature MemberImportVisibility -enable-upcoming-feature InferIsolatedConformances -enable-upcoming-feature NonisolatedNonsendingByDefault -enable-experimental-feature DebugDescriptionMacro -sdk /Applications/Xcode_26.6.app/Contents/Developer/Platforms/WatchOS.platform/Developer/SDKs/WatchOS26.5.sdk -target arm64_32-apple-watchos10.6 -g -module-cache-path /Users/runner/work/orange-cloud/orange-cloud/orange-cloud/apps/ios/Orange\ Cloud/build/ModuleCache.noindex -Xfrontend -serialize-debugging-options -swift-version 5 -I /Users/runner/work/orange-cloud/orange-cloud/orange-cloud/apps/ios/Orange\ Cloud/build/Build/Products/Release-watchos -F /Users/runner/work/orange-cloud/orange-cloud/orange-cloud/apps/ios/Orange\ Cloud/build/Build/Products/Release-watchos -emit-localized-strings -emit-localized-strings-path /Users/runner/work/orange-cloud/orange-cloud/orange-cloud/apps/ios/Orange\ Cloud/build/Build/Intermediates.noindex/Orange\ Cloud.build/Release-watchos/Orange\ Cloud\ Watch\ Watch\ App.build/Objects-normal/arm64_32 -c -num-threads 3 -Xcc -ivfsstatcache -Xcc /Users/runner/work/orange-cloud/orange-cloud/orange-cloud/apps/ios/Orange\ Cloud/build/SDKStatCaches.noindex/watchos26.5-23T570-688ef53f1462e2c8f657fdc38a81448f6f39cd4ed9f891394c9a6a463e5c5cb7.sdkstatcache -output-file-map /Users/runner/work/orange-cloud/orange-cloud/orange-cloud/apps/ios/Orange\ Cloud/build/Build/Intermediates.noindex/Orange\ Cloud.build/Release-watchos/Orange\ Cloud\ Watch\ Watch\ App.build/Objects-normal/arm64_32/Orange\ Cloud\ Watch\ Watch\ App-OutputFileMap.json -use-frontend-parseable-output -save-temps -no-color-diagnostics -explicit-module-build -module-cache-path /Users/runner/work/orange-cloud/orange-cloud/orange-cloud/apps/ios/Orange\ Cloud/build/Build/Intermediates.noindex/SwiftExplicitPrecompiledModules -clang-scanner-module-cache-path /Users/runner/work/orange-cloud/orange-cloud/orange-cloud/apps/ios/Orange\ Cloud/build/ModuleCache.noindex -sdk-module-cache-path /Users/runner/work/orange-cloud/orange-cloud/orange-cloud/apps/ios/Orange\ Cloud/build/ModuleCache.noindex -serialize-diagnostics -emit-dependencies -emit-module -emit-module-path /Users/runner/work/orange-cloud/orange-cloud/orange-cloud/apps/ios/Orange\ Cloud/build/Build/Intermediates.noindex/Orange\ Cloud.build/Release-watchos/Orange\ Cloud\ Watch\ Watch\ App.build/Objects-normal/arm64_32/Orange_Cloud_Watch_Watch_App.swiftmodule -validate-clang-modules-once -clang-build-session-file /Users/runner/work/orange-cloud/orange-cloud/orange-cloud/apps/ios/Orange\ Cloud/build/ModuleCache.noindex/Session.modulevalidation -Xcc -I/Users/runner/work/orange-cloud/orange-cloud/orange-cloud/apps/ios/Orange\ Cloud/build/Build/Intermediates.noindex/Orange\ Cloud.build/Release-watchos/Orange\ Cloud\ Watch\ Watch\ App.build/swift-overrides.hmap -emit-const-values -Xfrontend -const-gather-protocols-file -Xfrontend /Users/runner/work/orange-cloud/orange-cloud/orange-cloud/apps/ios/Orange\ Cloud/build/Build/Intermediates.noindex/Orange\ Cloud.build/Release-watchos/Orange\ Cloud\ Watch\ Watch\ App.build/Objects-normal/arm64_32/Orange\ Cloud\ Watch\ Watch\ App_const_extract_protocols.json -Xcc -iquote -Xcc /Users/runner/work/orange-cloud/orange-cloud/orange-cloud/apps/ios/Orange\ Cloud/build/Build/Intermediates.noindex/Orange\ Cloud.build/Release-watchos/Orange\ Cloud\ Watch\ Watch\ App.build/Orange\ Cloud\ Watch\ Watch\ App-generated-files.hmap -Xcc -I/Users/runner/work/orange-cloud/orange-cloud/orange-cloud/apps/ios/Orange\ Cloud/build/Build/Intermediates.noindex/Orange\ Cloud.build/Release-watchos/Orange\ Cloud\ Watch\ Watch\ App.build/Orange\ Cloud\ Watch\ Watch\ App-own-target-headers.hmap -Xcc -I/Users/runner/work/orange-cloud/orange-cloud/orange-cloud/apps/ios/Orange\ Cloud/build/Build/Intermediates.noindex/Orange\ Cloud.build/Release-watchos/Orange\ Cloud\ Watch\ Watch\ App.build/Orange\ Cloud\ Watch\ Watch\ App-all-non-framework-target-headers.hmap -Xcc -ivfsoverlay -Xcc /Users/runner/work/orange-cloud/orange-cloud/orange-cloud/apps/ios/Orange\ Cloud/build/Build/Intermediates.noindex/Orange\ Cloud.build/Release-watchos/Orange\ Cloud-caa53a888f9e6677ffee03f20a1a9cdb-VFS-watchos/all-product-headers.yaml -Xcc -iquote -Xcc /Users/runner/work/orange-cloud/orange-cloud/orange-cloud/apps/ios/Orange\ Cloud/build/Build/Intermediates.noindex/Orange\ Cloud.build/Release-watchos/Orange\ Cloud\ Watch\ Watch\ App.build/Orange\ Cloud\ Watch\ Watch\ App-project-headers.hmap -Xcc -I/Users/runner/work/orange-cloud/orange-cloud/orange-cloud/apps/ios/Orange\ Cloud/build/Build/Products/Release-watchos/include -Xcc -I/Users/runner/work/orange-cloud/orange-cloud/orange-cloud/apps/ios/Orange\ Cloud/build/Build/Intermediates.noindex/Orange\ Cloud.build/Release-watchos/Orange\ Cloud\ Watch\ Watch\ App.build/DerivedSources-normal/arm64_32 -Xcc -I/Users/runner/work/orange-cloud/orange-cloud/orange-cloud/apps/ios/Orange\ Cloud/build/Build/Intermediates.noindex/Orange\ Cloud.build/Release-watchos/Orange\ Cloud\ Watch\ Watch\ App.build/DerivedSources/arm64_32 -Xcc -I/Users/runner/work/orange-cloud/orange-cloud/orange-cloud/apps/ios/Orange\ Cloud/build/Build/Intermediates.noindex/Orange\ Cloud.build/Release-watchos/Orange\ Cloud\ Watch\ Watch\ App.build/DerivedSources -emit-objc-header -emit-objc-header-path /Users/runner/work/orange-cloud/orange-cloud/orange-cloud/apps/ios/Orange\ Cloud/build/Build/Intermediates.noindex/Orange\ Cloud.build/Release-watchos/Orange\ Cloud\ Watch\ Watch\ App.build/Objects-normal/arm64_32/Orange_Cloud_Watch_Watch_App-Swift.h -working-directory /Users/runner/work/orange-cloud/orange-cloud/orange-cloud/apps/ios/Orange\ Cloud -no-emit-module-separately-wmo

SwiftExplicitDependencyGeneratePcm arm64 /Users/runner/work/orange-cloud/orange-cloud/orange-cloud/apps/ios/Orange\ Cloud/build/ModuleCache.noindex/_Builtin_float-4TFO1D5SW3I4ZTZQ95SXJ5NHU.pcm

SwiftExplicitDependencyGeneratePcm arm64_32 /Users/runner/work/orange-cloud/orange-cloud/orange-cloud/apps/ios/Orange\ Cloud/build/ModuleCache.noindex/SwiftShims-1D4MHNOL81PQATMO5MEI44PI2.pcm

SwiftExplicitDependencyGeneratePcm arm64_32 /Users/runner/work/orange-cloud/orange-cloud/orange-cloud/apps/ios/Orange\ Cloud/build/ModuleCache.noindex/_Builtin_stdarg-12W2QMXXY2PLX73RFIB1Q6D2A.pcm

SwiftExplicitDependencyGeneratePcm arm64_32 /Users/runner/work/orange-cloud/orange-cloud/orange-cloud/apps/ios/Orange\ Cloud/build/ModuleCache.noindex/_Builtin_stdbool-BFSE7U2ZVV9VK5QCNITGQ71J6.pcm

SwiftExplicitDependencyGeneratePcm arm64 /Users/runner/work/orange-cloud/orange-cloud/orange-cloud/apps/ios/Orange\ Cloud/build/ModuleCache.noindex/ptrauth-E98OAZPNHD1P5Z6J1KTG8YHYV.pcm

SwiftExplicitDependencyGeneratePcm arm64 /Users/runner/work/orange-cloud/orange-cloud/orange-cloud/apps/ios/Orange\ Cloud/build/ModuleCache.noindex/_Builtin_stdarg-5LEEA5Q57WFRI8EV5F3YA98GB.pcm

SwiftExplicitDependencyGeneratePcm arm64 /Users/runner/work/orange-cloud/orange-cloud/orange-cloud/apps/ios/Orange\ Cloud/build/ModuleCache.noindex/ptrcheck-4FN8PPF5PPL0P19G584BIW08P.pcm

SwiftExplicitDependencyGeneratePcm arm64 /Users/runner/work/orange-cloud/orange-cloud/orange-cloud/apps/ios/Orange\ Cloud/build/ModuleCache.noindex/_Builtin_stdbool-8LUDQLYVKOPRLMI7X8FNVW4OV.pcm

SwiftExplicitDependencyGeneratePcm arm64_32 /Users/runner/work/orange-cloud/orange-cloud/orange-cloud/apps/ios/Orange\ Cloud/build/ModuleCache.noindex/_Builtin_float-4DA0D740WRH7AEFY77YPLMOTE.pcm

SwiftExplicitDependencyGeneratePcm arm64_32 /Users/runner/work/orange-cloud/orange-cloud/orange-cloud/apps/ios/Orange\ Cloud/build/ModuleCache.noindex/_Builtin_stddef-2VYYWMQ4FYJYEKYX078GRLD4V.pcm

SwiftExplicitDependencyGeneratePcm arm64 /Users/runner/work/orange-cloud/orange-cloud/orange-cloud/apps/ios/Orange\ Cloud/build/ModuleCache.noindex/_Builtin_stddef-9BRZ8UYS1RH4Z4RY860G2D5EA.pcm

SwiftExplicitDependencyGeneratePcm arm64 /Users/runner/work/orange-cloud/orange-cloud/orange-cloud/apps/ios/Orange\ Cloud/build/ModuleCache.noindex/_SwiftConcurrencyShims-4M943WHY1578RCAZJYTQI7KSI.pcm

SwiftExplicitDependencyGeneratePcm arm64 /Users/runner/work/orange-cloud/orange-cloud/orange-cloud/apps/ios/Orange\ Cloud/build/ModuleCache.noindex/DeveloperToolsSupport-ADO5022CKHNEBHH3CQUEERGGA.pcm

SwiftExplicitDependencyGeneratePcm arm64_32 /Users/runner/work/orange-cloud/orange-cloud/orange-cloud/apps/ios/Orange\ Cloud/build/ModuleCache.noindex/ptrauth-2J4DAP1N5ILBIG70A69NMQNQJ.pcm

SwiftExplicitDependencyGeneratePcm arm64_32 /Users/runner/work/orange-cloud/orange-cloud/orange-cloud/apps/ios/Orange\ Cloud/build/ModuleCache.noindex/ptrcheck-CXMQ3SP9Z6MI82OJMOOQKZYUS.pcm

SwiftExplicitDependencyGeneratePcm arm64 /Users/runner/work/orange-cloud/orange-cloud/orange-cloud/apps/ios/Orange\ Cloud/build/ModuleCache.noindex/_AvailabilityInternal-1QB3E1XSFPWUDO2UGBGRLUB4B.pcm

SwiftExplicitDependencyGeneratePcm arm64 /Users/runner/work/orange-cloud/orange-cloud/orange-cloud/apps/ios/Orange\ Cloud/build/ModuleCache.noindex/SwiftShims-3LHJH14CZQJGOSYL2QST3OPNO.pcm

SwiftExplicitDependencyGeneratePcm arm64 /Users/runner/work/orange-cloud/orange-cloud/orange-cloud/apps/ios/Orange\ Cloud/build/ModuleCache.noindex/_DarwinFoundation1-6NSBNSTLH601NM48U5P050HVE.pcm

SwiftExplicitDependencyGeneratePcm arm64_32 /Users/runner/work/orange-cloud/orange-cloud/orange-cloud/apps/ios/Orange\ Cloud/build/ModuleCache.noindex/DeveloperToolsSupport-ETB9SQCIDAZ25EF87G69AGIOR.pcm

SwiftExplicitDependencyGeneratePcm arm64 /Users/runner/work/orange-cloud/orange-cloud/orange-cloud/apps/ios/Orange\ Cloud/build/ModuleCache.noindex/_Builtin_limits-F32SH5URTUBSGHWOG2WXWUZMX.pcm

SwiftExplicitDependencyGeneratePcm arm64 /Users/runner/work/orange-cloud/orange-cloud/orange-cloud/apps/ios/Orange\ Cloud/build/ModuleCache.noindex/ExtensionFoundation-9XA3PC2O9U2KTE2ASQVN1I3H3.pcm

SwiftExplicitDependencyGeneratePcm arm64 /Users/runner/work/orange-cloud/orange-cloud/orange-cloud/apps/ios/Orange\ Cloud/build/ModuleCache.noindex/_DarwinFoundation2-8ICBWYNN4240N0PPX75PO9V65.pcm

SwiftExplicitDependencyGeneratePcm arm64_32 /Users/runner/work/orange-cloud/orange-cloud/orange-cloud/apps/ios/Orange\ Cloud/build/ModuleCache.noindex/_SwiftConcurrencyShims-B8VPXSQSI5HZZM4V0JXNPWS8J.pcm

SwiftExplicitDependencyGeneratePcm arm64 /Users/runner/work/orange-cloud/orange-cloud/orange-cloud/apps/ios/Orange\ Cloud/build/ModuleCache.noindex/sys_types-A9X9U2MDOD7A3HAO368R2USIT.pcm

SwiftExplicitDependencyGeneratePcm arm64 /Users/runner/work/orange-cloud/orange-cloud/orange-cloud/apps/ios/Orange\ Cloud/build/ModuleCache.noindex/_Builtin_tgmath-DQ3SBTVQ97TPNBCYH9S025ETZ.pcm

SwiftExplicitDependencyGeneratePcm arm64_32 /Users/runner/work/orange-cloud/orange-cloud/orange-cloud/apps/ios/Orange\ Cloud/build/ModuleCache.noindex/_AvailabilityInternal-D804M8MJSDSBP5ECAA5RAQE0.pcm

SwiftExplicitDependencyGeneratePcm arm64 /Users/runner/work/orange-cloud/orange-cloud/orange-cloud/apps/ios/Orange\ Cloud/build/ModuleCache.noindex/_Builtin_stdint-C6LF6FOF7UVY7HO4K09G4CVOP.pcm

SwiftExplicitDependencyGeneratePcm arm64_32 /Users/runner/work/orange-cloud/orange-cloud/orange-cloud/apps/ios/Orange\ Cloud/build/ModuleCache.noindex/_DarwinFoundation1-3UOQAENB57LL2KO5AI0WLYJ8C.pcm

SwiftExplicitDependencyGeneratePcm arm64 /Users/runner/work/orange-cloud/orange-cloud/orange-cloud/apps/ios/Orange\ Cloud/build/ModuleCache.noindex/_DarwinFoundation3-CUCBUIE5Z74M5VPZ3EOP4QGOH.pcm

SwiftExplicitDependencyGeneratePcm arm64_32 /Users/runner/work/orange-cloud/orange-cloud/orange-cloud/apps/ios/Orange\ Cloud/build/ModuleCache.noindex/_Builtin_limits-AJKEDUTIENP7F9KGGM3EA5348.pcm

SwiftExplicitDependencyGeneratePcm arm64 /Users/runner/work/orange-cloud/orange-cloud/orange-cloud/apps/ios/Orange\ Cloud/build/ModuleCache.noindex/_Builtin_inttypes-6V464ROC79QL8M61GSI0E0L3L.pcm

SwiftExplicitDependencyGeneratePcm arm64_32 /Users/runner/work/orange-cloud/orange-cloud/orange-cloud/apps/ios/Orange\ Cloud/build/ModuleCache.noindex/ExtensionFoundation-7UBJTHJ6363QHQ9Q3ODN9WXVB.pcm

SwiftExplicitDependencyGeneratePcm arm64 /Users/runner/work/orange-cloud/orange-cloud/orange-cloud/apps/ios/Orange\ Cloud/build/ModuleCache.noindex/_Builtin_intrinsics-ATEXZDXYB0PV2HT0FT87NQBTT.pcm

SwiftExplicitDependencyGeneratePcm arm64 /Users/runner/work/orange-cloud/orange-cloud/orange-cloud/apps/ios/Orange\ Cloud/build/ModuleCache.noindex/Darwin-3FLE87MYTUW6OMR0BE9LZN5MB.pcm

SwiftExplicitDependencyGeneratePcm arm64 /Users/runner/work/orange-cloud/orange-cloud/orange-cloud/apps/ios/Orange\ Cloud/build/ModuleCache.noindex/simd-6BCEX2GJ8Y9KA9Y3MB5IKWY5G.pcm

SwiftExplicitDependencyGeneratePcm arm64 /Users/runner/work/orange-cloud/orange-cloud/orange-cloud/apps/ios/Orange\ Cloud/build/ModuleCache.noindex/ObjectiveC-1OV4V8P40FEY7CXT31MTR6YJB.pcm

SwiftExplicitDependencyGeneratePcm arm64 /Users/runner/work/orange-cloud/orange-cloud/orange-cloud/apps/ios/Orange\ Cloud/build/ModuleCache.noindex/MachO-85R8WGI8D0SONQ84RA7UIC5ZF.pcm

SwiftExplicitDependencyGeneratePcm arm64 /Users/runner/work/orange-cloud/orange-cloud/orange-cloud/apps/ios/Orange\ Cloud/build/ModuleCache.noindex/os_object-1LY8YB9ZW48UKJBQI5DO3KUP6.pcm

SwiftExplicitDependencyGeneratePcm arm64 /Users/runner/work/orange-cloud/orange-cloud/orange-cloud/apps/ios/Orange\ Cloud/build/ModuleCache.noindex/_Builtin_stdatomic-19540CRYZKU9N3Z5ULOXZW4M2.pcm

SwiftExplicitDependencyGeneratePcm arm64 /Users/runner/work/orange-cloud/orange-cloud/orange-cloud/apps/ios/Orange\ Cloud/build/ModuleCache.noindex/os_workgroup-3LOF6LCJA8H9NUC94D1XOTEH1.pcm

SwiftExplicitDependencyGeneratePcm arm64_32 /Users/runner/work/orange-cloud/orange-cloud/orange-cloud/apps/ios/Orange\ Cloud/build/ModuleCache.noindex/_DarwinFoundation2-45PE0KB93G4K7POFC8MH27NTC.pcm

SwiftExplicitDependencyGeneratePcm arm64 /Users/runner/work/orange-cloud/orange-cloud/orange-cloud/apps/ios/Orange\ Cloud/build/ModuleCache.noindex/Dispatch-4ORTKCS7EUW3SF487SRN3RU4N.pcm

SwiftExplicitDependencyGeneratePcm arm64 /Users/runner/work/orange-cloud/orange-cloud/orange-cloud/apps/ios/Orange\ Cloud/build/ModuleCache.noindex/Spatial-WA3VYJ8KEZYT3S68JTFGS4OB.pcm

SwiftExplicitDependencyGeneratePcm arm64_32 /Users/runner/work/orange-cloud/orange-cloud/orange-cloud/apps/ios/Orange\ Cloud/build/ModuleCache.noindex/_Builtin_tgmath-DS16MXP748ODCAZ5QN6JG3AL5.pcm

SwiftExplicitDependencyGeneratePcm arm64 /Users/runner/work/orange-cloud/orange-cloud/orange-cloud/apps/ios/Orange\ Cloud/build/ModuleCache.noindex/XPC-EQCYNNQGPS4JH2BCGBJL4GINJ.pcm

SwiftExplicitDependencyGeneratePcm arm64_32 /Users/runner/work/orange-cloud/orange-cloud/orange-cloud/apps/ios/Orange\ Cloud/build/ModuleCache.noindex/sys_types-BOJ19SH5IDRFGPOCDPI4GMHM6.pcm

SwiftExplicitDependencyGeneratePcm arm64_32 /Users/runner/work/orange-cloud/orange-cloud/orange-cloud/apps/ios/Orange\ Cloud/build/ModuleCache.noindex/_Builtin_stdint-290FI51EQNOFVBG7NS1ML0Z2V.pcm

SwiftExplicitDependencyGeneratePcm arm64 /Users/runner/work/orange-cloud/orange-cloud/orange-cloud/apps/ios/Orange\ Cloud/build/ModuleCache.noindex/CoreFoundation-361X3OJWHXO4ADI2WTV8O97AM.pcm

SwiftExplicitDependencyGeneratePcm arm64 /Users/runner/work/orange-cloud/orange-cloud/orange-cloud/apps/ios/Orange\ Cloud/build/ModuleCache.noindex/os-8BBRSV8IKRA3HZ0Y3TSGYFZRZ.pcm

SwiftExplicitDependencyGeneratePcm arm64_32 /Users/runner/work/orange-cloud/orange-cloud/orange-cloud/apps/ios/Orange\ Cloud/build/ModuleCache.noindex/_Builtin_intrinsics-61OEN5WW0YYR7D1IRD5J9HC72.pcm

SwiftDriverJobDiscovery normal arm64 Compiling BillingCycle.swift, OrangeCloudControlWidget.swift, OrangeCloudWidgetsBundle.swift, TailLiveActivityWidget.swift, UsageFetcher.swift, UsageWidget.swift, WidgetAccessory.swift, WidgetDaybreak.swift, WidgetFetcher.swift, ZoneStatusWidget.swift, ZoneWidgets.swift, ByteFormat.swift, DayBoundary.swift, FileProviderDomainID.swift, SharedAuth.swift, SkyPhase.swift, TailActivityAttributes.swift, Theme.swift, WatchBridgePayload.swift, WidgetConfigIntents.swift, WidgetSnapshot.swift, GeneratedStringSymbols_Localizable.swift (in target 'OrangeCloudWidgetsExtension' from project 'Orange Cloud')

SwiftDriver\ Compilation\ Requirements OrangeCloudWidgetsExtension normal arm64 com.apple.xcode.tools.swift.compiler (in target 'OrangeCloudWidgetsExtension' from project 'Orange Cloud')
    cd /Users/runner/work/orange-cloud/orange-cloud/orange-cloud/apps/ios/Orange\ Cloud
    builtin-Swift-Compilation-Requirements -- /Applications/Xcode_26.6.app/Contents/Developer/Toolchains/XcodeDefault.xctoolchain/usr/bin/swiftc -module-name OrangeCloudWidgetsExtension -O -whole-module-optimization @/Users/runner/work/orange-cloud/orange-cloud/orange-cloud/apps/ios/Orange\ Cloud/build/Build/Intermediates.noindex/Orange\ Cloud.build/Release-iphoneos/OrangeCloudWidgetsExtension.build/Objects-normal/arm64/OrangeCloudWidgetsExtension.SwiftFileList -DOPENSOURCE_UNLOCKED -D OPENSOURCE_UNLOCKED -default-isolation\=MainActor -enable-bare-slash-regex -enable-upcoming-feature DisableOutwardActorInference -enable-upcoming-feature InferSendableFromCaptures -enable-upcoming-feature GlobalActorIsolatedTypesUsability -enable-upcoming-feature MemberImportVisibility -enable-upcoming-feature InferIsolatedConformances -enable-upcoming-feature NonisolatedNonsendingByDefault -enable-experimental-feature DebugDescriptionMacro -sdk /Applications/Xcode_26.6.app/Contents/Developer/Platforms/iPhoneOS.platform/Developer/SDKs/iPhoneOS26.5.sdk -target arm64-apple-ios17.0 -g -module-cache-path /Users/runner/work/orange-cloud/orange-cloud/orange-cloud/apps/ios/Orange\ Cloud/build/ModuleCache.noindex -Xfrontend -serialize-debugging-options -application-extension -swift-version 5 -I /Users/runner/work/orange-cloud/orange-cloud/orange-cloud/apps/ios/Orange\ Cloud/build/Build/Products/Release-iphoneos -F /Users/runner/work/orange-cloud/orange-cloud/orange-cloud/apps/ios/Orange\ Cloud/build/Build/Products/Release-iphoneos -emit-localized-strings -emit-localized-strings-path /Users/runner/work/orange-cloud/orange-cloud/orange-cloud/apps/ios/Orange\ Cloud/build/Build/Intermediates.noindex/Orange\ Cloud.build/Release-iphoneos/OrangeCloudWidgetsExtension.build/Objects-normal/arm64 -c -num-threads 3 -Xcc -ivfsstatcache -Xcc /Users/runner/work/orange-cloud/orange-cloud/orange-cloud/apps/ios/Orange\ Cloud/build/SDKStatCaches.noindex/iphoneos26.5-23F81a-688ef53f1462e2c8f657fdc38a81448fee66e23052a0157c865c76b268046726.sdkstatcache -output-file-map /Users/runner/work/orange-cloud/orange-cloud/orange-cloud/apps/ios/Orange\ Cloud/build/Build/Intermediates.noindex/Orange\ Cloud.build/Release-iphoneos/OrangeCloudWidgetsExtension.build/Objects-normal/arm64/OrangeCloudWidgetsExtension-OutputFileMap.json -use-frontend-parseable-output -save-temps -no-color-diagnostics -explicit-module-build -module-cache-path /Users/runner/work/orange-cloud/orange-cloud/orange-cloud/apps/ios/Orange\ Cloud/build/Build/Intermediates.noindex/SwiftExplicitPrecompiledModules -clang-scanner-module-cache-path /Users/runner/work/orange-cloud/orange-cloud/orange-cloud/apps/ios/Orange\ Cloud/build/ModuleCache.noindex -sdk-module-cache-path /Users/runner/work/orange-cloud/orange-cloud/orange-cloud/apps/ios/Orange\ Cloud/build/ModuleCache.noindex -serialize-diagnostics -emit-dependencies -emit-module -emit-module-path /Users/runner/work/orange-cloud/orange-cloud/orange-cloud/apps/ios/Orange\ Cloud/build/Build/Intermediates.noindex/Orange\ Cloud.build/Release-iphoneos/OrangeCloudWidgetsExtension.build/Objects-normal/arm64/OrangeCloudWidgetsExtension.swiftmodule -validate-clang-modules-once -clang-build-session-file /Users/runner/work/orange-cloud/orange-cloud/orange-cloud/apps/ios/Orange\ Cloud/build/ModuleCache.noindex/Session.modulevalidation -Xcc -I/Users/runner/work/orange-cloud/orange-cloud/orange-cloud/apps/ios/Orange\ Cloud/build/Build/Intermediates.noindex/Orange\ Cloud.build/Release-iphoneos/OrangeCloudWidgetsExtension.build/swift-overrides.hmap -emit-const-values -Xfrontend -const-gather-protocols-file -Xfrontend /Users/runner/work/orange-cloud/orange-cloud/orange-cloud/apps/ios/Orange\ Cloud/build/Build/Intermediates.noindex/Orange\ Cloud.build/Release-iphoneos/OrangeCloudWidgetsExtension.build/Objects-normal/arm64/OrangeCloudWidgetsExtension_const_extract_protocols.json -Xcc -iquote -Xcc /Users/runner/work/orange-cloud/orange-cloud/orange-cloud/apps/ios/Orange\ Cloud/build/Build/Intermediates.noindex/Orange\ Cloud.build/Release-iphoneos/OrangeCloudWidgetsExtension.build/OrangeCloudWidgetsExtension-generated-files.hmap -Xcc -I/Users/runner/work/orange-cloud/orange-cloud/orange-cloud/apps/ios/Orange\ Cloud/build/Build/Intermediates.noindex/Orange\ Cloud.build/Release-iphoneos/OrangeCloudWidgetsExtension.build/OrangeCloudWidgetsExtension-own-target-headers.hmap -Xcc -I/Users/runner/work/orange-cloud/orange-cloud/orange-cloud/apps/ios/Orange\ Cloud/build/Build/Intermediates.noindex/Orange\ Cloud.build/Release-iphoneos/OrangeCloudWidgetsExtension.build/OrangeCloudWidgetsExtension-all-non-framework-target-headers.hmap -Xcc -ivfsoverlay -Xcc /Users/runner/work/orange-cloud/orange-cloud/orange-cloud/apps/ios/Orange\ Cloud/build/Build/Intermediates.noindex/Orange\ Cloud.build/Release-iphoneos/Orange\ Cloud-caa53a888f9e6677ffee03f20a1a9cdb-VFS-iphoneos/all-product-headers.yaml -Xcc -iquote -Xcc /Users/runner/work/orange-cloud/orange-cloud/orange-cloud/apps/ios/Orange\ Cloud/build/Build/Intermediates.noindex/Orange\ Cloud.build/Release-iphoneos/OrangeCloudWidgetsExtension.build/OrangeCloudWidgetsExtension-project-headers.hmap -Xcc -I/Users/runner/work/orange-cloud/orange-cloud/orange-cloud/apps/ios/Orange\ Cloud/build/Build/Products/Release-iphoneos/include -Xcc -I/Users/runner/work/orange-cloud/orange-cloud/orange-cloud/apps/ios/Orange\ Cloud/build/Build/Intermediates.noindex/Orange\ Cloud.build/Release-iphoneos/OrangeCloudWidgetsExtension.build/DerivedSources-normal/arm64 -Xcc -I/Users/runner/work/orange-cloud/orange-cloud/orange-cloud/apps/ios/Orange\ Cloud/build/Build/Intermediates.noindex/Orange\ Cloud.build/Release-iphoneos/OrangeCloudWidgetsExtension.build/DerivedSources/arm64 -Xcc -I/Users/runner/work/orange-cloud/orange-cloud/orange-cloud/apps/ios/Orange\ Cloud/build/Build/Intermediates.noindex/Orange\ Cloud.build/Release-iphoneos/OrangeCloudWidgetsExtension.build/DerivedSources -emit-objc-header -emit-objc-header-path /Users/runner/work/orange-cloud/orange-cloud/orange-cloud/apps/ios/Orange\ Cloud/build/Build/Intermediates.noindex/Orange\ Cloud.build/Release-iphoneos/OrangeCloudWidgetsExtension.build/Objects-normal/arm64/OrangeCloudWidgetsExtension-Swift.h -working-directory /Users/runner/work/orange-cloud/orange-cloud/orange-cloud/apps/ios/Orange\ Cloud -no-emit-module-separately-wmo

SwiftExplicitDependencyGeneratePcm arm64 /Users/runner/work/orange-cloud/orange-cloud/orange-cloud/apps/ios/Orange\ Cloud/build/ModuleCache.noindex/CoreGraphics-34688NY8PYLIOF7EXU9D0W2PD.pcm

SwiftExplicitDependencyGeneratePcm arm64_32 /Users/runner/work/orange-cloud/orange-cloud/orange-cloud/apps/ios/Orange\ Cloud/build/ModuleCache.noindex/_DarwinFoundation3-2D77DIS6QRGILD8A0ZDJT5EVS.pcm

SwiftMergeGeneratedHeaders /Users/runner/work/orange-cloud/orange-cloud/orange-cloud/apps/ios/Orange\ Cloud/build/Build/Intermediates.noindex/Orange\ Cloud.build/Release-iphoneos/OrangeCloudWidgetsExtension.build/DerivedSources/OrangeCloudWidgetsExtension-Swift.h /Users/runner/work/orange-cloud/orange-cloud/orange-cloud/apps/ios/Orange\ Cloud/build/Build/Intermediates.noindex/Orange\ Cloud.build/Release-iphoneos/OrangeCloudWidgetsExtension.build/Objects-normal/arm64/OrangeCloudWidgetsExtension-Swift.h (in target 'OrangeCloudWidgetsExtension' from project 'Orange Cloud')
    cd /Users/runner/work/orange-cloud/orange-cloud/orange-cloud/apps/ios/Orange\ Cloud
    builtin-swiftHeaderTool -arch arm64 /Users/runner/work/orange-cloud/orange-cloud/orange-cloud/apps/ios/Orange\ Cloud/build/Build/Intermediates.noindex/Orange\ Cloud.build/Release-iphoneos/OrangeCloudWidgetsExtension.build/Objects-normal/arm64/OrangeCloudWidgetsExtension-Swift.h -o /Users/runner/work/orange-cloud/orange-cloud/orange-cloud/apps/ios/Orange\ Cloud/build/Build/Intermediates.noindex/Orange\ Cloud.build/Release-iphoneos/OrangeCloudWidgetsExtension.build/DerivedSources/OrangeCloudWidgetsExtension-Swift.h

Copy /Users/runner/work/orange-cloud/orange-cloud/orange-cloud/apps/ios/Orange\ Cloud/build/Build/Products/Release-iphoneos/OrangeCloudWidgetsExtension.swiftmodule/arm64-apple-ios.swiftmodule /Users/runner/work/orange-cloud/orange-cloud/orange-cloud/apps/ios/Orange\ Cloud/build/Build/Intermediates.noindex/Orange\ Cloud.build/Release-iphoneos/OrangeCloudWidgetsExtension.build/Objects-normal/arm64/OrangeCloudWidgetsExtension.swiftmodule (in target 'OrangeCloudWidgetsExtension' from project 'Orange Cloud')
    cd /Users/runner/work/orange-cloud/orange-cloud/orange-cloud/apps/ios/Orange\ Cloud
    builtin-copy -exclude .DS_Store -exclude CVS -exclude .svn -exclude .git -exclude .hg -resolve-src-symlinks -rename /Users/runner/work/orange-cloud/orange-cloud/orange-cloud/apps/ios/Orange\ Cloud/build/Build/Intermediates.noindex/Orange\ Cloud.build/Release-iphoneos/OrangeCloudWidgetsExtension.build/Objects-normal/arm64/OrangeCloudWidgetsExtension.swiftmodule /Users/runner/work/orange-cloud/orange-cloud/orange-cloud/apps/ios/Orange\ Cloud/build/Build/Products/Release-iphoneos/OrangeCloudWidgetsExtension.swiftmodule/arm64-apple-ios.swiftmodule

Copy /Users/runner/work/orange-cloud/orange-cloud/orange-cloud/apps/ios/Orange\ Cloud/build/Build/Products/Release-iphoneos/OrangeCloudWidgetsExtension.swiftmodule/arm64-apple-ios.swiftdoc /Users/runner/work/orange-cloud/orange-cloud/orange-cloud/apps/ios/Orange\ Cloud/build/Build/Intermediates.noindex/Orange\ Cloud.build/Release-iphoneos/OrangeCloudWidgetsExtension.build/Objects-normal/arm64/OrangeCloudWidgetsExtension.swiftdoc (in target 'OrangeCloudWidgetsExtension' from project 'Orange Cloud')
    cd /Users/runner/work/orange-cloud/orange-cloud/orange-cloud/apps/ios/Orange\ Cloud
    builtin-copy -exclude .DS_Store -exclude CVS -exclude .svn -exclude .git -exclude .hg -resolve-src-symlinks -rename /Users/runner/work/orange-cloud/orange-cloud/orange-cloud/apps/ios/Orange\ Cloud/build/Build/Intermediates.noindex/Orange\ Cloud.build/Release-iphoneos/OrangeCloudWidgetsExtension.build/Objects-normal/arm64/OrangeCloudWidgetsExtension.swiftdoc /Users/runner/work/orange-cloud/orange-cloud/orange-cloud/apps/ios/Orange\ Cloud/build/Build/Products/Release-iphoneos/OrangeCloudWidgetsExtension.swiftmodule/arm64-apple-ios.swiftdoc

Copy /Users/runner/work/orange-cloud/orange-cloud/orange-cloud/apps/ios/Orange\ Cloud/build/Build/Products/Release-iphoneos/OrangeCloudWidgetsExtension.swiftmodule/arm64-apple-ios.abi.json /Users/runner/work/orange-cloud/orange-cloud/orange-cloud/apps/ios/Orange\ Cloud/build/Build/Intermediates.noindex/Orange\ Cloud.build/Release-iphoneos/OrangeCloudWidgetsExtension.build/Objects-normal/arm64/OrangeCloudWidgetsExtension.abi.json (in target 'OrangeCloudWidgetsExtension' from project 'Orange Cloud')
    cd /Users/runner/work/orange-cloud/orange-cloud/orange-cloud/apps/ios/Orange\ Cloud
    builtin-copy -exclude .DS_Store -exclude CVS -exclude .svn -exclude .git -exclude .hg -resolve-src-symlinks -rename /Users/runner/work/orange-cloud/orange-cloud/orange-cloud/apps/ios/Orange\ Cloud/build/Build/Intermediates.noindex/Orange\ Cloud.build/Release-iphoneos/OrangeCloudWidgetsExtension.build/Objects-normal/arm64/OrangeCloudWidgetsExtension.abi.json /Users/runner/work/orange-cloud/orange-cloud/orange-cloud/apps/ios/Orange\ Cloud/build/Build/Products/Release-iphoneos/OrangeCloudWidgetsExtension.swiftmodule/arm64-apple-ios.abi.json

Copy /Users/runner/work/orange-cloud/orange-cloud/orange-cloud/apps/ios/Orange\ Cloud/build/Build/Products/Release-iphoneos/OrangeCloudWidgetsExtension.swiftmodule/Project/arm64-apple-ios.swiftsourceinfo /Users/runner/work/orange-cloud/orange-cloud/orange-cloud/apps/ios/Orange\ Cloud/build/Build/Intermediates.noindex/Orange\ Cloud.build/Release-iphoneos/OrangeCloudWidgetsExtension.build/Objects-normal/arm64/OrangeCloudWidgetsExtension.swiftsourceinfo (in target 'OrangeCloudWidgetsExtension' from project 'Orange Cloud')
    cd /Users/runner/work/orange-cloud/orange-cloud/orange-cloud/apps/ios/Orange\ Cloud
    builtin-copy -exclude .DS_Store -exclude CVS -exclude .svn -exclude .git -exclude .hg -resolve-src-symlinks -rename /Users/runner/work/orange-cloud/orange-cloud/orange-cloud/apps/ios/Orange\ Cloud/build/Build/Intermediates.noindex/Orange\ Cloud.build/Release-iphoneos/OrangeCloudWidgetsExtension.build/Objects-normal/arm64/OrangeCloudWidgetsExtension.swiftsourceinfo /Users/runner/work/orange-cloud/orange-cloud/orange-cloud/apps/ios/Orange\ Cloud/build/Build/Products/Release-iphoneos/OrangeCloudWidgetsExtension.swiftmodule/Project/arm64-apple-ios.swiftsourceinfo

SwiftExplicitDependencyGeneratePcm arm64_32 /Users/runner/work/orange-cloud/orange-cloud/orange-cloud/apps/ios/Orange\ Cloud/build/ModuleCache.noindex/_Builtin_inttypes-L5BWW86H2W1QEZTVRZQJBZZW.pcm

SwiftExplicitDependencyGeneratePcm arm64 /Users/runner/work/orange-cloud/orange-cloud/orange-cloud/apps/ios/Orange\ Cloud/build/ModuleCache.noindex/dnssd-52LUW1GW52I542HYFH88RQRS5.pcm

SwiftExplicitDependencyGeneratePcm arm64 /Users/runner/work/orange-cloud/orange-cloud/orange-cloud/apps/ios/Orange\ Cloud/build/ModuleCache.noindex/CoreText-9WYCFFHUC8S02B5Q9J8MB62GV.pcm

SwiftExplicitDependencyGeneratePcm arm64_32 /Users/runner/work/orange-cloud/orange-cloud/orange-cloud/apps/ios/Orange\ Cloud/build/ModuleCache.noindex/Darwin-6Z5FWG919W4O2SQELZQOIVUFQ.pcm

SwiftExplicitDependencyGeneratePcm arm64 /Users/runner/work/orange-cloud/orange-cloud/orange-cloud/apps/ios/Orange\ Cloud/build/ModuleCache.noindex/CoreVideo-ALFQM1Z28GFXXWUV1EK99PWYV.pcm

SwiftExplicitDependencyGeneratePcm arm64_32 /Users/runner/work/orange-cloud/orange-cloud/orange-cloud/apps/ios/Orange\ Cloud/build/ModuleCache.noindex/_Builtin_stdatomic-3A49398K1SBFP61YLW8JI4DPZ.pcm

SwiftExplicitDependencyGeneratePcm arm64 /Users/runner/work/orange-cloud/orange-cloud/orange-cloud/apps/ios/Orange\ Cloud/build/ModuleCache.noindex/Security-544RNJJFEF0EVANRRQM1TW0AL.pcm

SwiftExplicitDependencyGeneratePcm arm64_32 /Users/runner/work/orange-cloud/orange-cloud/orange-cloud/apps/ios/Orange\ Cloud/build/ModuleCache.noindex/simd-9SP95JMY0CJQG7D1NASUZHKF6.pcm

SwiftExplicitDependencyGeneratePcm arm64 /Users/runner/work/orange-cloud/orange-cloud/orange-cloud/apps/ios/Orange\ Cloud/build/ModuleCache.noindex/Foundation-4IKRF92EX6IVUPN4EUU61W537.pcm

SwiftExplicitDependencyGeneratePcm arm64_32 /Users/runner/work/orange-cloud/orange-cloud/orange-cloud/apps/ios/Orange\ Cloud/build/ModuleCache.noindex/MachO-F4ZGDGE7R9D11COSSW270PB0T.pcm

SwiftExplicitDependencyGeneratePcm arm64_32 /Users/runner/work/orange-cloud/orange-cloud/orange-cloud/apps/ios/Orange\ Cloud/build/ModuleCache.noindex/ObjectiveC-EPKD79LWQX9QULATZD8BBSMOO.pcm

SwiftExplicitDependencyGeneratePcm arm64_32 /Users/runner/work/orange-cloud/orange-cloud/orange-cloud/apps/ios/Orange\ Cloud/build/ModuleCache.noindex/os_object-7SS4BZPP93DZX72D70X3VQ1MA.pcm

SwiftExplicitDependencyGeneratePcm arm64_32 /Users/runner/work/orange-cloud/orange-cloud/orange-cloud/apps/ios/Orange\ Cloud/build/ModuleCache.noindex/os_workgroup-6KQDB30MSOI7O9C9JE5V2S3N2.pcm

SwiftDriver\ Compilation Orange\ Cloud\ Watch\ Watch\ App normal arm64_32 com.apple.xcode.tools.swift.compiler (in target 'Orange Cloud Watch Watch App' from project 'Orange Cloud')
    cd /Users/runner/work/orange-cloud/orange-cloud/orange-cloud/apps/ios/Orange\ Cloud
    builtin-Swift-Compilation -- /Applications/Xcode_26.6.app/Contents/Developer/Toolchains/XcodeDefault.xctoolchain/usr/bin/swiftc -module-name Orange_Cloud_Watch_Watch_App -O -whole-module-optimization @/Users/runner/work/orange-cloud/orange-cloud/orange-cloud/apps/ios/Orange\ Cloud/build/Build/Intermediates.noindex/Orange\ Cloud.build/Release-watchos/Orange\ Cloud\ Watch\ Watch\ App.build/Objects-normal/arm64_32/Orange\ Cloud\ Watch\ Watch\ App.SwiftFileList -DOPENSOURCE_UNLOCKED -D OPENSOURCE_UNLOCKED -default-isolation\=MainActor -enable-bare-slash-regex -enable-upcoming-feature DisableOutwardActorInference -enable-upcoming-feature InferSendableFromCaptures -enable-upcoming-feature GlobalActorIsolatedTypesUsability -enable-upcoming-feature MemberImportVisibility -enable-upcoming-feature InferIsolatedConformances -enable-upcoming-feature NonisolatedNonsendingByDefault -enable-experimental-feature DebugDescriptionMacro -sdk /Applications/Xcode_26.6.app/Contents/Developer/Platforms/WatchOS.platform/Developer/SDKs/WatchOS26.5.sdk -target arm64_32-apple-watchos10.6 -g -module-cache-path /Users/runner/work/orange-cloud/orange-cloud/orange-cloud/apps/ios/Orange\ Cloud/build/ModuleCache.noindex -Xfrontend -serialize-debugging-options -swift-version 5 -I /Users/runner/work/orange-cloud/orange-cloud/orange-cloud/apps/ios/Orange\ Cloud/build/Build/Products/Release-watchos -F /Users/runner/work/orange-cloud/orange-cloud/orange-cloud/apps/ios/Orange\ Cloud/build/Build/Products/Release-watchos -emit-localized-strings -emit-localized-strings-path /Users/runner/work/orange-cloud/orange-cloud/orange-cloud/apps/ios/Orange\ Cloud/build/Build/Intermediates.noindex/Orange\ Cloud.build/Release-watchos/Orange\ Cloud\ Watch\ Watch\ App.build/Objects-normal/arm64_32 -c -num-threads 3 -Xcc -ivfsstatcache -Xcc /Users/runner/work/orange-cloud/orange-cloud/orange-cloud/apps/ios/Orange\ Cloud/build/SDKStatCaches.noindex/watchos26.5-23T570-688ef53f1462e2c8f657fdc38a81448f6f39cd4ed9f891394c9a6a463e5c5cb7.sdkstatcache -output-file-map /Users/runner/work/orange-cloud/orange-cloud/orange-cloud/apps/ios/Orange\ Cloud/build/Build/Intermediates.noindex/Orange\ Cloud.build/Release-watchos/Orange\ Cloud\ Watch\ Watch\ App.build/Objects-normal/arm64_32/Orange\ Cloud\ Watch\ Watch\ App-OutputFileMap.json -use-frontend-parseable-output -save-temps -no-color-diagnostics -explicit-module-build -module-cache-path /Users/runner/work/orange-cloud/orange-cloud/orange-cloud/apps/ios/Orange\ Cloud/build/Build/Intermediates.noindex/SwiftExplicitPrecompiledModules -clang-scanner-module-cache-path /Users/runner/work/orange-cloud/orange-cloud/orange-cloud/apps/ios/Orange\ Cloud/build/ModuleCache.noindex -sdk-module-cache-path /Users/runner/work/orange-cloud/orange-cloud/orange-cloud/apps/ios/Orange\ Cloud/build/ModuleCache.noindex -serialize-diagnostics -emit-dependencies -emit-module -emit-module-path /Users/runner/work/orange-cloud/orange-cloud/orange-cloud/apps/ios/Orange\ Cloud/build/Build/Intermediates.noindex/Orange\ Cloud.build/Release-watchos/Orange\ Cloud\ Watch\ Watch\ App.build/Objects-normal/arm64_32/Orange_Cloud_Watch_Watch_App.swiftmodule -validate-clang-modules-once -clang-build-session-file /Users/runner/work/orange-cloud/orange-cloud/orange-cloud/apps/ios/Orange\ Cloud/build/ModuleCache.noindex/Session.modulevalidation -Xcc -I/Users/runner/work/orange-cloud/orange-cloud/orange-cloud/apps/ios/Orange\ Cloud/build/Build/Intermediates.noindex/Orange\ Cloud.build/Release-watchos/Orange\ Cloud\ Watch\ Watch\ App.build/swift-overrides.hmap -emit-const-values -Xfrontend -const-gather-protocols-file -Xfrontend /Users/runner/work/orange-cloud/orange-cloud/orange-cloud/apps/ios/Orange\ Cloud/build/Build/Intermediates.noindex/Orange\ Cloud.build/Release-watchos/Orange\ Cloud\ Watch\ Watch\ App.build/Objects-normal/arm64_32/Orange\ Cloud\ Watch\ Watch\ App_const_extract_protocols.json -Xcc -iquote -Xcc /Users/runner/work/orange-cloud/orange-cloud/orange-cloud/apps/ios/Orange\ Cloud/build/Build/Intermediates.noindex/Orange\ Cloud.build/Release-watchos/Orange\ Cloud\ Watch\ Watch\ App.build/Orange\ Cloud\ Watch\ Watch\ App-generated-files.hmap -Xcc -I/Users/runner/work/orange-cloud/orange-cloud/orange-cloud/apps/ios/Orange\ Cloud/build/Build/Intermediates.noindex/Orange\ Cloud.build/Release-watchos/Orange\ Cloud\ Watch\ Watch\ App.build/Orange\ Cloud\ Watch\ Watch\ App-own-target-headers.hmap -Xcc -I/Users/runner/work/orange-cloud/orange-cloud/orange-cloud/apps/ios/Orange\ Cloud/build/Build/Intermediates.noindex/Orange\ Cloud.build/Release-watchos/Orange\ Cloud\ Watch\ Watch\ App.build/Orange\ Cloud\ Watch\ Watch\ App-all-non-framework-target-headers.hmap -Xcc -ivfsoverlay -Xcc /Users/runner/work/orange-cloud/orange-cloud/orange-cloud/apps/ios/Orange\ Cloud/build/Build/Intermediates.noindex/Orange\ Cloud.build/Release-watchos/Orange\ Cloud-caa53a888f9e6677ffee03f20a1a9cdb-VFS-watchos/all-product-headers.yaml -Xcc -iquote -Xcc /Users/runner/work/orange-cloud/orange-cloud/orange-cloud/apps/ios/Orange\ Cloud/build/Build/Intermediates.noindex/Orange\ Cloud.build/Release-watchos/Orange\ Cloud\ Watch\ Watch\ App.build/Orange\ Cloud\ Watch\ Watch\ App-project-headers.hmap -Xcc -I/Users/runner/work/orange-cloud/orange-cloud/orange-cloud/apps/ios/Orange\ Cloud/build/Build/Products/Release-watchos/include -Xcc -I/Users/runner/work/orange-cloud/orange-cloud/orange-cloud/apps/ios/Orange\ Cloud/build/Build/Intermediates.noindex/Orange\ Cloud.build/Release-watchos/Orange\ Cloud\ Watch\ Watch\ App.build/DerivedSources-normal/arm64_32 -Xcc -I/Users/runner/work/orange-cloud/orange-cloud/orange-cloud/apps/ios/Orange\ Cloud/build/Build/Intermediates.noindex/Orange\ Cloud.build/Release-watchos/Orange\ Cloud\ Watch\ Watch\ App.build/DerivedSources/arm64_32 -Xcc -I/Users/runner/work/orange-cloud/orange-cloud/orange-cloud/apps/ios/Orange\ Cloud/build/Build/Intermediates.noindex/Orange\ Cloud.build/Release-watchos/Orange\ Cloud\ Watch\ Watch\ App.build/DerivedSources -emit-objc-header -emit-objc-header-path /Users/runner/work/orange-cloud/orange-cloud/orange-cloud/apps/ios/Orange\ Cloud/build/Build/Intermediates.noindex/Orange\ Cloud.build/Release-watchos/Orange\ Cloud\ Watch\ Watch\ App.build/Objects-normal/arm64_32/Orange_Cloud_Watch_Watch_App-Swift.h -working-directory /Users/runner/work/orange-cloud/orange-cloud/orange-cloud/apps/ios/Orange\ Cloud -no-emit-module-separately-wmo

SwiftExplicitDependencyGeneratePcm arm64_32 /Users/runner/work/orange-cloud/orange-cloud/orange-cloud/apps/ios/Orange\ Cloud/build/ModuleCache.noindex/Dispatch-5N3UXMRAJ5KZCKGJ2YI4UX0M.pcm

SwiftDriver\ Compilation Orange\ Cloud\ Watch\ Watch\ App normal arm64 com.apple.xcode.tools.swift.compiler (in target 'Orange Cloud Watch Watch App' from project 'Orange Cloud')
    cd /Users/runner/work/orange-cloud/orange-cloud/orange-cloud/apps/ios/Orange\ Cloud
    builtin-Swift-Compilation -- /Applications/Xcode_26.6.app/Contents/Developer/Toolchains/XcodeDefault.xctoolchain/usr/bin/swiftc -module-name Orange_Cloud_Watch_Watch_App -O -whole-module-optimization @/Users/runner/work/orange-cloud/orange-cloud/orange-cloud/apps/ios/Orange\ Cloud/build/Build/Intermediates.noindex/Orange\ Cloud.build/Release-watchos/Orange\ Cloud\ Watch\ Watch\ App.build/Objects-normal/arm64/Orange\ Cloud\ Watch\ Watch\ App.SwiftFileList -DOPENSOURCE_UNLOCKED -D OPENSOURCE_UNLOCKED -default-isolation\=MainActor -enable-bare-slash-regex -enable-upcoming-feature DisableOutwardActorInference -enable-upcoming-feature InferSendableFromCaptures -enable-upcoming-feature GlobalActorIsolatedTypesUsability -enable-upcoming-feature MemberImportVisibility -enable-upcoming-feature InferIsolatedConformances -enable-upcoming-feature NonisolatedNonsendingByDefault -enable-experimental-feature DebugDescriptionMacro -sdk /Applications/Xcode_26.6.app/Contents/Developer/Platforms/WatchOS.platform/Developer/SDKs/WatchOS26.5.sdk -target arm64-apple-watchos10.6 -g -module-cache-path /Users/runner/work/orange-cloud/orange-cloud/orange-cloud/apps/ios/Orange\ Cloud/build/ModuleCache.noindex -Xfrontend -serialize-debugging-options -swift-version 5 -I /Users/runner/work/orange-cloud/orange-cloud/orange-cloud/apps/ios/Orange\ Cloud/build/Build/Products/Release-watchos -F /Users/runner/work/orange-cloud/orange-cloud/orange-cloud/apps/ios/Orange\ Cloud/build/Build/Products/Release-watchos -emit-localized-strings -emit-localized-strings-path /Users/runner/work/orange-cloud/orange-cloud/orange-cloud/apps/ios/Orange\ Cloud/build/Build/Intermediates.noindex/Orange\ Cloud.build/Release-watchos/Orange\ Cloud\ Watch\ Watch\ App.build/Objects-normal/arm64 -c -num-threads 3 -Xcc -ivfsstatcache -Xcc /Users/runner/work/orange-cloud/orange-cloud/orange-cloud/apps/ios/Orange\ Cloud/build/SDKStatCaches.noindex/watchos26.5-23T570-688ef53f1462e2c8f657fdc38a81448f6f39cd4ed9f891394c9a6a463e5c5cb7.sdkstatcache -output-file-map /Users/runner/work/orange-cloud/orange-cloud/orange-cloud/apps/ios/Orange\ Cloud/build/Build/Intermediates.noindex/Orange\ Cloud.build/Release-watchos/Orange\ Cloud\ Watch\ Watch\ App.build/Objects-normal/arm64/Orange\ Cloud\ Watch\ Watch\ App-OutputFileMap.json -use-frontend-parseable-output -save-temps -no-color-diagnostics -explicit-module-build -module-cache-path /Users/runner/work/orange-cloud/orange-cloud/orange-cloud/apps/ios/Orange\ Cloud/build/Build/Intermediates.noindex/SwiftExplicitPrecompiledModules -clang-scanner-module-cache-path /Users/runner/work/orange-cloud/orange-cloud/orange-cloud/apps/ios/Orange\ Cloud/build/ModuleCache.noindex -sdk-module-cache-path /Users/runner/work/orange-cloud/orange-cloud/orange-cloud/apps/ios/Orange\ Cloud/build/ModuleCache.noindex -serialize-diagnostics -emit-dependencies -emit-module -emit-module-path /Users/runner/work/orange-cloud/orange-cloud/orange-cloud/apps/ios/Orange\ Cloud/build/Build/Intermediates.noindex/Orange\ Cloud.build/Release-watchos/Orange\ Cloud\ Watch\ Watch\ App.build/Objects-normal/arm64/Orange_Cloud_Watch_Watch_App.swiftmodule -validate-clang-modules-once -clang-build-session-file /Users/runner/work/orange-cloud/orange-cloud/orange-cloud/apps/ios/Orange\ Cloud/build/ModuleCache.noindex/Session.modulevalidation -Xcc -I/Users/runner/work/orange-cloud/orange-cloud/orange-cloud/apps/ios/Orange\ Cloud/build/Build/Intermediates.noindex/Orange\ Cloud.build/Release-watchos/Orange\ Cloud\ Watch\ Watch\ App.build/swift-overrides.hmap -emit-const-values -Xfrontend -const-gather-protocols-file -Xfrontend /Users/runner/work/orange-cloud/orange-cloud/orange-cloud/apps/ios/Orange\ Cloud/build/Build/Intermediates.noindex/Orange\ Cloud.build/Release-watchos/Orange\ Cloud\ Watch\ Watch\ App.build/Objects-normal/arm64/Orange\ Cloud\ Watch\ Watch\ App_const_extract_protocols.json -Xcc -iquote -Xcc /Users/runner/work/orange-cloud/orange-cloud/orange-cloud/apps/ios/Orange\ Cloud/build/Build/Intermediates.noindex/Orange\ Cloud.build/Release-watchos/Orange\ Cloud\ Watch\ Watch\ App.build/Orange\ Cloud\ Watch\ Watch\ App-generated-files.hmap -Xcc -I/Users/runner/work/orange-cloud/orange-cloud/orange-cloud/apps/ios/Orange\ Cloud/build/Build/Intermediates.noindex/Orange\ Cloud.build/Release-watchos/Orange\ Cloud\ Watch\ Watch\ App.build/Orange\ Cloud\ Watch\ Watch\ App-own-target-headers.hmap -Xcc -I/Users/runner/work/orange-cloud/orange-cloud/orange-cloud/apps/ios/Orange\ Cloud/build/Build/Intermediates.noindex/Orange\ Cloud.build/Release-watchos/Orange\ Cloud\ Watch\ Watch\ App.build/Orange\ Cloud\ Watch\ Watch\ App-all-non-framework-target-headers.hmap -Xcc -ivfsoverlay -Xcc /Users/runner/work/orange-cloud/orange-cloud/orange-cloud/apps/ios/Orange\ Cloud/build/Build/Intermediates.noindex/Orange\ Cloud.build/Release-watchos/Orange\ Cloud-caa53a888f9e6677ffee03f20a1a9cdb-VFS-watchos/all-product-headers.yaml -Xcc -iquote -Xcc /Users/runner/work/orange-cloud/orange-cloud/orange-cloud/apps/ios/Orange\ Cloud/build/Build/Intermediates.noindex/Orange\ Cloud.build/Release-watchos/Orange\ Cloud\ Watch\ Watch\ App.build/Orange\ Cloud\ Watch\ Watch\ App-project-headers.hmap -Xcc -I/Users/runner/work/orange-cloud/orange-cloud/orange-cloud/apps/ios/Orange\ Cloud/build/Build/Products/Release-watchos/include -Xcc -I/Users/runner/work/orange-cloud/orange-cloud/orange-cloud/apps/ios/Orange\ Cloud/build/Build/Intermediates.noindex/Orange\ Cloud.build/Release-watchos/Orange\ Cloud\ Watch\ Watch\ App.build/DerivedSources-normal/arm64 -Xcc -I/Users/runner/work/orange-cloud/orange-cloud/orange-cloud/apps/ios/Orange\ Cloud/build/Build/Intermediates.noindex/Orange\ Cloud.build/Release-watchos/Orange\ Cloud\ Watch\ Watch\ App.build/DerivedSources/arm64 -Xcc -I/Users/runner/work/orange-cloud/orange-cloud/orange-cloud/apps/ios/Orange\ Cloud/build/Build/Intermediates.noindex/Orange\ Cloud.build/Release-watchos/Orange\ Cloud\ Watch\ Watch\ App.build/DerivedSources -emit-objc-header -emit-objc-header-path /Users/runner/work/orange-cloud/orange-cloud/orange-cloud/apps/ios/Orange\ Cloud/build/Build/Intermediates.noindex/Orange\ Cloud.build/Release-watchos/Orange\ Cloud\ Watch\ Watch\ App.build/Objects-normal/arm64/Orange_Cloud_Watch_Watch_App-Swift.h -working-directory /Users/runner/work/orange-cloud/orange-cloud/orange-cloud/apps/ios/Orange\ Cloud -no-emit-module-separately-wmo

SwiftExplicitDependencyGeneratePcm arm64_32 /Users/runner/work/orange-cloud/orange-cloud/orange-cloud/apps/ios/Orange\ Cloud/build/ModuleCache.noindex/dnssd-BQHZ7A901O9HV9YU66Q4J5X3L.pcm

SwiftExplicitDependencyGeneratePcm arm64_32 /Users/runner/work/orange-cloud/orange-cloud/orange-cloud/apps/ios/Orange\ Cloud/build/ModuleCache.noindex/XPC-B4Q1NU4DHUX39E34D56G9WUSL.pcm

SwiftExplicitDependencyGeneratePcm arm64 /Users/runner/work/orange-cloud/orange-cloud/orange-cloud/apps/ios/Orange\ Cloud/build/ModuleCache.noindex/UniformTypeIdentifiers-7MV7QLPY6DXCD4BS0I3SB5SQT.pcm

SwiftExplicitDependencyGeneratePcm arm64 /Users/runner/work/orange-cloud/orange-cloud/orange-cloud/apps/ios/Orange\ Cloud/build/ModuleCache.noindex/DataDetection-8B5ZLIPPY75K9XC4PYBOKKFD7.pcm

SwiftExplicitDependencyGeneratePcm arm64 /Users/runner/work/orange-cloud/orange-cloud/orange-cloud/apps/ios/Orange\ Cloud/build/ModuleCache.noindex/UserNotifications-16Z8ZHJOLHDUTUT3NZZ5C48Z3.pcm

SwiftExplicitDependencyGeneratePcm arm64 /Users/runner/work/orange-cloud/orange-cloud/orange-cloud/apps/ios/Orange\ Cloud/build/ModuleCache.noindex/CoreData-9BZJLM1CVIDYT88470FR146UU.pcm

SwiftExplicitDependencyGeneratePcm arm64 /Users/runner/work/orange-cloud/orange-cloud/orange-cloud/apps/ios/Orange\ Cloud/build/ModuleCache.noindex/OSLog-C1HQW23ZLK8OAD6T3GKKXSYTI.pcm

SwiftExplicitDependencyGeneratePcm arm64_32 /Users/runner/work/orange-cloud/orange-cloud/orange-cloud/apps/ios/Orange\ Cloud/build/ModuleCache.noindex/Spatial-8KVXL64ITNN6163Z016FRF5PA.pcm

SwiftExplicitDependencyGeneratePcm arm64 /Users/runner/work/orange-cloud/orange-cloud/orange-cloud/apps/ios/Orange\ Cloud/build/ModuleCache.noindex/CoreTransferable-9SSW241W5MAAMM7MWYYXW0JFV.pcm

SwiftExplicitDependencyGeneratePcm arm64 /Users/runner/work/orange-cloud/orange-cloud/orange-cloud/apps/ios/Orange\ Cloud/build/ModuleCache.noindex/Symbols-4N25YHJAVIL4C83LJ97YVCK1U.pcm

SwiftExplicitDependencyGeneratePcm arm64 /Users/runner/work/orange-cloud/orange-cloud/orange-cloud/apps/ios/Orange\ Cloud/build/ModuleCache.noindex/RelevanceKit-3H6OB5BWFDIGJPHW9JRS44PGP.pcm

SwiftExplicitDependencyGeneratePcm arm64 /Users/runner/work/orange-cloud/orange-cloud/orange-cloud/apps/ios/Orange\ Cloud/build/ModuleCache.noindex/SceneKit-6JY2G2YY8SLUZISC2EOWGHU80.pcm

SwiftExplicitDependencyGeneratePcm arm64_32 /Users/runner/work/orange-cloud/orange-cloud/orange-cloud/apps/ios/Orange\ Cloud/build/ModuleCache.noindex/CoreFoundation-7ZVB8WRH21HS8KJ8ZZ2O97P7S.pcm

SwiftExplicitDependencyGeneratePcm arm64 /Users/runner/work/orange-cloud/orange-cloud/orange-cloud/apps/ios/Orange\ Cloud/build/ModuleCache.noindex/QuartzCore-ATGEMVJ985SRGD0ON05508KCT.pcm

SwiftExplicitDependencyGeneratePcm arm64 /Users/runner/work/orange-cloud/orange-cloud/orange-cloud/apps/ios/Orange\ Cloud/build/ModuleCache.noindex/_LocationEssentials-20SAMILPGHR32VFFMH278WWMK.pcm

SwiftExplicitDependencyGeneratePcm arm64 /Users/runner/work/orange-cloud/orange-cloud/orange-cloud/apps/ios/Orange\ Cloud/build/ModuleCache.noindex/AppIntents-1ZS7O9BR7CAX89UDRPFEVORUW.pcm

SwiftExplicitDependencyGeneratePcm arm64_32 /Users/runner/work/orange-cloud/orange-cloud/orange-cloud/apps/ios/Orange\ Cloud/build/ModuleCache.noindex/Security-BHLQH3Q7X7WBUETWSF6SWO0OH.pcm

SwiftExplicitDependencyGeneratePcm arm64 /Users/runner/work/orange-cloud/orange-cloud/orange-cloud/apps/ios/Orange\ Cloud/build/ModuleCache.noindex/CoreLocation-5PJ1MC8L0XXXEENPCPA3F20LR.pcm

SwiftExplicitDependencyGeneratePcm arm64_32 /Users/runner/work/orange-cloud/orange-cloud/orange-cloud/apps/ios/Orange\ Cloud/build/ModuleCache.noindex/CoreGraphics-1N279AO3TI0YY2PYSGDX20GWV.pcm

SwiftExplicitDependencyGeneratePcm arm64 /Users/runner/work/orange-cloud/orange-cloud/orange-cloud/apps/ios/Orange\ Cloud/build/ModuleCache.noindex/SwiftUICore-66TQKGG5260LW5TWEHSJI1QH4.pcm

SwiftExplicitDependencyGeneratePcm arm64 /Users/runner/work/orange-cloud/orange-cloud/orange-cloud/apps/ios/Orange\ Cloud/build/ModuleCache.noindex/Network-527GKP9D7IJFFERVZEGVC2TRH.pcm

SwiftExplicitDependencyGeneratePcm arm64 /Users/runner/work/orange-cloud/orange-cloud/orange-cloud/apps/ios/Orange\ Cloud/build/ModuleCache.noindex/Intents-BSH5DZC0L9BAZAHWFQ0EALP8W.pcm

SwiftExplicitDependencyGeneratePcm arm64 /Users/runner/work/orange-cloud/orange-cloud/orange-cloud/apps/ios/Orange\ Cloud/build/ModuleCache.noindex/UIUtilities-3B5I3DX6XA0VJM787LDCHQ8RM.pcm

SwiftExplicitDependencyGeneratePcm arm64_32 /Users/runner/work/orange-cloud/orange-cloud/orange-cloud/apps/ios/Orange\ Cloud/build/ModuleCache.noindex/CoreVideo-4FJ89ANC758BB62D7GSUPA54K.pcm

SwiftExplicitDependencyGeneratePcm arm64_32 /Users/runner/work/orange-cloud/orange-cloud/orange-cloud/apps/ios/Orange\ Cloud/build/ModuleCache.noindex/CoreText-1071V52WOZE1KYD2B4FMKUXAB.pcm

SwiftExplicitDependencyGeneratePcm arm64 /Users/runner/work/orange-cloud/orange-cloud/orange-cloud/apps/ios/Orange\ Cloud/build/ModuleCache.noindex/UIKit-BTSRWUIHGD9LB6WUT3958GKO0.pcm

SwiftExplicitDependencyGeneratePcm arm64 /Users/runner/work/orange-cloud/orange-cloud/orange-cloud/apps/ios/Orange\ Cloud/build/ModuleCache.noindex/WidgetKit-2BTS7393KHOJRHP1ZFUM5O7PP.pcm

SwiftExplicitDependencyGeneratePcm arm64 /Users/runner/work/orange-cloud/orange-cloud/orange-cloud/apps/ios/Orange\ Cloud/build/ModuleCache.noindex/Accessibility-36E98V3HA8NAPHJH0B671I44T.pcm

SwiftExplicitDependencyGeneratePcm arm64 /Users/runner/work/orange-cloud/orange-cloud/orange-cloud/apps/ios/Orange\ Cloud/build/ModuleCache.noindex/WatchConnectivity-93C3VGHJL7HSH4YO4K2I9EB7Z.pcm

SwiftExplicitDependencyGeneratePcm arm64_32 /Users/runner/work/orange-cloud/orange-cloud/orange-cloud/apps/ios/Orange\ Cloud/build/ModuleCache.noindex/os-GVIUOCV3V5OVX7H0Q3ELC4AW.pcm

SwiftExplicitDependencyGeneratePcm arm64_32 /Users/runner/work/orange-cloud/orange-cloud/orange-cloud/apps/ios/Orange\ Cloud/build/ModuleCache.noindex/Foundation-CXL47DHEWIG8IN7FX2OGZ9XEY.pcm

LinkAssetCatalog /Users/runner/work/orange-cloud/orange-cloud/orange-cloud/apps/ios/Orange\ Cloud/Orange\ Cloud\ Watch\ Watch\ App/Assets.xcassets (in target 'Orange Cloud Watch Watch App' from project 'Orange Cloud')
    cd /Users/runner/work/orange-cloud/orange-cloud/orange-cloud/apps/ios/Orange\ Cloud
    builtin-linkAssetCatalog --thinned /Users/runner/work/orange-cloud/orange-cloud/orange-cloud/apps/ios/Orange\ Cloud/build/Build/Intermediates.noindex/Orange\ Cloud.build/Release-watchos/Orange\ Cloud\ Watch\ Watch\ App.build/assetcatalog_output/thinned --thinned-dependencies /Users/runner/work/orange-cloud/orange-cloud/orange-cloud/apps/ios/Orange\ Cloud/build/Build/Intermediates.noindex/Orange\ Cloud.build/Release-watchos/Orange\ Cloud\ Watch\ Watch\ App.build/assetcatalog_dependencies_thinned --thinned-info-plist-content /Users/runner/work/orange-cloud/orange-cloud/orange-cloud/apps/ios/Orange\ Cloud/build/Build/Intermediates.noindex/Orange\ Cloud.build/Release-watchos/Orange\ Cloud\ Watch\ Watch\ App.build/assetcatalog_generated_info.plist_thinned --unthinned /Users/runner/work/orange-cloud/orange-cloud/orange-cloud/apps/ios/Orange\ Cloud/build/Build/Intermediates.noindex/Orange\ Cloud.build/Release-watchos/Orange\ Cloud\ Watch\ Watch\ App.build/assetcatalog_output/unthinned --unthinned-dependencies /Users/runner/work/orange-cloud/orange-cloud/orange-cloud/apps/ios/Orange\ Cloud/build/Build/Intermediates.noindex/Orange\ Cloud.build/Release-watchos/Orange\ Cloud\ Watch\ Watch\ App.build/assetcatalog_dependencies_unthinned --unthinned-info-plist-content /Users/runner/work/orange-cloud/orange-cloud/orange-cloud/apps/ios/Orange\ Cloud/build/Build/Intermediates.noindex/Orange\ Cloud.build/Release-watchos/Orange\ Cloud\ Watch\ Watch\ App.build/assetcatalog_generated_info.plist_unthinned --output /Users/runner/work/orange-cloud/orange-cloud/orange-cloud/apps/ios/Orange\ Cloud/build/Build/Products/Release-watchos/Orange\ Cloud\ Watch\ Watch\ App.app --plist-output /Users/runner/work/orange-cloud/orange-cloud/orange-cloud/apps/ios/Orange\ Cloud/build/Build/Intermediates.noindex/Orange\ Cloud.build/Release-watchos/Orange\ Cloud\ Watch\ Watch\ App.build/assetcatalog_generated_info.plist
note: Emplaced /Users/runner/work/orange-cloud/orange-cloud/orange-cloud/apps/ios/Orange Cloud/build/Build/Products/Release-watchos/Orange Cloud Watch Watch App.app/Assets.car (in target 'Orange Cloud Watch Watch App' from project 'Orange Cloud')

Ld /Users/runner/work/orange-cloud/orange-cloud/orange-cloud/apps/ios/Orange\ Cloud/build/Build/Products/Release-iphoneos/OrangeCloudWidgetsExtension.appex/OrangeCloudWidgetsExtension normal (in target 'OrangeCloudWidgetsExtension' from project 'Orange Cloud')
    cd /Users/runner/work/orange-cloud/orange-cloud/orange-cloud/apps/ios/Orange\ Cloud
    /Applications/Xcode_26.6.app/Contents/Developer/Toolchains/XcodeDefault.xctoolchain/usr/bin/clang -Xlinker -reproducible -target arm64-apple-ios17.0 -isysroot /Applications/Xcode_26.6.app/Contents/Developer/Platforms/iPhoneOS.platform/Developer/SDKs/iPhoneOS26.5.sdk -Os -L/Users/runner/work/orange-cloud/orange-cloud/orange-cloud/apps/ios/Orange\ Cloud/build/Build/Intermediates.noindex/EagerLinkingTBDs/Release-iphoneos -L/Users/runner/work/orange-cloud/orange-cloud/orange-cloud/apps/ios/Orange\ Cloud/build/Build/Products/Release-iphoneos -F/Users/runner/work/orange-cloud/orange-cloud/orange-cloud/apps/ios/Orange\ Cloud/build/Build/Intermediates.noindex/EagerLinkingTBDs/Release-iphoneos -F/Users/runner/work/orange-cloud/orange-cloud/orange-cloud/apps/ios/Orange\ Cloud/build/Build/Products/Release-iphoneos -filelist /Users/runner/work/orange-cloud/orange-cloud/orange-cloud/apps/ios/Orange\ Cloud/build/Build/Intermediates.noindex/Orange\ Cloud.build/Release-iphoneos/OrangeCloudWidgetsExtension.build/Objects-normal/arm64/OrangeCloudWidgetsExtension.LinkFileList -Xlinker -rpath -Xlinker /usr/lib/swift -Xlinker -rpath -Xlinker @executable_path/Frameworks -Xlinker -rpath -Xlinker @executable_path/../../Frameworks -Xlinker -dead_strip -Xlinker -object_path_lto -Xlinker /Users/runner/work/orange-cloud/orange-cloud/orange-cloud/apps/ios/Orange\ Cloud/build/Build/Intermediates.noindex/Orange\ Cloud.build/Release-iphoneos/OrangeCloudWidgetsExtension.build/Objects-normal/arm64/OrangeCloudWidgetsExtension_lto.o -Xlinker -dependency_info -Xlinker /Users/runner/work/orange-cloud/orange-cloud/orange-cloud/apps/ios/Orange\ Cloud/build/Build/Intermediates.noindex/Orange\ Cloud.build/Release-iphoneos/OrangeCloudWidgetsExtension.build/Objects-normal/arm64/OrangeCloudWidgetsExtension_dependency_info.dat -e _NSExtensionMain -fapplication-extension -fobjc-link-runtime -L/Applications/Xcode_26.6.app/Contents/Developer/Toolchains/XcodeDefault.xctoolchain/usr/lib/swift/iphoneos -L/usr/lib/swift -Xlinker -add_ast_path -Xlinker /Users/runner/work/orange-cloud/orange-cloud/orange-cloud/apps/ios/Orange\ Cloud/build/Build/Intermediates.noindex/Orange\ Cloud.build/Release-iphoneos/OrangeCloudWidgetsExtension.build/Objects-normal/arm64/OrangeCloudWidgetsExtension.swiftmodule @/Users/runner/work/orange-cloud/orange-cloud/orange-cloud/apps/ios/Orange\ Cloud/build/Build/Intermediates.noindex/Orange\ Cloud.build/Release-iphoneos/OrangeCloudWidgetsExtension.build/Objects-normal/arm64/OrangeCloudWidgetsExtension-linker-args.resp -o /Users/runner/work/orange-cloud/orange-cloud/orange-cloud/apps/ios/Orange\ Cloud/build/Build/Products/Release-iphoneos/OrangeCloudWidgetsExtension.appex/OrangeCloudWidgetsExtension

SwiftExplicitDependencyGeneratePcm arm64_32 /Users/runner/work/orange-cloud/orange-cloud/orange-cloud/apps/ios/Orange\ Cloud/build/ModuleCache.noindex/DataDetection-BV7B7NZ6Q0K7YN0QQ7LTH58H6.pcm

SwiftExplicitDependencyGeneratePcm arm64_32 /Users/runner/work/orange-cloud/orange-cloud/orange-cloud/apps/ios/Orange\ Cloud/build/ModuleCache.noindex/QuartzCore-2LNZRAD93D70MMU9P7NP1Z502.pcm

SwiftExplicitDependencyGeneratePcm arm64_32 /Users/runner/work/orange-cloud/orange-cloud/orange-cloud/apps/ios/Orange\ Cloud/build/ModuleCache.noindex/_LocationEssentials-4GZBH3FEVOHUD44H6C9AL2FG9.pcm

SwiftExplicitDependencyGeneratePcm arm64_32 /Users/runner/work/orange-cloud/orange-cloud/orange-cloud/apps/ios/Orange\ Cloud/build/ModuleCache.noindex/CoreTransferable-DWNBFTECZLJYU1REWU45ECYEI.pcm

SwiftExplicitDependencyGeneratePcm arm64_32 /Users/runner/work/orange-cloud/orange-cloud/orange-cloud/apps/ios/Orange\ Cloud/build/ModuleCache.noindex/CoreLocation-1OWKS5GUFU8EJEE8U73FJXIPC.pcm

SwiftExplicitDependencyGeneratePcm arm64 /Users/runner/work/orange-cloud/orange-cloud/orange-cloud/apps/ios/Orange\ Cloud/build/ModuleCache.noindex/HomeKit-E9K88KG9PS4ZP0WPYNP0LC0UQ.pcm

SwiftExplicitDependencyGeneratePcm arm64_32 /Users/runner/work/orange-cloud/orange-cloud/orange-cloud/apps/ios/Orange\ Cloud/build/ModuleCache.noindex/OSLog-6RXJ56YP1F1HO72N90OGV6D5Q.pcm

SwiftExplicitDependencyGeneratePcm arm64_32 /Users/runner/work/orange-cloud/orange-cloud/orange-cloud/apps/ios/Orange\ Cloud/build/ModuleCache.noindex/Accessibility-3RW4X65T6LMU7WFE3LB9YU6VM.pcm

SwiftExplicitDependencyGeneratePcm arm64_32 /Users/runner/work/orange-cloud/orange-cloud/orange-cloud/apps/ios/Orange\ Cloud/build/ModuleCache.noindex/UniformTypeIdentifiers-7WS8SU98LDLWWDDLQ6S4RP8KN.pcm

SwiftExplicitDependencyGeneratePcm arm64_32 /Users/runner/work/orange-cloud/orange-cloud/orange-cloud/apps/ios/Orange\ Cloud/build/ModuleCache.noindex/Symbols-5QRJ6WUVTBHMUMASJK95V3XON.pcm

SwiftExplicitDependencyGeneratePcm arm64_32 /Users/runner/work/orange-cloud/orange-cloud/orange-cloud/apps/ios/Orange\ Cloud/build/ModuleCache.noindex/SceneKit-8RUPFW1P1YM8T1Q0PX3TYDWXF.pcm

SwiftExplicitDependencyGeneratePcm arm64_32 /Users/runner/work/orange-cloud/orange-cloud/orange-cloud/apps/ios/Orange\ Cloud/build/ModuleCache.noindex/WidgetKit-5QVDVYO9V4NCIDC0V2QTZM57J.pcm

SwiftExplicitDependencyGeneratePcm arm64_32 /Users/runner/work/orange-cloud/orange-cloud/orange-cloud/apps/ios/Orange\ Cloud/build/ModuleCache.noindex/CoreData-ATCKQ06UPJPWN3FP47QZ3QSGI.pcm

SwiftExplicitDependencyGeneratePcm arm64_32 /Users/runner/work/orange-cloud/orange-cloud/orange-cloud/apps/ios/Orange\ Cloud/build/ModuleCache.noindex/AppIntents-3QAXC0BL0NDVL9XR0CRZDPKDQ.pcm

SwiftExplicitDependencyGeneratePcm arm64_32 /Users/runner/work/orange-cloud/orange-cloud/orange-cloud/apps/ios/Orange\ Cloud/build/ModuleCache.noindex/SwiftUICore-86RUV7X5GB5323OL0U4JSCBAP.pcm

SwiftExplicitDependencyGeneratePcm arm64_32 /Users/runner/work/orange-cloud/orange-cloud/orange-cloud/apps/ios/Orange\ Cloud/build/ModuleCache.noindex/RelevanceKit-3PZ3Q3F294EF9K2C4N6HXA3P2.pcm

SwiftExplicitDependencyGeneratePcm arm64_32 /Users/runner/work/orange-cloud/orange-cloud/orange-cloud/apps/ios/Orange\ Cloud/build/ModuleCache.noindex/Network-CGPHECLJJB0ZGEFM7DCSESZT7.pcm

SwiftExplicitDependencyGeneratePcm arm64_32 /Users/runner/work/orange-cloud/orange-cloud/orange-cloud/apps/ios/Orange\ Cloud/build/ModuleCache.noindex/UIUtilities-LO39ABVIRYTV463UBRX7COMT.pcm

SwiftExplicitDependencyGeneratePcm arm64_32 /Users/runner/work/orange-cloud/orange-cloud/orange-cloud/apps/ios/Orange\ Cloud/build/ModuleCache.noindex/WatchConnectivity-8UZKK8SMAV03GEQC5EUSTWT39.pcm

SwiftExplicitDependencyGeneratePcm arm64 /Users/runner/work/orange-cloud/orange-cloud/orange-cloud/apps/ios/Orange\ Cloud/build/ModuleCache.noindex/MapKit-43E5GUDO87MOF703HPOEQ8UUS.pcm

SwiftExplicitDependencyGeneratePcm arm64_32 /Users/runner/work/orange-cloud/orange-cloud/orange-cloud/apps/ios/Orange\ Cloud/build/ModuleCache.noindex/UserNotifications-1YXZI6OYHX42M91RA6OE4Q3GB.pcm

GenerateDSYMFile /Users/runner/work/orange-cloud/orange-cloud/orange-cloud/apps/ios/Orange\ Cloud/build/Build/Products/Release-iphoneos/OrangeCloudWidgetsExtension.appex.dSYM /Users/runner/work/orange-cloud/orange-cloud/orange-cloud/apps/ios/Orange\ Cloud/build/Build/Products/Release-iphoneos/OrangeCloudWidgetsExtension.appex/OrangeCloudWidgetsExtension (in target 'OrangeCloudWidgetsExtension' from project 'Orange Cloud')
    cd /Users/runner/work/orange-cloud/orange-cloud/orange-cloud/apps/ios/Orange\ Cloud
    /Applications/Xcode_26.6.app/Contents/Developer/Toolchains/XcodeDefault.xctoolchain/usr/bin/dsymutil /Users/runner/work/orange-cloud/orange-cloud/orange-cloud/apps/ios/Orange\ Cloud/build/Build/Products/Release-iphoneos/OrangeCloudWidgetsExtension.appex/OrangeCloudWidgetsExtension -o /Users/runner/work/orange-cloud/orange-cloud/orange-cloud/apps/ios/Orange\ Cloud/build/Build/Products/Release-iphoneos/OrangeCloudWidgetsExtension.appex.dSYM

SwiftExplicitDependencyGeneratePcm arm64_32 /Users/runner/work/orange-cloud/orange-cloud/orange-cloud/apps/ios/Orange\ Cloud/build/ModuleCache.noindex/Intents-7W4G86UHWCX3OL7979FOTPLH3.pcm

SwiftExplicitDependencyGeneratePcm arm64_32 /Users/runner/work/orange-cloud/orange-cloud/orange-cloud/apps/ios/Orange\ Cloud/build/ModuleCache.noindex/UIKit-7LB4YGPPU6IHI2FUH5T54BD1.pcm

SwiftExplicitDependencyGeneratePcm arm64 /Users/runner/work/orange-cloud/orange-cloud/orange-cloud/apps/ios/Orange\ Cloud/build/ModuleCache.noindex/WatchKit-7NFNXQM80EQI9QPEJO757EYSM.pcm

ExtractAppIntentsMetadata (in target 'OrangeCloudWidgetsExtension' from project 'Orange Cloud')
    cd /Users/runner/work/orange-cloud/orange-cloud/orange-cloud/apps/ios/Orange\ Cloud
    /Applications/Xcode_26.6.app/Contents/Developer/Toolchains/XcodeDefault.xctoolchain/usr/bin/appintentsmetadataprocessor --toolchain-dir /var/run/com.apple.security.cryptexd/mnt/com.apple.MobileAsset.MetalToolchain-v17.6.109.0.1I2beg/Metal.xctoolchain --module-name OrangeCloudWidgetsExtension --sdk-root /Applications/Xcode_26.6.app/Contents/Developer/Platforms/iPhoneOS.platform/Developer/SDKs/iPhoneOS26.5.sdk --xcode-version 17F113 --platform-family iOS --deployment-target 17.0 --bundle-identifier jiamin.chen.orange-cloud.widgets --output /Users/runner/work/orange-cloud/orange-cloud/orange-cloud/apps/ios/Orange\ Cloud/build/Build/Products/Release-iphoneos/OrangeCloudWidgetsExtension.appex --target-triple arm64-apple-ios17.0 --binary-file /Users/runner/work/orange-cloud/orange-cloud/orange-cloud/apps/ios/Orange\ Cloud/build/Build/Products/Release-iphoneos/OrangeCloudWidgetsExtension.appex/OrangeCloudWidgetsExtension --dependency-file /Users/runner/work/orange-cloud/orange-cloud/orange-cloud/apps/ios/Orange\ Cloud/build/Build/Intermediates.noindex/Orange\ Cloud.build/Release-iphoneos/OrangeCloudWidgetsExtension.build/Objects-normal/arm64/OrangeCloudWidgetsExtension_dependency_info.dat --stringsdata-file /Users/runner/work/orange-cloud/orange-cloud/orange-cloud/apps/ios/Orange\ Cloud/build/Build/Intermediates.noindex/Orange\ Cloud.build/Release-iphoneos/OrangeCloudWidgetsExtension.build/Objects-normal/arm64/ExtractedAppShortcutsMetadata.stringsdata --source-file-list /Users/runner/work/orange-cloud/orange-cloud/orange-cloud/apps/ios/Orange\ Cloud/build/Build/Intermediates.noindex/Orange\ Cloud.build/Release-iphoneos/OrangeCloudWidgetsExtension.build/Objects-normal/arm64/OrangeCloudWidgetsExtension.SwiftFileList --metadata-file-list /Users/runner/work/orange-cloud/orange-cloud/orange-cloud/apps/ios/Orange\ Cloud/build/Build/Intermediates.noindex/Orange\ Cloud.build/Release-iphoneos/OrangeCloudWidgetsExtension.build/OrangeCloudWidgetsExtension.DependencyMetadataFileList --static-metadata-file-list /Users/runner/work/orange-cloud/orange-cloud/orange-cloud/apps/ios/Orange\ Cloud/build/Build/Intermediates.noindex/Orange\ Cloud.build/Release-iphoneos/OrangeCloudWidgetsExtension.build/OrangeCloudWidgetsExtension.DependencyStaticMetadataFileList --swift-const-vals-list /Users/runner/work/orange-cloud/orange-cloud/orange-cloud/apps/ios/Orange\ Cloud/build/Build/Intermediates.noindex/Orange\ Cloud.build/Release-iphoneos/OrangeCloudWidgetsExtension.build/Objects-normal/arm64/OrangeCloudWidgetsExtension.SwiftConstValuesFileList --compile-time-extraction --deployment-aware-processing --validate-assistant-intents --no-app-shortcuts-localization
2026-08-23 03:28:35.266 appintentsmetadataprocessor[5840:21142] Starting appintentsmetadataprocessor export
2026-08-23 03:28:35.298 appintentsmetadataprocessor[5840:21142] Writing Metadata.appintents
2026-08-23 03:28:35.298 appintentsmetadataprocessor[5840:21142] Metadata root: /Users/runner/work/orange-cloud/orange-cloud/orange-cloud/apps/ios/Orange Cloud/build/Build/Products/Release-iphoneos/OrangeCloudWidgetsExtension.appex/Metadata.appintents

SwiftExplicitDependencyGeneratePcm arm64 /Users/runner/work/orange-cloud/orange-cloud/orange-cloud/apps/ios/Orange\ Cloud/build/ModuleCache.noindex/SwiftUI-7PE4WVFY9KKR9Z1P3AZJDKMP1.pcm

AppIntentsSSUTraining (in target 'OrangeCloudWidgetsExtension' from project 'Orange Cloud')
    cd /Users/runner/work/orange-cloud/orange-cloud/orange-cloud/apps/ios/Orange\ Cloud
    /Applications/Xcode_26.6.app/Contents/Developer/Toolchains/XcodeDefault.xctoolchain/usr/bin/appintentsnltrainingprocessor --infoplist-path /Users/runner/work/orange-cloud/orange-cloud/orange-cloud/apps/ios/Orange\ Cloud/build/Build/Products/Release-iphoneos/OrangeCloudWidgetsExtension.appex/Info.plist --temp-dir-path /Users/runner/work/orange-cloud/orange-cloud/orange-cloud/apps/ios/Orange\ Cloud/build/Build/Intermediates.noindex/Orange\ Cloud.build/Release-iphoneos/OrangeCloudWidgetsExtension.build/ssu --bundle-id jiamin.chen.orange-cloud.widgets --product-path /Users/runner/work/orange-cloud/orange-cloud/orange-cloud/apps/ios/Orange\ Cloud/build/Build/Products/Release-iphoneos/OrangeCloudWidgetsExtension.appex --extracted-metadata-path /Users/runner/work/orange-cloud/orange-cloud/orange-cloud/apps/ios/Orange\ Cloud/build/Build/Products/Release-iphoneos/OrangeCloudWidgetsExtension.appex/Metadata.appintents --metadata-file-list /Users/runner/work/orange-cloud/orange-cloud/orange-cloud/apps/ios/Orange\ Cloud/build/Build/Intermediates.noindex/Orange\ Cloud.build/Release-iphoneos/OrangeCloudWidgetsExtension.build/OrangeCloudWidgetsExtension.DependencyMetadataFileList --source-file /Users/runner/work/orange-cloud/orange-cloud/orange-cloud/apps/ios/Orange\ Cloud/build/Build/Products/Release-iphoneos/OrangeCloudWidgetsExtension.appex/Info.plist --archive-ssu-assets
2026-08-23 03:28:35.421 appintentsnltrainingprocessor[5844:21151] Parsing options for appintentsnltrainingprocessor
2026-08-23 03:28:35.425 appintentsnltrainingprocessor[5844:21151] Starting AppIntents SSU YAML Generation
2026-08-23 03:28:35.470 appintentsnltrainingprocessor[5844:21151] No AppShortcuts found - Skipping.

SwiftCompile normal arm64 Compiling\ BillingCycle.swift,\ ContentView.swift,\ Orange_Cloud_WatchApp.swift,\ UsageView.swift,\ WatchBridge.swift,\ WatchFetcher.swift,\ WatchSky.swift,\ WatchTokenStore.swift,\ ZoneDetailView.swift,\ ByteFormat.swift,\ DayBoundary.swift,\ FileProviderDomainID.swift,\ SharedAuth.swift,\ SkyPhase.swift,\ Theme.swift,\ WatchBridgePayload.swift,\ WidgetConfigIntents.swift,\ WidgetSnapshot.swift,\ GeneratedAssetSymbols.swift,\ GeneratedStringSymbols_Localizable.swift /Users/runner/work/orange-cloud/orange-cloud/orange-cloud/apps/ios/Orange\ Cloud/Shared/BillingCycle.swift /Users/runner/work/orange-cloud/orange-cloud/orange-cloud/apps/ios/Orange\ Cloud/Orange\ Cloud\ Watch\ Watch\ App/ContentView.swift /Users/runner/work/orange-cloud/orange-cloud/orange-cloud/apps/ios/Orange\ Cloud/Orange\ Cloud\ Watch\ Watch\ App/Orange_Cloud_WatchApp.swift /Users/runner/work/orange-cloud/orange-cloud/orange-cloud/apps/ios/Orange\ Cloud/Orange\ Cloud\ Watch\ Watch\ App/UsageView.swift /Users/runner/work/orange-cloud/orange-cloud/orange-cloud/apps/ios/Orange\ Cloud/Orange\ Cloud\ Watch\ Watch\ App/WatchBridge.swift /Users/runner/work/orange-cloud/orange-cloud/orange-cloud/apps/ios/Orange\ Cloud/Orange\ Cloud\ Watch\ Watch\ App/WatchFetcher.swift /Users/runner/work/orange-cloud/orange-cloud/orange-cloud/apps/ios/Orange\ Cloud/Orange\ Cloud\ Watch\ Watch\ App/WatchSky.swift /Users/runner/work/orange-cloud/orange-cloud/orange-cloud/apps/ios/Orange\ Cloud/Orange\ Cloud\ Watch\ Watch\ App/WatchTokenStore.swift /Users/runner/work/orange-cloud/orange-cloud/orange-cloud/apps/ios/Orange\ Cloud/Orange\ Cloud\ Watch\ Watch\ App/ZoneDetailView.swift /Users/runner/work/orange-cloud/orange-cloud/orange-cloud/apps/ios/Orange\ Cloud/Shared/ByteFormat.swift /Users/runner/work/orange-cloud/orange-cloud/orange-cloud/apps/ios/Orange\ Cloud/Shared/DayBoundary.swift /Users/runner/work/orange-cloud/orange-cloud/orange-cloud/apps/ios/Orange\ Cloud/Shared/FileProviderDomainID.swift /Users/runner/work/orange-cloud/orange-cloud/orange-cloud/apps/ios/Orange\ Cloud/Shared/SharedAuth.swift /Users/runner/work/orange-cloud/orange-cloud/orange-cloud/apps/ios/Orange\ Cloud/Shared/SkyPhase.swift /Users/runner/work/orange-cloud/orange-cloud/orange-cloud/apps/ios/Orange\ Cloud/Shared/Theme.swift /Users/runner/work/orange-cloud/orange-cloud/orange-cloud/apps/ios/Orange\ Cloud/Shared/WatchBridgePayload.swift /Users/runner/work/orange-cloud/orange-cloud/orange-cloud/apps/ios/Orange\ Cloud/Shared/WidgetConfigIntents.swift /Users/runner/work/orange-cloud/orange-cloud/orange-cloud/apps/ios/Orange\ Cloud/Shared/WidgetSnapshot.swift /Users/runner/work/orange-cloud/orange-cloud/orange-cloud/apps/ios/Orange\ Cloud/build/Build/Intermediates.noindex/Orange\ Cloud.build/Release-watchos/Orange\ Cloud\ Watch\ Watch\ App.build/DerivedSources/GeneratedAssetSymbols.swift /Users/runner/work/orange-cloud/orange-cloud/orange-cloud/apps/ios/Orange\ Cloud/build/Build/Intermediates.noindex/Orange\ Cloud.build/Release-watchos/Orange\ Cloud\ Watch\ Watch\ App.build/DerivedSources/GeneratedStringSymbols_Localizable.swift /Applications/Xcode_26.6.app/Contents/Developer/Toolchains/XcodeDefault.xctoolchain/usr/lib/swift/watchos/prebuilt-modules/26.5/_DarwinFoundation3.swiftmodule/arm64e-apple-watchos.swiftmodule /Applications/Xcode_26.6.app/Contents/Developer/Toolchains/XcodeDefault.xctoolchain/usr/lib/swift/watchos/prebuilt-modules/26.5/CoreFoundation.swiftmodule/arm64e-apple-watchos.swiftmodule /Applications/Xcode_26.6.app/Contents/Developer/Toolchains/XcodeDefault.xctoolchain/usr/lib/swift/watchos/prebuilt-modules/26.5/Accessibility.swiftmodule/arm64e-apple-watchos.swiftmodule /Applications/Xcode_26.6.app/Contents/Developer/Toolchains/XcodeDefault.xctoolchain/usr/lib/swift/watchos/prebuilt-modules/26.5/_DarwinFoundation1.swiftmodule/arm64e-apple-watchos.swiftmodule /Applications/Xcode_26.6.app/Contents/Developer/Toolchains/XcodeDefault.xctoolchain/usr/lib/swift/watchos/prebuilt-modules/26.5/ExtensionFoundation.swiftmodule/arm64e-apple-watchos.swiftmodule /Applications/Xcode_26.6.app/Contents/Developer/Toolchains/XcodeDefault.xctoolchain/usr/lib/swift/watchos/prebuilt-modules/26.5/RelevanceKit.swiftmodule/arm64e-apple-watchos.swiftmodule /Applications/Xcode_26.6.app/Contents/Developer/Toolchains/XcodeDefault.xctoolchain/usr/lib/swift/watchos/prebuilt-modules/26.5/AppIntents.swiftmodule/arm64e-apple-watchos.swiftmodule /Applications/Xcode_26.6.app/Contents/Developer/Toolchains/XcodeDefault.xctoolchain/usr/lib/swift/watchos/prebuilt-modules/26.5/GeoToolbox.swiftmodule/arm64e-apple-watchos.swiftmodule /Applications/Xcode_26.6.app/Contents/Developer/Toolchains/XcodeDefault.xctoolchain/usr/lib/swift/watchos/prebuilt-modules/26.5/Symbols.swiftmodule/arm64e-apple-watchos.swiftmodule /Applications/Xcode_26.6.app/Contents/Developer/Toolchains/XcodeDefault.xctoolchain/usr/lib/swift/watchos/prebuilt-modules/26.5/XPC.swiftmodule/arm64e-apple-watchos.swiftmodule /Applications/Xcode_26.6.app/Contents/Developer/Toolchains/XcodeDefault.xctoolchain/usr/lib/swift/watchos/prebuilt-modules/26.5/DeveloperToolsSupport.swiftmodule/arm64e-apple-watchos.swiftmodule /Applications/Xcode_26.6.app/Contents/Developer/Toolchains/XcodeDefault.xctoolchain/usr/lib/swift/watchos/prebuilt-modules/26.5/_Concurrency.swiftmodule/arm64e-apple-watchos.swiftmodule /Applications/Xcode_26.6.app/Contents/Developer/Toolchains/XcodeDefault.xctoolchain/usr/lib/swift/watchos/prebuilt-modules/26.5/WidgetKit.swiftmodule/arm64e-apple-watchos.swiftmodule /Applications/Xcode_26.6.app/Contents/Developer/Toolchains/XcodeDefault.xctoolchain/usr/lib/swift/watchos/prebuilt-modules/26.5/DataDetection.swiftmodule/arm64e-apple-watchos.swiftmodule /Applications/Xcode_26.6.app/Contents/Developer/Toolchains/XcodeDefault.xctoolchain/usr/lib/swift/watchos/prebuilt-modules/26.5/Observation.swiftmodule/arm64e-apple-watchos.swiftmodule /Applications/Xcode_26.6.app/Contents/Developer/Toolchains/XcodeDefault.xctoolchain/usr/lib/swift/watchos/prebuilt-modules/26.5/LightweightCodeRequirements.swiftmodule/arm64e-apple-watchos.swiftmodule /Applications/Xcode_26.6.app/Contents/Developer/Toolchains/XcodeDefault.xctoolchain/usr/lib/swift/watchos/prebuilt-modules/26.5/_DarwinFoundation2.swiftmodule/arm64e-apple-watchos.swiftmodule /Applications/Xcode_26.6.app/Contents/Developer/Toolchains/XcodeDefault.xctoolchain/usr/lib/swift/watchos/prebuilt-modules/26.5/UniformTypeIdentifiers.swiftmodule/arm64e-apple-watchos.swiftmodule /Applications/Xcode_26.6.app/Contents/Developer/Toolchains/XcodeDefault.xctoolchain/usr/lib/swift/watchos/prebuilt-modules/26.5/Network.swiftmodule/arm64e-apple-watchos.swiftmodule /Applications/Xcode_26.6.app/Contents/Developer/Toolchains/XcodeDefault.xctoolchain/usr/lib/swift/watchos/prebuilt-modules/26.5/ObjectiveC.swiftmodule/arm64e-apple-watchos.swiftmodule /Applications/Xcode_26.6.app/Contents/Developer/Toolchains/XcodeDefault.xctoolchain/usr/lib/swift/watchos/prebuilt-modules/26.5/Darwin.swiftmodule/arm64e-apple-watchos.swiftmodule /Applications/Xcode_26.6.app/Contents/Developer/Toolchains/XcodeDefault.xctoolchain/usr/lib/swift/watchos/prebuilt-modules/26.5/SwiftUICore.swiftmodule/arm64e-apple-watchos.swiftmodule /Applications/Xcode_26.6.app/Contents/Developer/Toolchains/XcodeDefault.xctoolchain/usr/lib/swift/watchos/prebuilt-modules/26.5/Intents.swiftmodule/arm64e-apple-watchos.swiftmodule /Applications/Xcode_26.6.app/Contents/Developer/Toolchains/XcodeDefault.xctoolchain/usr/lib/swift/watchos/prebuilt-modules/26.5/_StringProcessing.swiftmodule/arm64e-apple-watchos.swiftmodule /Applications/Xcode_26.6.app/Contents/Developer/Toolchains/XcodeDefault.xctoolchain/usr/lib/swift/watchos/prebuilt-modules/26.5/SceneKit.swiftmodule/arm64e-apple-watchos.swiftmodule /Applications/Xcode_26.6.app/Contents/Developer/Toolchains/XcodeDefault.xctoolchain/usr/lib/swift/watchos/prebuilt-modules/26.5/MapKit.swiftmodule/arm64e-apple-watchos.swiftmodule /Applications/Xcode_26.6.app/Contents/Developer/Toolchains/XcodeDefault.xctoolchain/usr/lib/swift/watchos/prebuilt-modules/26.5/QuartzCore.swiftmodule/arm64e-apple-watchos.swiftmodule /Applications/Xcode_26.6.app/Contents/Developer/Toolchains/XcodeDefault.xctoolchain/usr/lib/swift/watchos/prebuilt-modules/26.5/SwiftUI.swiftmodule/arm64e-apple-watchos.swiftmodule /Applications/Xcode_26.6.app/Contents/Developer/Toolchains/XcodeDefault.xctoolchain/usr/lib/swift/watchos/prebuilt-modules/26.5/CoreText.swiftmodule/arm64e-apple-watchos.swiftmodule /Applications/Xcode_26.6.app/Contents/Developer/Toolchains/XcodeDefault.xctoolchain/usr/lib/swift/watchos/prebuilt-modules/26.5/CoreGraphics.swiftmodule/arm64e-apple-watchos.swiftmodule /Applications/Xcode_26.6.app/Contents/Developer/Toolchains/XcodeDefault.xctoolchain/usr/lib/swift/watchos/prebuilt-modules/26.5/HomeKit.swiftmodule/arm64e-apple-watchos.swiftmodule /Applications/Xcode_26.6.app/Contents/Developer/Toolchains/XcodeDefault.xctoolchain/usr/lib/swift/watchos/prebuilt-modules/26.5/Distributed.swiftmodule/arm64e-apple-watchos.swiftmodule /Applications/Xcode_26.6.app/Contents/Developer/Toolchains/XcodeDefault.xctoolchain/usr/lib/swift/watchos/prebuilt-modules/26.5/Swift.swiftmodule/arm64e-apple-watchos.swiftmodule /Applications/Xcode_26.6.app/Contents/Developer/Toolchains/XcodeDefault.xctoolchain/usr/lib/swift/watchos/prebuilt-modules/26.5/Spatial.swiftmodule/arm64e-apple-watchos.swiftmodule /Applications/Xcode_26.6.app/Contents/Developer/Toolchains/XcodeDefault.xctoolchain/usr/lib/swift/watchos/prebuilt-modules/26.5/CoreLocation.swiftmodule/arm64e-apple-watchos.swiftmodule /Applications/Xcode_26.6.app/Contents/Developer/Toolchains/XcodeDefault.xctoolchain/usr/lib/swift/watchos/prebuilt-modules/26.5/CoreVideo.swiftmodule/arm64e-apple-watchos.swiftmodule /Applications/Xcode_26.6.app/Contents/Developer/Toolchains/XcodeDefault.xctoolchain/usr/lib/swift/watchos/prebuilt-modules/26.5/Dispatch.swiftmodule/arm64e-apple-watchos.swiftmodule /Applications/Xcode_26.6.app/Contents/Developer/Toolchains/XcodeDefault.xctoolchain/usr/lib/swift/watchos/prebuilt-modules/26.5/_AppIntents_SwiftUI.swiftmodule/arm64e-apple-watchos.swiftmodule /Applications/Xcode_26.6.app/Contents/Developer/Toolchains/XcodeDefault.xctoolchain/usr/lib/swift/watchos/prebuilt-modules/26.5/CoreTransferable.swiftmodule/arm64e-apple-watchos.swiftmodule /Applications/Xcode_26.6.app/Contents/Developer/Toolchains/XcodeDefault.xctoolchain/usr/lib/swift/watchos/prebuilt-modules/26.5/Foundation.swiftmodule/arm64e-apple-watchos.swiftmodule /Applications/Xcode_26.6.app/Contents/Developer/Toolchains/XcodeDefault.xctoolchain/usr/lib/swift/watchos/prebuilt-modules/26.5/os.swiftmodule/arm64e-apple-watchos.swiftmodule /Applications/Xcode_26.6.app/Contents/Developer/Toolchains/XcodeDefault.xctoolchain/usr/lib/swift/watchos/prebuilt-modules/26.5/OSLog.swiftmodule/arm64e-apple-watchos.swiftmodule /Applications/Xcode_26.6.app/Contents/Developer/Toolchains/XcodeDefault.xctoolchain/usr/lib/swift/watchos/prebuilt-modules/26.5/System.swiftmodule/arm64e-apple-watchos.swiftmodule /Applications/Xcode_26.6.app/Contents/Developer/Toolchains/XcodeDefault.xctoolchain/usr/lib/swift/watchos/prebuilt-modules/26.5/Combine.swiftmodule/arm64e-apple-watchos.swiftmodule /Applications/Xcode_26.6.app/Contents/Developer/Toolchains/XcodeDefault.xctoolchain/usr/lib/swift/watchos/prebuilt-modules/26.5/UIKit.swiftmodule/arm64e-apple-watchos.swiftmodule /Applications/Xcode_26.6.app/Contents/Developer/Toolchains/XcodeDefault.xctoolchain/usr/lib/swift/watchos/prebuilt-modules/26.5/simd.swiftmodule/arm64e-apple-watchos.swiftmodule /Applications/Xcode_26.6.app/Contents/Developer/Toolchains/XcodeDefault.xctoolchain/usr/lib/swift/watchos/prebuilt-modules/26.5/_Builtin_float.swiftmodule/arm64e-apple-watchos.swiftmodule /Applications/Xcode_26.6.app/Contents/Developer/Toolchains/XcodeDefault.xctoolchain/usr/lib/swift/watchos/prebuilt-modules/26.5/WatchKit.swiftmodule/arm64e-apple-watchos.swiftmodule /Applications/Xcode_26.6.app/Contents/Developer/Toolchains/XcodeDefault.xctoolchain/usr/lib/swift/watchos/prebuilt-modules/26.5/CoreData.swiftmodule/arm64e-apple-watchos.swiftmodule /Users/runner/work/orange-cloud/orange-cloud/orange-cloud/apps/ios/Orange\ Cloud/build/ModuleCache.noindex/Foundation-4IKRF92EX6IVUPN4EUU61W537.pcm /Users/runner/work/orange-cloud/orange-cloud/orange-cloud/apps/ios/Orange\ Cloud/build/ModuleCache.noindex/MachO-85R8WGI8D0SONQ84RA7UIC5ZF.pcm /Users/runner/work/orange-cloud/orange-cloud/orange-cloud/apps/ios/Orange\ Cloud/build/ModuleCache.noindex/WidgetKit-2BTS7393KHOJRHP1ZFUM5O7PP.pcm /Users/runner/work/orange-cloud/orange-cloud/orange-cloud/apps/ios/Orange\ Cloud/build/ModuleCache.noindex/ptrauth-E98OAZPNHD1P5Z6J1KTG8YHYV.pcm /Users/runner/work/orange-cloud/orange-cloud/orange-cloud/apps/ios/Orange\ Cloud/build/ModuleCache.noindex/_Builtin_limits-F32SH5URTUBSGHWOG2WXWUZMX.pcm /Users/runner/work/orange-cloud/orange-cloud/orange-cloud/apps/ios/Orange\ Cloud/build/ModuleCache.noindex/os-8BBRSV8IKRA3HZ0Y3TSGYFZRZ.pcm /Users/runner/work/orange-cloud/orange-cloud/orange-cloud/apps/ios/Orange\ Cloud/build/ModuleCache.noindex/_Builtin_inttypes-6V464ROC79QL8M61GSI0E0L3L.pcm /Users/runner/work/orange-cloud/orange-cloud/orange-cloud/apps/ios/Orange\ Cloud/build/ModuleCache.noindex/SwiftUI-7PE4WVFY9KKR9Z1P3AZJDKMP1.pcm /Users/runner/work/orange-cloud/orange-cloud/orange-cloud/apps/ios/Orange\ Cloud/build/ModuleCache.noindex/Dispatch-4ORTKCS7EUW3SF487SRN3RU4N.pcm /Users/runner/work/orange-cloud/orange-cloud/orange-cloud/apps/ios/Orange\ Cloud/build/ModuleCache.noindex/XPC-EQCYNNQGPS4JH2BCGBJL4GINJ.pcm /Users/runner/work/orange-cloud/orange-cloud/orange-cloud/apps/ios/Orange\ Cloud/build/ModuleCache.noindex/SceneKit-6JY2G2YY8SLUZISC2EOWGHU80.pcm /Users/runner/work/orange-cloud/orange-cloud/orange-cloud/apps/ios/Orange\ Cloud/build/ModuleCache.noindex/OSLog-C1HQW23ZLK8OAD6T3GKKXSYTI.pcm /Users/runner/work/orange-cloud/orange-cloud/orange-cloud/apps/ios/Orange\ Cloud/build/ModuleCache.noindex/Intents-BSH5DZC0L9BAZAHWFQ0EALP8W.pcm /Users/runner/work/orange-cloud/orange-cloud/orange-cloud/apps/ios/Orange\ Cloud/build/ModuleCache.noindex/_SwiftConcurrencyShims-4M943WHY1578RCAZJYTQI7KSI.pcm /Users/runner/work/orange-cloud/orange-cloud/orange-cloud/apps/ios/Orange\ Cloud/build/ModuleCache.noindex/Spatial-WA3VYJ8KEZYT3S68JTFGS4OB.pcm /Users/runner/work/orange-cloud/orange-cloud/orange-cloud/apps/ios/Orange\ Cloud/build/ModuleCache.noindex/_Builtin_tgmath-DQ3SBTVQ97TPNBCYH9S025ETZ.pcm /Users/runner/work/orange-cloud/orange-cloud/orange-cloud/apps/ios/Orange\ Cloud/build/ModuleCache.noindex/_Builtin_float-4TFO1D5SW3I4ZTZQ95SXJ5NHU.pcm /Users/runner/work/orange-cloud/orange-cloud/orange-cloud/apps/ios/Orange\ Cloud/build/ModuleCache.noindex/_Builtin_stdbool-8LUDQLYVKOPRLMI7X8FNVW4OV.pcm /Users/runner/work/orange-cloud/orange-cloud/orange-cloud/apps/ios/Orange\ Cloud/build/ModuleCache.noindex/sys_types-A9X9U2MDOD7A3HAO368R2USIT.pcm /Users/runner/work/orange-cloud/orange-cloud/orange-cloud/apps/ios/Orange\ Cloud/build/ModuleCache.noindex/CoreLocation-5PJ1MC8L0XXXEENPCPA3F20LR.pcm /Users/runner/work/orange-cloud/orange-cloud/orange-cloud/apps/ios/Orange\ Cloud/build/ModuleCache.noindex/Network-527GKP9D7IJFFERVZEGVC2TRH.pcm /Users/runner/work/orange-cloud/orange-cloud/orange-cloud/apps/ios/Orange\ Cloud/build/ModuleCache.noindex/_Builtin_stdint-C6LF6FOF7UVY7HO4K09G4CVOP.pcm /Users/runner/work/orange-cloud/orange-cloud/orange-cloud/apps/ios/Orange\ Cloud/build/ModuleCache.noindex/DeveloperToolsSupport-ADO5022CKHNEBHH3CQUEERGGA.pcm /Users/runner/work/orange-cloud/orange-cloud/orange-cloud/apps/ios/Orange\ Cloud/build/ModuleCache.noindex/Accessibility-36E98V3HA8NAPHJH0B671I44T.pcm /Users/runner/work/orange-cloud/orange-cloud/orange-cloud/apps/ios/Orange\ Cloud/build/ModuleCache.noindex/UIUtilities-3B5I3DX6XA0VJM787LDCHQ8RM.pcm /Users/runner/work/orange-cloud/orange-cloud/orange-cloud/apps/ios/Orange\ Cloud/build/ModuleCache.noindex/_DarwinFoundation3-CUCBUIE5Z74M5VPZ3EOP4QGOH.pcm /Users/runner/work/orange-cloud/orange-cloud/orange-cloud/apps/ios/Orange\ Cloud/build/ModuleCache.noindex/ExtensionFoundation-9XA3PC2O9U2KTE2ASQVN1I3H3.pcm /Users/runner/work/orange-cloud/orange-cloud/orange-cloud/apps/ios/Orange\ Cloud/build/ModuleCache.noindex/UniformTypeIdentifiers-7MV7QLPY6DXCD4BS0I3SB5SQT.pcm /Users/runner/work/orange-cloud/orange-cloud/orange-cloud/apps/ios/Orange\ Cloud/build/ModuleCache.noindex/simd-6BCEX2GJ8Y9KA9Y3MB5IKWY5G.pcm /Users/runner/work/orange-cloud/orange-cloud/orange-cloud/apps/ios/Orange\ Cloud/build/ModuleCache.noindex/os_object-1LY8YB9ZW48UKJBQI5DO3KUP6.pcm /Users/runner/work/orange-cloud/orange-cloud/orange-cloud/apps/ios/Orange\ Cloud/build/ModuleCache.noindex/_Builtin_stdarg-5LEEA5Q57WFRI8EV5F3YA98GB.pcm /Users/runner/work/orange-cloud/orange-cloud/orange-cloud/apps/ios/Orange\ Cloud/build/ModuleCache.noindex/SwiftShims-3LHJH14CZQJGOSYL2QST3OPNO.pcm /Users/runner/work/orange-cloud/orange-cloud/orange-cloud/apps/ios/Orange\ Cloud/build/ModuleCache.noindex/WatchKit-7NFNXQM80EQI9QPEJO757EYSM.pcm /Users/runner/work/orange-cloud/orange-cloud/orange-cloud/apps/ios/Orange\ Cloud/build/ModuleCache.noindex/CoreTransferable-9SSW241W5MAAMM7MWYYXW0JFV.pcm /Users/runner/work/orange-cloud/orange-cloud/orange-cloud/apps/ios/Orange\ Cloud/build/ModuleCache.noindex/UserNotifications-16Z8ZHJOLHDUTUT3NZZ5C48Z3.pcm /Users/runner/work/orange-cloud/orange-cloud/orange-cloud/apps/ios/Orange\ Cloud/build/ModuleCache.noindex/os_workgroup-3LOF6LCJA8H9NUC94D1XOTEH1.pcm /Users/runner/work/orange-cloud/orange-cloud/orange-cloud/apps/ios/Orange\ Cloud/build/ModuleCache.noindex/_DarwinFoundation2-8ICBWYNN4240N0PPX75PO9V65.pcm /Users/runner/work/orange-cloud/orange-cloud/orange-cloud/apps/ios/Orange\ Cloud/build/ModuleCache.noindex/DataDetection-8B5ZLIPPY75K9XC4PYBOKKFD7.pcm /Users/runner/work/orange-cloud/orange-cloud/orange-cloud/apps/ios/Orange\ Cloud/build/ModuleCache.noindex/ptrcheck-4FN8PPF5PPL0P19G584BIW08P.pcm /Users/runner/work/orange-cloud/orange-cloud/orange-cloud/apps/ios/Orange\ Cloud/build/ModuleCache.noindex/Symbols-4N25YHJAVIL4C83LJ97YVCK1U.pcm /Users/runner/work/orange-cloud/orange-cloud/orange-cloud/apps/ios/Orange\ Cloud/build/ModuleCache.noindex/CoreText-9WYCFFHUC8S02B5Q9J8MB62GV.pcm /Users/runner/work/orange-cloud/orange-cloud/orange-cloud/apps/ios/Orange\ Cloud/build/ModuleCache.noindex/HomeKit-E9K88KG9PS4ZP0WPYNP0LC0UQ.pcm /Users/runner/work/orange-cloud/orange-cloud/orange-cloud/apps/ios/Orange\ Cloud/build/ModuleCache.noindex/Darwin-3FLE87MYTUW6OMR0BE9LZN5MB.pcm /Users/runner/work/orange-cloud/orange-cloud/orange-cloud/apps/ios/Orange\ Cloud/build/ModuleCache.noindex/RelevanceKit-3H6OB5BWFDIGJPHW9JRS44PGP.pcm /Users/runner/work/orange-cloud/orange-cloud/orange-cloud/apps/ios/Orange\ Cloud/build/ModuleCache.noindex/QuartzCore-ATGEMVJ985SRGD0ON05508KCT.pcm /Users/runner/work/orange-cloud/orange-cloud/orange-cloud/apps/ios/Orange\ Cloud/build/ModuleCache.noindex/WatchConnectivity-93C3VGHJL7HSH4YO4K2I9EB7Z.pcm /Users/runner/work/orange-cloud/orange-cloud/orange-cloud/apps/ios/Orange\ Cloud/build/ModuleCache.noindex/SwiftUICore-66TQKGG5260LW5TWEHSJI1QH4.pcm /Users/runner/work/orange-cloud/orange-cloud/orange-cloud/apps/ios/Orange\ Cloud/build/ModuleCache.noindex/Security-544RNJJFEF0EVANRRQM1TW0AL.pcm /Users/runner/work/orange-cloud/orange-cloud/orange-cloud/apps/ios/Orange\ Cloud/build/ModuleCache.noindex/ObjectiveC-1OV4V8P40FEY7CXT31MTR6YJB.pcm /Users/runner/work/orange-cloud/orange-cloud/orange-cloud/apps/ios/Orange\ Cloud/build/ModuleCache.noindex/dnssd-52LUW1GW52I542HYFH88RQRS5.pcm /Users/runner/work/orange-cloud/orange-cloud/orange-cloud/apps/ios/Orange\ Cloud/build/ModuleCache.noindex/_Builtin_intrinsics-ATEXZDXYB0PV2HT0FT87NQBTT.pcm /Users/runner/work/orange-cloud/orange-cloud/orange-cloud/apps/ios/Orange\ Cloud/build/ModuleCache.noindex/UIKit-BTSRWUIHGD9LB6WUT3958GKO0.pcm /Users/runner/work/orange-cloud/orange-cloud/orange-cloud/apps/ios/Orange\ Cloud/build/ModuleCache.noindex/_DarwinFoundation1-6NSBNSTLH601NM48U5P050HVE.pcm /Users/runner/work/orange-cloud/orange-cloud/orange-cloud/apps/ios/Orange\ Cloud/build/ModuleCache.noindex/CoreVideo-ALFQM1Z28GFXXWUV1EK99PWYV.pcm /Users/runner/work/orange-cloud/orange-cloud/orange-cloud/apps/ios/Orange\ Cloud/build/ModuleCache.noindex/_LocationEssentials-20SAMILPGHR32VFFMH278WWMK.pcm /Users/runner/work/orange-cloud/orange-cloud/orange-cloud/apps/ios/Orange\ Cloud/build/ModuleCache.noindex/CoreGraphics-34688NY8PYLIOF7EXU9D0W2PD.pcm /Users/runner/work/orange-cloud/orange-cloud/orange-cloud/apps/ios/Orange\ Cloud/build/ModuleCache.noindex/CoreData-9BZJLM1CVIDYT88470FR146UU.pcm /Users/runner/work/orange-cloud/orange-cloud/orange-cloud/apps/ios/Orange\ Cloud/build/ModuleCache.noindex/_AvailabilityInternal-1QB3E1XSFPWUDO2UGBGRLUB4B.pcm /Users/runner/work/orange-cloud/orange-cloud/orange-cloud/apps/ios/Orange\ Cloud/build/ModuleCache.noindex/_Builtin_stddef-9BRZ8UYS1RH4Z4RY860G2D5EA.pcm /Users/runner/work/orange-cloud/orange-cloud/orange-cloud/apps/ios/Orange\ Cloud/build/ModuleCache.noindex/_Builtin_stdatomic-19540CRYZKU9N3Z5ULOXZW4M2.pcm /Users/runner/work/orange-cloud/orange-cloud/orange-cloud/apps/ios/Orange\ Cloud/build/ModuleCache.noindex/MapKit-43E5GUDO87MOF703HPOEQ8UUS.pcm /Users/runner/work/orange-cloud/orange-cloud/orange-cloud/apps/ios/Orange\ Cloud/build/ModuleCache.noindex/AppIntents-1ZS7O9BR7CAX89UDRPFEVORUW.pcm /Users/runner/work/orange-cloud/orange-cloud/orange-cloud/apps/ios/Orange\ Cloud/build/ModuleCache.noindex/CoreFoundation-361X3OJWHXO4ADI2WTV8O97AM.pcm /Users/runner/work/orange-cloud/orange-cloud/orange-cloud/apps/ios/Orange\ Cloud/build/Build/Intermediates.noindex/Orange\ Cloud.build/Release-watchos/Orange\ Cloud\ Watch\ Watch\ App.build/Objects-normal/arm64/Orange_Cloud_Watch_Watch_App-dependencies-1.json (in target 'Orange Cloud Watch Watch App' from project 'Orange Cloud')
CompileSwift normal arm64 (in target 'Orange Cloud Watch Watch App' from project 'Orange Cloud')
    cd /Users/runner/work/orange-cloud/orange-cloud/orange-cloud/apps/ios/Orange\ Cloud
    

RegisterExecutionPolicyException /Users/runner/work/orange-cloud/orange-cloud/orange-cloud/apps/ios/Orange\ Cloud/build/Build/Products/Release-watchos/Orange\ Cloud\ WatchExtension.appex (in target 'Orange Cloud WatchExtension' from project 'Orange Cloud')
    cd /Users/runner/work/orange-cloud/orange-cloud/orange-cloud/apps/ios/Orange\ Cloud
    builtin-RegisterExecutionPolicyException /Users/runner/work/orange-cloud/orange-cloud/orange-cloud/apps/ios/Orange\ Cloud/build/Build/Products/Release-watchos/Orange\ Cloud\ WatchExtension.appex

Touch /Users/runner/work/orange-cloud/orange-cloud/orange-cloud/apps/ios/Orange\ Cloud/build/Build/Products/Release-watchos/Orange\ Cloud\ WatchExtension.appex (in target 'Orange Cloud WatchExtension' from project 'Orange Cloud')
    cd /Users/runner/work/orange-cloud/orange-cloud/orange-cloud/apps/ios/Orange\ Cloud
    /usr/bin/touch -c /Users/runner/work/orange-cloud/orange-cloud/orange-cloud/apps/ios/Orange\ Cloud/build/Build/Products/Release-watchos/Orange\ Cloud\ WatchExtension.appex

RegisterExecutionPolicyException /Users/runner/work/orange-cloud/orange-cloud/orange-cloud/apps/ios/Orange\ Cloud/build/Build/Products/Release-iphoneos/OrangeCloudWidgetsExtension.appex (in target 'OrangeCloudWidgetsExtension' from project 'Orange Cloud')
    cd /Users/runner/work/orange-cloud/orange-cloud/orange-cloud/apps/ios/Orange\ Cloud
    builtin-RegisterExecutionPolicyException /Users/runner/work/orange-cloud/orange-cloud/orange-cloud/apps/ios/Orange\ Cloud/build/Build/Products/Release-iphoneos/OrangeCloudWidgetsExtension.appex

Touch /Users/runner/work/orange-cloud/orange-cloud/orange-cloud/apps/ios/Orange\ Cloud/build/Build/Products/Release-iphoneos/OrangeCloudWidgetsExtension.appex (in target 'OrangeCloudWidgetsExtension' from project 'Orange Cloud')
    cd /Users/runner/work/orange-cloud/orange-cloud/orange-cloud/apps/ios/Orange\ Cloud
    /usr/bin/touch -c /Users/runner/work/orange-cloud/orange-cloud/orange-cloud/apps/ios/Orange\ Cloud/build/Build/Products/Release-iphoneos/OrangeCloudWidgetsExtension.appex

RegisterExecutionPolicyException /Users/runner/work/orange-cloud/orange-cloud/orange-cloud/apps/ios/Orange\ Cloud/build/Build/Products/Release-iphoneos/Orange\ Cloud\ File.appex (in target 'Orange Cloud File' from project 'Orange Cloud')
    cd /Users/runner/work/orange-cloud/orange-cloud/orange-cloud/apps/ios/Orange\ Cloud
    builtin-RegisterExecutionPolicyException /Users/runner/work/orange-cloud/orange-cloud/orange-cloud/apps/ios/Orange\ Cloud/build/Build/Products/Release-iphoneos/Orange\ Cloud\ File.appex

Touch /Users/runner/work/orange-cloud/orange-cloud/orange-cloud/apps/ios/Orange\ Cloud/build/Build/Products/Release-iphoneos/Orange\ Cloud\ File.appex (in target 'Orange Cloud File' from project 'Orange Cloud')
    cd /Users/runner/work/orange-cloud/orange-cloud/orange-cloud/apps/ios/Orange\ Cloud
    /usr/bin/touch -c /Users/runner/work/orange-cloud/orange-cloud/orange-cloud/apps/ios/Orange\ Cloud/build/Build/Products/Release-iphoneos/Orange\ Cloud\ File.appex

SwiftExplicitDependencyGeneratePcm arm64_32 /Users/runner/work/orange-cloud/orange-cloud/orange-cloud/apps/ios/Orange\ Cloud/build/ModuleCache.noindex/HomeKit-EY5RP1QE8Z61DC4F1V5427VZW.pcm

SwiftExplicitDependencyGeneratePcm arm64_32 /Users/runner/work/orange-cloud/orange-cloud/orange-cloud/apps/ios/Orange\ Cloud/build/ModuleCache.noindex/MapKit-AWKWH1FQ61HCC8Z4EMZZOAVKR.pcm

SwiftExplicitDependencyGeneratePcm arm64_32 /Users/runner/work/orange-cloud/orange-cloud/orange-cloud/apps/ios/Orange\ Cloud/build/ModuleCache.noindex/WatchKit-EVA9N5MCKT9AIOGV4CF9WDRH8.pcm

SwiftExplicitDependencyGeneratePcm arm64_32 /Users/runner/work/orange-cloud/orange-cloud/orange-cloud/apps/ios/Orange\ Cloud/build/ModuleCache.noindex/SwiftUI-LKSBN75CQV1RMC3Y3ZATWA99.pcm

SwiftCompile normal arm64_32 Compiling\ BillingCycle.swift,\ ContentView.swift,\ Orange_Cloud_WatchApp.swift,\ UsageView.swift,\ WatchBridge.swift,\ WatchFetcher.swift,\ WatchSky.swift,\ WatchTokenStore.swift,\ ZoneDetailView.swift,\ ByteFormat.swift,\ DayBoundary.swift,\ FileProviderDomainID.swift,\ SharedAuth.swift,\ SkyPhase.swift,\ Theme.swift,\ WatchBridgePayload.swift,\ WidgetConfigIntents.swift,\ WidgetSnapshot.swift,\ GeneratedAssetSymbols.swift,\ GeneratedStringSymbols_Localizable.swift /Users/runner/work/orange-cloud/orange-cloud/orange-cloud/apps/ios/Orange\ Cloud/Shared/BillingCycle.swift /Users/runner/work/orange-cloud/orange-cloud/orange-cloud/apps/ios/Orange\ Cloud/Orange\ Cloud\ Watch\ Watch\ App/ContentView.swift /Users/runner/work/orange-cloud/orange-cloud/orange-cloud/apps/ios/Orange\ Cloud/Orange\ Cloud\ Watch\ Watch\ App/Orange_Cloud_WatchApp.swift /Users/runner/work/orange-cloud/orange-cloud/orange-cloud/apps/ios/Orange\ Cloud/Orange\ Cloud\ Watch\ Watch\ App/UsageView.swift /Users/runner/work/orange-cloud/orange-cloud/orange-cloud/apps/ios/Orange\ Cloud/Orange\ Cloud\ Watch\ Watch\ App/WatchBridge.swift /Users/runner/work/orange-cloud/orange-cloud/orange-cloud/apps/ios/Orange\ Cloud/Orange\ Cloud\ Watch\ Watch\ App/WatchFetcher.swift /Users/runner/work/orange-cloud/orange-cloud/orange-cloud/apps/ios/Orange\ Cloud/Orange\ Cloud\ Watch\ Watch\ App/WatchSky.swift /Users/runner/work/orange-cloud/orange-cloud/orange-cloud/apps/ios/Orange\ Cloud/Orange\ Cloud\ Watch\ Watch\ App/WatchTokenStore.swift /Users/runner/work/orange-cloud/orange-cloud/orange-cloud/apps/ios/Orange\ Cloud/Orange\ Cloud\ Watch\ Watch\ App/ZoneDetailView.swift /Users/runner/work/orange-cloud/orange-cloud/orange-cloud/apps/ios/Orange\ Cloud/Shared/ByteFormat.swift /Users/runner/work/orange-cloud/orange-cloud/orange-cloud/apps/ios/Orange\ Cloud/Shared/DayBoundary.swift /Users/runner/work/orange-cloud/orange-cloud/orange-cloud/apps/ios/Orange\ Cloud/Shared/FileProviderDomainID.swift /Users/runner/work/orange-cloud/orange-cloud/orange-cloud/apps/ios/Orange\ Cloud/Shared/SharedAuth.swift /Users/runner/work/orange-cloud/orange-cloud/orange-cloud/apps/ios/Orange\ Cloud/Shared/SkyPhase.swift /Users/runner/work/orange-cloud/orange-cloud/orange-cloud/apps/ios/Orange\ Cloud/Shared/Theme.swift /Users/runner/work/orange-cloud/orange-cloud/orange-cloud/apps/ios/Orange\ Cloud/Shared/WatchBridgePayload.swift /Users/runner/work/orange-cloud/orange-cloud/orange-cloud/apps/ios/Orange\ Cloud/Shared/WidgetConfigIntents.swift /Users/runner/work/orange-cloud/orange-cloud/orange-cloud/apps/ios/Orange\ Cloud/Shared/WidgetSnapshot.swift /Users/runner/work/orange-cloud/orange-cloud/orange-cloud/apps/ios/Orange\ Cloud/build/Build/Intermediates.noindex/Orange\ Cloud.build/Release-watchos/Orange\ Cloud\ Watch\ Watch\ App.build/DerivedSources/GeneratedAssetSymbols.swift /Users/runner/work/orange-cloud/orange-cloud/orange-cloud/apps/ios/Orange\ Cloud/build/Build/Intermediates.noindex/Orange\ Cloud.build/Release-watchos/Orange\ Cloud\ Watch\ Watch\ App.build/DerivedSources/GeneratedStringSymbols_Localizable.swift /Applications/Xcode_26.6.app/Contents/Developer/Toolchains/XcodeDefault.xctoolchain/usr/lib/swift/watchos/prebuilt-modules/26.5/GeoToolbox.swiftmodule/arm64_32-apple-watchos.swiftmodule /Applications/Xcode_26.6.app/Contents/Developer/Toolchains/XcodeDefault.xctoolchain/usr/lib/swift/watchos/prebuilt-modules/26.5/Dispatch.swiftmodule/arm64_32-apple-watchos.swiftmodule /Applications/Xcode_26.6.app/Contents/Developer/Toolchains/XcodeDefault.xctoolchain/usr/lib/swift/watchos/prebuilt-modules/26.5/CoreGraphics.swiftmodule/arm64_32-apple-watchos.swiftmodule /Applications/Xcode_26.6.app/Contents/Developer/Toolchains/XcodeDefault.xctoolchain/usr/lib/swift/watchos/prebuilt-modules/26.5/CoreData.swiftmodule/arm64_32-apple-watchos.swiftmodule /Applications/Xcode_26.6.app/Contents/Developer/Toolchains/XcodeDefault.xctoolchain/usr/lib/swift/watchos/prebuilt-modules/26.5/Foundation.swiftmodule/arm64_32-apple-watchos.swiftmodule /Applications/Xcode_26.6.app/Contents/Developer/Toolchains/XcodeDefault.xctoolchain/usr/lib/swift/watchos/prebuilt-modules/26.5/Swift.swiftmodule/arm64_32-apple-watchos.swiftmodule /Applications/Xcode_26.6.app/Contents/Developer/Toolchains/XcodeDefault.xctoolchain/usr/lib/swift/watchos/prebuilt-modules/26.5/CoreFoundation.swiftmodule/arm64_32-apple-watchos.swiftmodule /Applications/Xcode_26.6.app/Contents/Developer/Toolchains/XcodeDefault.xctoolchain/usr/lib/swift/watchos/prebuilt-modules/26.5/AppIntents.swiftmodule/arm64_32-apple-watchos.swiftmodule /Applications/Xcode_26.6.app/Contents/Developer/Toolchains/XcodeDefault.xctoolchain/usr/lib/swift/watchos/prebuilt-modules/26.5/DeveloperToolsSupport.swiftmodule/arm64_32-apple-watchos.swiftmodule /Applications/Xcode_26.6.app/Contents/Developer/Toolchains/XcodeDefault.xctoolchain/usr/lib/swift/watchos/prebuilt-modules/26.5/CoreLocation.swiftmodule/arm64_32-apple-watchos.swiftmodule /Applications/Xcode_26.6.app/Contents/Developer/Toolchains/XcodeDefault.xctoolchain/usr/lib/swift/watchos/prebuilt-modules/26.5/ObjectiveC.swiftmodule/arm64_32-apple-watchos.swiftmodule /Applications/Xcode_26.6.app/Contents/Developer/Toolchains/XcodeDefault.xctoolchain/usr/lib/swift/watchos/prebuilt-modules/26.5/CoreText.swiftmodule/arm64_32-apple-watchos.swiftmodule /Applications/Xcode_26.6.app/Contents/Developer/Toolchains/XcodeDefault.xctoolchain/usr/lib/swift/watchos/prebuilt-modules/26.5/System.swiftmodule/arm64_32-apple-watchos.swiftmodule /Applications/Xcode_26.6.app/Contents/Developer/Toolchains/XcodeDefault.xctoolchain/usr/lib/swift/watchos/prebuilt-modules/26.5/OSLog.swiftmodule/arm64_32-apple-watchos.swiftmodule /Applications/Xcode_26.6.app/Contents/Developer/Toolchains/XcodeDefault.xctoolchain/usr/lib/swift/watchos/prebuilt-modules/26.5/Observation.swiftmodule/arm64_32-apple-watchos.swiftmodule /Applications/Xcode_26.6.app/Contents/Developer/Toolchains/XcodeDefault.xctoolchain/usr/lib/swift/watchos/prebuilt-modules/26.5/UniformTypeIdentifiers.swiftmodule/arm64_32-apple-watchos.swiftmodule /Applications/Xcode_26.6.app/Contents/Developer/Toolchains/XcodeDefault.xctoolchain/usr/lib/swift/watchos/prebuilt-modules/26.5/Distributed.swiftmodule/arm64_32-apple-watchos.swiftmodule /Applications/Xcode_26.6.app/Contents/Developer/Toolchains/XcodeDefault.xctoolchain/usr/lib/swift/watchos/prebuilt-modules/26.5/Symbols.swiftmodule/arm64_32-apple-watchos.swiftmodule /Applications/Xcode_26.6.app/Contents/Developer/Toolchains/XcodeDefault.xctoolchain/usr/lib/swift/watchos/prebuilt-modules/26.5/DataDetection.swiftmodule/arm64_32-apple-watchos.swiftmodule /Applications/Xcode_26.6.app/Contents/Developer/Toolchains/XcodeDefault.xctoolchain/usr/lib/swift/watchos/prebuilt-modules/26.5/Network.swiftmodule/arm64_32-apple-watchos.swiftmodule /Applications/Xcode_26.6.app/Contents/Developer/Toolchains/XcodeDefault.xctoolchain/usr/lib/swift/watchos/prebuilt-modules/26.5/_Builtin_float.swiftmodule/arm64_32-apple-watchos.swiftmodule /Applications/Xcode_26.6.app/Contents/Developer/Toolchains/XcodeDefault.xctoolchain/usr/lib/swift/watchos/prebuilt-modules/26.5/WidgetKit.swiftmodule/arm64_32-apple-watchos.swiftmodule /Applications/Xcode_26.6.app/Contents/Developer/Toolchains/XcodeDefault.xctoolchain/usr/lib/swift/watchos/prebuilt-modules/26.5/_DarwinFoundation1.swiftmodule/arm64_32-apple-watchos.swiftmodule /Applications/Xcode_26.6.app/Contents/Developer/Toolchains/XcodeDefault.xctoolchain/usr/lib/swift/watchos/prebuilt-modules/26.5/WatchKit.swiftmodule/arm64_32-apple-watchos.swiftmodule /Applications/Xcode_26.6.app/Contents/Developer/Toolchains/XcodeDefault.xctoolchain/usr/lib/swift/watchos/prebuilt-modules/26.5/RelevanceKit.swiftmodule/arm64_32-apple-watchos.swiftmodule /Applications/Xcode_26.6.app/Contents/Developer/Toolchains/XcodeDefault.xctoolchain/usr/lib/swift/watchos/prebuilt-modules/26.5/Darwin.swiftmodule/arm64_32-apple-watchos.swiftmodule /Applications/Xcode_26.6.app/Contents/Developer/Toolchains/XcodeDefault.xctoolchain/usr/lib/swift/watchos/prebuilt-modules/26.5/QuartzCore.swiftmodule/arm64_32-apple-watchos.swiftmodule /Applications/Xcode_26.6.app/Contents/Developer/Toolchains/XcodeDefault.xctoolchain/usr/lib/swift/watchos/prebuilt-modules/26.5/CoreTransferable.swiftmodule/arm64_32-apple-watchos.swiftmodule /Applications/Xcode_26.6.app/Contents/Developer/Toolchains/XcodeDefault.xctoolchain/usr/lib/swift/watchos/prebuilt-modules/26.5/_DarwinFoundation3.swiftmodule/arm64_32-apple-watchos.swiftmodule /Applications/Xcode_26.6.app/Contents/Developer/Toolchains/XcodeDefault.xctoolchain/usr/lib/swift/watchos/prebuilt-modules/26.5/MapKit.swiftmodule/arm64_32-apple-watchos.swiftmodule /Applications/Xcode_26.6.app/Contents/Developer/Toolchains/XcodeDefault.xctoolchain/usr/lib/swift/watchos/prebuilt-modules/26.5/os.swiftmodule/arm64_32-apple-watchos.swiftmodule /Applications/Xcode_26.6.app/Contents/Developer/Toolchains/XcodeDefault.xctoolchain/usr/lib/swift/watchos/prebuilt-modules/26.5/_StringProcessing.swiftmodule/arm64_32-apple-watchos.swiftmodule /Applications/Xcode_26.6.app/Contents/Developer/Toolchains/XcodeDefault.xctoolchain/usr/lib/swift/watchos/prebuilt-modules/26.5/_Concurrency.swiftmodule/arm64_32-apple-watchos.swiftmodule /Applications/Xcode_26.6.app/Contents/Developer/Toolchains/XcodeDefault.xctoolchain/usr/lib/swift/watchos/prebuilt-modules/26.5/_DarwinFoundation2.swiftmodule/arm64_32-apple-watchos.swiftmodule /Applications/Xcode_26.6.app/Contents/Developer/Toolchains/XcodeDefault.xctoolchain/usr/lib/swift/watchos/prebuilt-modules/26.5/CoreVideo.swiftmodule/arm64_32-apple-watchos.swiftmodule /Applications/Xcode_26.6.app/Contents/Developer/Toolchains/XcodeDefault.xctoolchain/usr/lib/swift/watchos/prebuilt-modules/26.5/HomeKit.swiftmodule/arm64_32-apple-watchos.swiftmodule /Applications/Xcode_26.6.app/Contents/Developer/Toolchains/XcodeDefault.xctoolchain/usr/lib/swift/watchos/prebuilt-modules/26.5/Intents.swiftmodule/arm64_32-apple-watchos.swiftmodule /Applications/Xcode_26.6.app/Contents/Developer/Toolchains/XcodeDefault.xctoolchain/usr/lib/swift/watchos/prebuilt-modules/26.5/UIKit.swiftmodule/arm64_32-apple-watchos.swiftmodule /Applications/Xcode_26.6.app/Contents/Developer/Toolchains/XcodeDefault.xctoolchain/usr/lib/swift/watchos/prebuilt-modules/26.5/Spatial.swiftmodule/arm64_32-apple-watchos.swiftmodule /Applications/Xcode_26.6.app/Contents/Developer/Toolchains/XcodeDefault.xctoolchain/usr/lib/swift/watchos/prebuilt-modules/26.5/_AppIntents_SwiftUI.swiftmodule/arm64_32-apple-watchos.swiftmodule /Applications/Xcode_26.6.app/Contents/Developer/Toolchains/XcodeDefault.xctoolchain/usr/lib/swift/watchos/prebuilt-modules/26.5/SwiftUICore.swiftmodule/arm64_32-apple-watchos.swiftmodule /Applications/Xcode_26.6.app/Contents/Developer/Toolchains/XcodeDefault.xctoolchain/usr/lib/swift/watchos/prebuilt-modules/26.5/SceneKit.swiftmodule/arm64_32-apple-watchos.swiftmodule /Applications/Xcode_26.6.app/Contents/Developer/Toolchains/XcodeDefault.xctoolchain/usr/lib/swift/watchos/prebuilt-modules/26.5/Accessibility.swiftmodule/arm64_32-apple-watchos.swiftmodule /Applications/Xcode_26.6.app/Contents/Developer/Toolchains/XcodeDefault.xctoolchain/usr/lib/swift/watchos/prebuilt-modules/26.5/SwiftUI.swiftmodule/arm64_32-apple-watchos.swiftmodule /Applications/Xcode_26.6.app/Contents/Developer/Toolchains/XcodeDefault.xctoolchain/usr/lib/swift/watchos/prebuilt-modules/26.5/ExtensionFoundation.swiftmodule/arm64_32-apple-watchos.swiftmodule /Applications/Xcode_26.6.app/Contents/Developer/Toolchains/XcodeDefault.xctoolchain/usr/lib/swift/watchos/prebuilt-modules/26.5/Combine.swiftmodule/arm64_32-apple-watchos.swiftmodule /Applications/Xcode_26.6.app/Contents/Developer/Toolchains/XcodeDefault.xctoolchain/usr/lib/swift/watchos/prebuilt-modules/26.5/XPC.swiftmodule/arm64_32-apple-watchos.swiftmodule /Applications/Xcode_26.6.app/Contents/Developer/Toolchains/XcodeDefault.xctoolchain/usr/lib/swift/watchos/prebuilt-modules/26.5/LightweightCodeRequirements.swiftmodule/arm64_32-apple-watchos.swiftmodule /Applications/Xcode_26.6.app/Contents/Developer/Toolchains/XcodeDefault.xctoolchain/usr/lib/swift/watchos/prebuilt-modules/26.5/simd.swiftmodule/arm64_32-apple-watchos.swiftmodule /Users/runner/work/orange-cloud/orange-cloud/orange-cloud/apps/ios/Orange\ Cloud/build/ModuleCache.noindex/ExtensionFoundation-7UBJTHJ6363QHQ9Q3ODN9WXVB.pcm /Users/runner/work/orange-cloud/orange-cloud/orange-cloud/apps/ios/Orange\ Cloud/build/ModuleCache.noindex/XPC-B4Q1NU4DHUX39E34D56G9WUSL.pcm /Users/runner/work/orange-cloud/orange-cloud/orange-cloud/apps/ios/Orange\ Cloud/build/ModuleCache.noindex/SceneKit-8RUPFW1P1YM8T1Q0PX3TYDWXF.pcm /Users/runner/work/orange-cloud/orange-cloud/orange-cloud/apps/ios/Orange\ Cloud/build/ModuleCache.noindex/UserNotifications-1YXZI6OYHX42M91RA6OE4Q3GB.pcm /Users/runner/work/orange-cloud/orange-cloud/orange-cloud/apps/ios/Orange\ Cloud/build/ModuleCache.noindex/CoreText-1071V52WOZE1KYD2B4FMKUXAB.pcm /Users/runner/work/orange-cloud/orange-cloud/orange-cloud/apps/ios/Orange\ Cloud/build/ModuleCache.noindex/SwiftShims-1D4MHNOL81PQATMO5MEI44PI2.pcm /Users/runner/work/orange-cloud/orange-cloud/orange-cloud/apps/ios/Orange\ Cloud/build/ModuleCache.noindex/SwiftUICore-86RUV7X5GB5323OL0U4JSCBAP.pcm /Users/runner/work/orange-cloud/orange-cloud/orange-cloud/apps/ios/Orange\ Cloud/build/ModuleCache.noindex/Network-CGPHECLJJB0ZGEFM7DCSESZT7.pcm /Users/runner/work/orange-cloud/orange-cloud/orange-cloud/apps/ios/Orange\ Cloud/build/ModuleCache.noindex/Security-BHLQH3Q7X7WBUETWSF6SWO0OH.pcm /Users/runner/work/orange-cloud/orange-cloud/orange-cloud/apps/ios/Orange\ Cloud/build/ModuleCache.noindex/_Builtin_tgmath-DS16MXP748ODCAZ5QN6JG3AL5.pcm /Users/runner/work/orange-cloud/orange-cloud/orange-cloud/apps/ios/Orange\ Cloud/build/ModuleCache.noindex/Intents-7W4G86UHWCX3OL7979FOTPLH3.pcm /Users/runner/work/orange-cloud/orange-cloud/orange-cloud/apps/ios/Orange\ Cloud/build/ModuleCache.noindex/Symbols-5QRJ6WUVTBHMUMASJK95V3XON.pcm /Users/runner/work/orange-cloud/orange-cloud/orange-cloud/apps/ios/Orange\ Cloud/build/ModuleCache.noindex/dnssd-BQHZ7A901O9HV9YU66Q4J5X3L.pcm /Users/runner/work/orange-cloud/orange-cloud/orange-cloud/apps/ios/Orange\ Cloud/build/ModuleCache.noindex/_Builtin_stdint-290FI51EQNOFVBG7NS1ML0Z2V.pcm /Users/runner/work/orange-cloud/orange-cloud/orange-cloud/apps/ios/Orange\ Cloud/build/ModuleCache.noindex/_DarwinFoundation1-3UOQAENB57LL2KO5AI0WLYJ8C.pcm /Users/runner/work/orange-cloud/orange-cloud/orange-cloud/apps/ios/Orange\ Cloud/build/ModuleCache.noindex/_Builtin_stdarg-12W2QMXXY2PLX73RFIB1Q6D2A.pcm /Users/runner/work/orange-cloud/orange-cloud/orange-cloud/apps/ios/Orange\ Cloud/build/ModuleCache.noindex/os_object-7SS4BZPP93DZX72D70X3VQ1MA.pcm /Users/runner/work/orange-cloud/orange-cloud/orange-cloud/apps/ios/Orange\ Cloud/build/ModuleCache.noindex/CoreVideo-4FJ89ANC758BB62D7GSUPA54K.pcm /Users/runner/work/orange-cloud/orange-cloud/orange-cloud/apps/ios/Orange\ Cloud/build/ModuleCache.noindex/Spatial-8KVXL64ITNN6163Z016FRF5PA.pcm /Users/runner/work/orange-cloud/orange-cloud/orange-cloud/apps/ios/Orange\ Cloud/build/ModuleCache.noindex/Dispatch-5N3UXMRAJ5KZCKGJ2YI4UX0M.pcm /Users/runner/work/orange-cloud/orange-cloud/orange-cloud/apps/ios/Orange\ Cloud/build/ModuleCache.noindex/_DarwinFoundation2-45PE0KB93G4K7POFC8MH27NTC.pcm /Users/runner/work/orange-cloud/orange-cloud/orange-cloud/apps/ios/Orange\ Cloud/build/ModuleCache.noindex/AppIntents-3QAXC0BL0NDVL9XR0CRZDPKDQ.pcm /Users/runner/work/orange-cloud/orange-cloud/orange-cloud/apps/ios/Orange\ Cloud/build/ModuleCache.noindex/MachO-F4ZGDGE7R9D11COSSW270PB0T.pcm /Users/runner/work/orange-cloud/orange-cloud/orange-cloud/apps/ios/Orange\ Cloud/build/ModuleCache.noindex/CoreData-ATCKQ06UPJPWN3FP47QZ3QSGI.pcm /Users/runner/work/orange-cloud/orange-cloud/orange-cloud/apps/ios/Orange\ Cloud/build/ModuleCache.noindex/SwiftUI-LKSBN75CQV1RMC3Y3ZATWA99.pcm /Users/runner/work/orange-cloud/orange-cloud/orange-cloud/apps/ios/Orange\ Cloud/build/ModuleCache.noindex/os_workgroup-6KQDB30MSOI7O9C9JE5V2S3N2.pcm /Users/runner/work/orange-cloud/orange-cloud/orange-cloud/apps/ios/Orange\ Cloud/build/ModuleCache.noindex/simd-9SP95JMY0CJQG7D1NASUZHKF6.pcm /Users/runner/work/orange-cloud/orange-cloud/orange-cloud/apps/ios/Orange\ Cloud/build/ModuleCache.noindex/UIUtilities-LO39ABVIRYTV463UBRX7COMT.pcm /Users/runner/work/orange-cloud/orange-cloud/orange-cloud/apps/ios/Orange\ Cloud/build/ModuleCache.noindex/ptrcheck-CXMQ3SP9Z6MI82OJMOOQKZYUS.pcm /Users/runner/work/orange-cloud/orange-cloud/orange-cloud/apps/ios/Orange\ Cloud/build/ModuleCache.noindex/CoreGraphics-1N279AO3TI0YY2PYSGDX20GWV.pcm /Users/runner/work/orange-cloud/orange-cloud/orange-cloud/apps/ios/Orange\ Cloud/build/ModuleCache.noindex/WatchKit-EVA9N5MCKT9AIOGV4CF9WDRH8.pcm /Users/runner/work/orange-cloud/orange-cloud/orange-cloud/apps/ios/Orange\ Cloud/build/ModuleCache.noindex/DataDetection-BV7B7NZ6Q0K7YN0QQ7LTH58H6.pcm /Users/runner/work/orange-cloud/orange-cloud/orange-cloud/apps/ios/Orange\ Cloud/build/ModuleCache.noindex/_Builtin_float-4DA0D740WRH7AEFY77YPLMOTE.pcm /Users/runner/work/orange-cloud/orange-cloud/orange-cloud/apps/ios/Orange\ Cloud/build/ModuleCache.noindex/ObjectiveC-EPKD79LWQX9QULATZD8BBSMOO.pcm /Users/runner/work/orange-cloud/orange-cloud/orange-cloud/apps/ios/Orange\ Cloud/build/ModuleCache.noindex/WidgetKit-5QVDVYO9V4NCIDC0V2QTZM57J.pcm /Users/runner/work/orange-cloud/orange-cloud/orange-cloud/apps/ios/Orange\ Cloud/build/ModuleCache.noindex/OSLog-6RXJ56YP1F1HO72N90OGV6D5Q.pcm /Users/runner/work/orange-cloud/orange-cloud/orange-cloud/apps/ios/Orange\ Cloud/build/ModuleCache.noindex/_LocationEssentials-4GZBH3FEVOHUD44H6C9AL2FG9.pcm /Users/runner/work/orange-cloud/orange-cloud/orange-cloud/apps/ios/Orange\ Cloud/build/ModuleCache.noindex/CoreFoundation-7ZVB8WRH21HS8KJ8ZZ2O97P7S.pcm /Users/runner/work/orange-cloud/orange-cloud/orange-cloud/apps/ios/Orange\ Cloud/build/ModuleCache.noindex/QuartzCore-2LNZRAD93D70MMU9P7NP1Z502.pcm /Users/runner/work/orange-cloud/orange-cloud/orange-cloud/apps/ios/Orange\ Cloud/build/ModuleCache.noindex/_Builtin_intrinsics-61OEN5WW0YYR7D1IRD5J9HC72.pcm /Users/runner/work/orange-cloud/orange-cloud/orange-cloud/apps/ios/Orange\ Cloud/build/ModuleCache.noindex/DeveloperToolsSupport-ETB9SQCIDAZ25EF87G69AGIOR.pcm /Users/runner/work/orange-cloud/orange-cloud/orange-cloud/apps/ios/Orange\ Cloud/build/ModuleCache.noindex/HomeKit-EY5RP1QE8Z61DC4F1V5427VZW.pcm /Users/runner/work/orange-cloud/orange-cloud/orange-cloud/apps/ios/Orange\ Cloud/build/ModuleCache.noindex/Darwin-6Z5FWG919W4O2SQELZQOIVUFQ.pcm /Users/runner/work/orange-cloud/orange-cloud/orange-cloud/apps/ios/Orange\ Cloud/build/ModuleCache.noindex/_Builtin_inttypes-L5BWW86H2W1QEZTVRZQJBZZW.pcm /Users/runner/work/orange-cloud/orange-cloud/orange-cloud/apps/ios/Orange\ Cloud/build/ModuleCache.noindex/CoreLocation-1OWKS5GUFU8EJEE8U73FJXIPC.pcm /Users/runner/work/orange-cloud/orange-cloud/orange-cloud/apps/ios/Orange\ Cloud/build/ModuleCache.noindex/MapKit-AWKWH1FQ61HCC8Z4EMZZOAVKR.pcm /Users/runner/work/orange-cloud/orange-cloud/orange-cloud/apps/ios/Orange\ Cloud/build/ModuleCache.noindex/RelevanceKit-3PZ3Q3F294EF9K2C4N6HXA3P2.pcm /Users/runner/work/orange-cloud/orange-cloud/orange-cloud/apps/ios/Orange\ Cloud/build/ModuleCache.noindex/UniformTypeIdentifiers-7WS8SU98LDLWWDDLQ6S4RP8KN.pcm /Users/runner/work/orange-cloud/orange-cloud/orange-cloud/apps/ios/Orange\ Cloud/build/ModuleCache.noindex/_Builtin_limits-AJKEDUTIENP7F9KGGM3EA5348.pcm /Users/runner/work/orange-cloud/orange-cloud/orange-cloud/apps/ios/Orange\ Cloud/build/ModuleCache.noindex/WatchConnectivity-8UZKK8SMAV03GEQC5EUSTWT39.pcm /Users/runner/work/orange-cloud/orange-cloud/orange-cloud/apps/ios/Orange\ Cloud/build/ModuleCache.noindex/os-GVIUOCV3V5OVX7H0Q3ELC4AW.pcm /Users/runner/work/orange-cloud/orange-cloud/orange-cloud/apps/ios/Orange\ Cloud/build/ModuleCache.noindex/_AvailabilityInternal-D804M8MJSDSBP5ECAA5RAQE0.pcm /Users/runner/work/orange-cloud/orange-cloud/orange-cloud/apps/ios/Orange\ Cloud/build/ModuleCache.noindex/_DarwinFoundation3-2D77DIS6QRGILD8A0ZDJT5EVS.pcm /Users/runner/work/orange-cloud/orange-cloud/orange-cloud/apps/ios/Orange\ Cloud/build/ModuleCache.noindex/UIKit-7LB4YGPPU6IHI2FUH5T54BD1.pcm /Users/runner/work/orange-cloud/orange-cloud/orange-cloud/apps/ios/Orange\ Cloud/build/ModuleCache.noindex/sys_types-BOJ19SH5IDRFGPOCDPI4GMHM6.pcm /Users/runner/work/orange-cloud/orange-cloud/orange-cloud/apps/ios/Orange\ Cloud/build/ModuleCache.noindex/_Builtin_stdatomic-3A49398K1SBFP61YLW8JI4DPZ.pcm /Users/runner/work/orange-cloud/orange-cloud/orange-cloud/apps/ios/Orange\ Cloud/build/ModuleCache.noindex/Foundation-CXL47DHEWIG8IN7FX2OGZ9XEY.pcm /Users/runner/work/orange-cloud/orange-cloud/orange-cloud/apps/ios/Orange\ Cloud/build/ModuleCache.noindex/Accessibility-3RW4X65T6LMU7WFE3LB9YU6VM.pcm /Users/runner/work/orange-cloud/orange-cloud/orange-cloud/apps/ios/Orange\ Cloud/build/ModuleCache.noindex/_Builtin_stdbool-BFSE7U2ZVV9VK5QCNITGQ71J6.pcm /Users/runner/work/orange-cloud/orange-cloud/orange-cloud/apps/ios/Orange\ Cloud/build/ModuleCache.noindex/_SwiftConcurrencyShims-B8VPXSQSI5HZZM4V0JXNPWS8J.pcm /Users/runner/work/orange-cloud/orange-cloud/orange-cloud/apps/ios/Orange\ Cloud/build/ModuleCache.noindex/CoreTransferable-DWNBFTECZLJYU1REWU45ECYEI.pcm /Users/runner/work/orange-cloud/orange-cloud/orange-cloud/apps/ios/Orange\ Cloud/build/ModuleCache.noindex/ptrauth-2J4DAP1N5ILBIG70A69NMQNQJ.pcm /Users/runner/work/orange-cloud/orange-cloud/orange-cloud/apps/ios/Orange\ Cloud/build/ModuleCache.noindex/_Builtin_stddef-2VYYWMQ4FYJYEKYX078GRLD4V.pcm /Users/runner/work/orange-cloud/orange-cloud/orange-cloud/apps/ios/Orange\ Cloud/build/Build/Intermediates.noindex/Orange\ Cloud.build/Release-watchos/Orange\ Cloud\ Watch\ Watch\ App.build/Objects-normal/arm64_32/Orange_Cloud_Watch_Watch_App-dependencies-2.json (in target 'Orange Cloud Watch Watch App' from project 'Orange Cloud')
CompileSwift normal arm64_32 (in target 'Orange Cloud Watch Watch App' from project 'Orange Cloud')
    cd /Users/runner/work/orange-cloud/orange-cloud/orange-cloud/apps/ios/Orange\ Cloud
    

SwiftDriverJobDiscovery normal arm64 Compiling BillingCycle.swift, ContentView.swift, Orange_Cloud_WatchApp.swift, UsageView.swift, WatchBridge.swift, WatchFetcher.swift, WatchSky.swift, WatchTokenStore.swift, ZoneDetailView.swift, ByteFormat.swift, DayBoundary.swift, FileProviderDomainID.swift, SharedAuth.swift, SkyPhase.swift, Theme.swift, WatchBridgePayload.swift, WidgetConfigIntents.swift, WidgetSnapshot.swift, GeneratedAssetSymbols.swift, GeneratedStringSymbols_Localizable.swift (in target 'Orange Cloud Watch Watch App' from project 'Orange Cloud')

SwiftDriver\ Compilation\ Requirements Orange\ Cloud\ Watch\ Watch\ App normal arm64 com.apple.xcode.tools.swift.compiler (in target 'Orange Cloud Watch Watch App' from project 'Orange Cloud')
    cd /Users/runner/work/orange-cloud/orange-cloud/orange-cloud/apps/ios/Orange\ Cloud
    builtin-Swift-Compilation-Requirements -- /Applications/Xcode_26.6.app/Contents/Developer/Toolchains/XcodeDefault.xctoolchain/usr/bin/swiftc -module-name Orange_Cloud_Watch_Watch_App -O -whole-module-optimization @/Users/runner/work/orange-cloud/orange-cloud/orange-cloud/apps/ios/Orange\ Cloud/build/Build/Intermediates.noindex/Orange\ Cloud.build/Release-watchos/Orange\ Cloud\ Watch\ Watch\ App.build/Objects-normal/arm64/Orange\ Cloud\ Watch\ Watch\ App.SwiftFileList -DOPENSOURCE_UNLOCKED -D OPENSOURCE_UNLOCKED -default-isolation\=MainActor -enable-bare-slash-regex -enable-upcoming-feature DisableOutwardActorInference -enable-upcoming-feature InferSendableFromCaptures -enable-upcoming-feature GlobalActorIsolatedTypesUsability -enable-upcoming-feature MemberImportVisibility -enable-upcoming-feature InferIsolatedConformances -enable-upcoming-feature NonisolatedNonsendingByDefault -enable-experimental-feature DebugDescriptionMacro -sdk /Applications/Xcode_26.6.app/Contents/Developer/Platforms/WatchOS.platform/Developer/SDKs/WatchOS26.5.sdk -target arm64-apple-watchos10.6 -g -module-cache-path /Users/runner/work/orange-cloud/orange-cloud/orange-cloud/apps/ios/Orange\ Cloud/build/ModuleCache.noindex -Xfrontend -serialize-debugging-options -swift-version 5 -I /Users/runner/work/orange-cloud/orange-cloud/orange-cloud/apps/ios/Orange\ Cloud/build/Build/Products/Release-watchos -F /Users/runner/work/orange-cloud/orange-cloud/orange-cloud/apps/ios/Orange\ Cloud/build/Build/Products/Release-watchos -emit-localized-strings -emit-localized-strings-path /Users/runner/work/orange-cloud/orange-cloud/orange-cloud/apps/ios/Orange\ Cloud/build/Build/Intermediates.noindex/Orange\ Cloud.build/Release-watchos/Orange\ Cloud\ Watch\ Watch\ App.build/Objects-normal/arm64 -c -num-threads 3 -Xcc -ivfsstatcache -Xcc /Users/runner/work/orange-cloud/orange-cloud/orange-cloud/apps/ios/Orange\ Cloud/build/SDKStatCaches.noindex/watchos26.5-23T570-688ef53f1462e2c8f657fdc38a81448f6f39cd4ed9f891394c9a6a463e5c5cb7.sdkstatcache -output-file-map /Users/runner/work/orange-cloud/orange-cloud/orange-cloud/apps/ios/Orange\ Cloud/build/Build/Intermediates.noindex/Orange\ Cloud.build/Release-watchos/Orange\ Cloud\ Watch\ Watch\ App.build/Objects-normal/arm64/Orange\ Cloud\ Watch\ Watch\ App-OutputFileMap.json -use-frontend-parseable-output -save-temps -no-color-diagnostics -explicit-module-build -module-cache-path /Users/runner/work/orange-cloud/orange-cloud/orange-cloud/apps/ios/Orange\ Cloud/build/Build/Intermediates.noindex/SwiftExplicitPrecompiledModules -clang-scanner-module-cache-path /Users/runner/work/orange-cloud/orange-cloud/orange-cloud/apps/ios/Orange\ Cloud/build/ModuleCache.noindex -sdk-module-cache-path /Users/runner/work/orange-cloud/orange-cloud/orange-cloud/apps/ios/Orange\ Cloud/build/ModuleCache.noindex -serialize-diagnostics -emit-dependencies -emit-module -emit-module-path /Users/runner/work/orange-cloud/orange-cloud/orange-cloud/apps/ios/Orange\ Cloud/build/Build/Intermediates.noindex/Orange\ Cloud.build/Release-watchos/Orange\ Cloud\ Watch\ Watch\ App.build/Objects-normal/arm64/Orange_Cloud_Watch_Watch_App.swiftmodule -validate-clang-modules-once -clang-build-session-file /Users/runner/work/orange-cloud/orange-cloud/orange-cloud/apps/ios/Orange\ Cloud/build/ModuleCache.noindex/Session.modulevalidation -Xcc -I/Users/runner/work/orange-cloud/orange-cloud/orange-cloud/apps/ios/Orange\ Cloud/build/Build/Intermediates.noindex/Orange\ Cloud.build/Release-watchos/Orange\ Cloud\ Watch\ Watch\ App.build/swift-overrides.hmap -emit-const-values -Xfrontend -const-gather-protocols-file -Xfrontend /Users/runner/work/orange-cloud/orange-cloud/orange-cloud/apps/ios/Orange\ Cloud/build/Build/Intermediates.noindex/Orange\ Cloud.build/Release-watchos/Orange\ Cloud\ Watch\ Watch\ App.build/Objects-normal/arm64/Orange\ Cloud\ Watch\ Watch\ App_const_extract_protocols.json -Xcc -iquote -Xcc /Users/runner/work/orange-cloud/orange-cloud/orange-cloud/apps/ios/Orange\ Cloud/build/Build/Intermediates.noindex/Orange\ Cloud.build/Release-watchos/Orange\ Cloud\ Watch\ Watch\ App.build/Orange\ Cloud\ Watch\ Watch\ App-generated-files.hmap -Xcc -I/Users/runner/work/orange-cloud/orange-cloud/orange-cloud/apps/ios/Orange\ Cloud/build/Build/Intermediates.noindex/Orange\ Cloud.build/Release-watchos/Orange\ Cloud\ Watch\ Watch\ App.build/Orange\ Cloud\ Watch\ Watch\ App-own-target-headers.hmap -Xcc -I/Users/runner/work/orange-cloud/orange-cloud/orange-cloud/apps/ios/Orange\ Cloud/build/Build/Intermediates.noindex/Orange\ Cloud.build/Release-watchos/Orange\ Cloud\ Watch\ Watch\ App.build/Orange\ Cloud\ Watch\ Watch\ App-all-non-framework-target-headers.hmap -Xcc -ivfsoverlay -Xcc /Users/runner/work/orange-cloud/orange-cloud/orange-cloud/apps/ios/Orange\ Cloud/build/Build/Intermediates.noindex/Orange\ Cloud.build/Release-watchos/Orange\ Cloud-caa53a888f9e6677ffee03f20a1a9cdb-VFS-watchos/all-product-headers.yaml -Xcc -iquote -Xcc /Users/runner/work/orange-cloud/orange-cloud/orange-cloud/apps/ios/Orange\ Cloud/build/Build/Intermediates.noindex/Orange\ Cloud.build/Release-watchos/Orange\ Cloud\ Watch\ Watch\ App.build/Orange\ Cloud\ Watch\ Watch\ App-project-headers.hmap -Xcc -I/Users/runner/work/orange-cloud/orange-cloud/orange-cloud/apps/ios/Orange\ Cloud/build/Build/Products/Release-watchos/include -Xcc -I/Users/runner/work/orange-cloud/orange-cloud/orange-cloud/apps/ios/Orange\ Cloud/build/Build/Intermediates.noindex/Orange\ Cloud.build/Release-watchos/Orange\ Cloud\ Watch\ Watch\ App.build/DerivedSources-normal/arm64 -Xcc -I/Users/runner/work/orange-cloud/orange-cloud/orange-cloud/apps/ios/Orange\ Cloud/build/Build/Intermediates.noindex/Orange\ Cloud.build/Release-watchos/Orange\ Cloud\ Watch\ Watch\ App.build/DerivedSources/arm64 -Xcc -I/Users/runner/work/orange-cloud/orange-cloud/orange-cloud/apps/ios/Orange\ Cloud/build/Build/Intermediates.noindex/Orange\ Cloud.build/Release-watchos/Orange\ Cloud\ Watch\ Watch\ App.build/DerivedSources -emit-objc-header -emit-objc-header-path /Users/runner/work/orange-cloud/orange-cloud/orange-cloud/apps/ios/Orange\ Cloud/build/Build/Intermediates.noindex/Orange\ Cloud.build/Release-watchos/Orange\ Cloud\ Watch\ Watch\ App.build/Objects-normal/arm64/Orange_Cloud_Watch_Watch_App-Swift.h -working-directory /Users/runner/work/orange-cloud/orange-cloud/orange-cloud/apps/ios/Orange\ Cloud -no-emit-module-separately-wmo

Copy /Users/runner/work/orange-cloud/orange-cloud/orange-cloud/apps/ios/Orange\ Cloud/build/Build/Products/Release-watchos/Orange_Cloud_Watch_Watch_App.swiftmodule/arm64-apple-watchos.swiftmodule /Users/runner/work/orange-cloud/orange-cloud/orange-cloud/apps/ios/Orange\ Cloud/build/Build/Intermediates.noindex/Orange\ Cloud.build/Release-watchos/Orange\ Cloud\ Watch\ Watch\ App.build/Objects-normal/arm64/Orange_Cloud_Watch_Watch_App.swiftmodule (in target 'Orange Cloud Watch Watch App' from project 'Orange Cloud')
    cd /Users/runner/work/orange-cloud/orange-cloud/orange-cloud/apps/ios/Orange\ Cloud
    builtin-copy -exclude .DS_Store -exclude CVS -exclude .svn -exclude .git -exclude .hg -resolve-src-symlinks -rename /Users/runner/work/orange-cloud/orange-cloud/orange-cloud/apps/ios/Orange\ Cloud/build/Build/Intermediates.noindex/Orange\ Cloud.build/Release-watchos/Orange\ Cloud\ Watch\ Watch\ App.build/Objects-normal/arm64/Orange_Cloud_Watch_Watch_App.swiftmodule /Users/runner/work/orange-cloud/orange-cloud/orange-cloud/apps/ios/Orange\ Cloud/build/Build/Products/Release-watchos/Orange_Cloud_Watch_Watch_App.swiftmodule/arm64-apple-watchos.swiftmodule

Copy /Users/runner/work/orange-cloud/orange-cloud/orange-cloud/apps/ios/Orange\ Cloud/build/Build/Products/Release-watchos/Orange_Cloud_Watch_Watch_App.swiftmodule/arm64-apple-watchos.swiftdoc /Users/runner/work/orange-cloud/orange-cloud/orange-cloud/apps/ios/Orange\ Cloud/build/Build/Intermediates.noindex/Orange\ Cloud.build/Release-watchos/Orange\ Cloud\ Watch\ Watch\ App.build/Objects-normal/arm64/Orange_Cloud_Watch_Watch_App.swiftdoc (in target 'Orange Cloud Watch Watch App' from project 'Orange Cloud')
    cd /Users/runner/work/orange-cloud/orange-cloud/orange-cloud/apps/ios/Orange\ Cloud
    builtin-copy -exclude .DS_Store -exclude CVS -exclude .svn -exclude .git -exclude .hg -resolve-src-symlinks -rename /Users/runner/work/orange-cloud/orange-cloud/orange-cloud/apps/ios/Orange\ Cloud/build/Build/Intermediates.noindex/Orange\ Cloud.build/Release-watchos/Orange\ Cloud\ Watch\ Watch\ App.build/Objects-normal/arm64/Orange_Cloud_Watch_Watch_App.swiftdoc /Users/runner/work/orange-cloud/orange-cloud/orange-cloud/apps/ios/Orange\ Cloud/build/Build/Products/Release-watchos/Orange_Cloud_Watch_Watch_App.swiftmodule/arm64-apple-watchos.swiftdoc

Copy /Users/runner/work/orange-cloud/orange-cloud/orange-cloud/apps/ios/Orange\ Cloud/build/Build/Products/Release-watchos/Orange_Cloud_Watch_Watch_App.swiftmodule/arm64-apple-watchos.abi.json /Users/runner/work/orange-cloud/orange-cloud/orange-cloud/apps/ios/Orange\ Cloud/build/Build/Intermediates.noindex/Orange\ Cloud.build/Release-watchos/Orange\ Cloud\ Watch\ Watch\ App.build/Objects-normal/arm64/Orange_Cloud_Watch_Watch_App.abi.json (in target 'Orange Cloud Watch Watch App' from project 'Orange Cloud')
    cd /Users/runner/work/orange-cloud/orange-cloud/orange-cloud/apps/ios/Orange\ Cloud
    builtin-copy -exclude .DS_Store -exclude CVS -exclude .svn -exclude .git -exclude .hg -resolve-src-symlinks -rename /Users/runner/work/orange-cloud/orange-cloud/orange-cloud/apps/ios/Orange\ Cloud/build/Build/Intermediates.noindex/Orange\ Cloud.build/Release-watchos/Orange\ Cloud\ Watch\ Watch\ App.build/Objects-normal/arm64/Orange_Cloud_Watch_Watch_App.abi.json /Users/runner/work/orange-cloud/orange-cloud/orange-cloud/apps/ios/Orange\ Cloud/build/Build/Products/Release-watchos/Orange_Cloud_Watch_Watch_App.swiftmodule/arm64-apple-watchos.abi.json

Copy /Users/runner/work/orange-cloud/orange-cloud/orange-cloud/apps/ios/Orange\ Cloud/build/Build/Products/Release-watchos/Orange_Cloud_Watch_Watch_App.swiftmodule/Project/arm64-apple-watchos.swiftsourceinfo /Users/runner/work/orange-cloud/orange-cloud/orange-cloud/apps/ios/Orange\ Cloud/build/Build/Intermediates.noindex/Orange\ Cloud.build/Release-watchos/Orange\ Cloud\ Watch\ Watch\ App.build/Objects-normal/arm64/Orange_Cloud_Watch_Watch_App.swiftsourceinfo (in target 'Orange Cloud Watch Watch App' from project 'Orange Cloud')
    cd /Users/runner/work/orange-cloud/orange-cloud/orange-cloud/apps/ios/Orange\ Cloud
    builtin-copy -exclude .DS_Store -exclude CVS -exclude .svn -exclude .git -exclude .hg -resolve-src-symlinks -rename /Users/runner/work/orange-cloud/orange-cloud/orange-cloud/apps/ios/Orange\ Cloud/build/Build/Intermediates.noindex/Orange\ Cloud.build/Release-watchos/Orange\ Cloud\ Watch\ Watch\ App.build/Objects-normal/arm64/Orange_Cloud_Watch_Watch_App.swiftsourceinfo /Users/runner/work/orange-cloud/orange-cloud/orange-cloud/apps/ios/Orange\ Cloud/build/Build/Products/Release-watchos/Orange_Cloud_Watch_Watch_App.swiftmodule/Project/arm64-apple-watchos.swiftsourceinfo

SwiftDriverJobDiscovery normal arm64_32 Compiling BillingCycle.swift, ContentView.swift, Orange_Cloud_WatchApp.swift, UsageView.swift, WatchBridge.swift, WatchFetcher.swift, WatchSky.swift, WatchTokenStore.swift, ZoneDetailView.swift, ByteFormat.swift, DayBoundary.swift, FileProviderDomainID.swift, SharedAuth.swift, SkyPhase.swift, Theme.swift, WatchBridgePayload.swift, WidgetConfigIntents.swift, WidgetSnapshot.swift, GeneratedAssetSymbols.swift, GeneratedStringSymbols_Localizable.swift (in target 'Orange Cloud Watch Watch App' from project 'Orange Cloud')

SwiftDriver\ Compilation\ Requirements Orange\ Cloud\ Watch\ Watch\ App normal arm64_32 com.apple.xcode.tools.swift.compiler (in target 'Orange Cloud Watch Watch App' from project 'Orange Cloud')
    cd /Users/runner/work/orange-cloud/orange-cloud/orange-cloud/apps/ios/Orange\ Cloud
    builtin-Swift-Compilation-Requirements -- /Applications/Xcode_26.6.app/Contents/Developer/Toolchains/XcodeDefault.xctoolchain/usr/bin/swiftc -module-name Orange_Cloud_Watch_Watch_App -O -whole-module-optimization @/Users/runner/work/orange-cloud/orange-cloud/orange-cloud/apps/ios/Orange\ Cloud/build/Build/Intermediates.noindex/Orange\ Cloud.build/Release-watchos/Orange\ Cloud\ Watch\ Watch\ App.build/Objects-normal/arm64_32/Orange\ Cloud\ Watch\ Watch\ App.SwiftFileList -DOPENSOURCE_UNLOCKED -D OPENSOURCE_UNLOCKED -default-isolation\=MainActor -enable-bare-slash-regex -enable-upcoming-feature DisableOutwardActorInference -enable-upcoming-feature InferSendableFromCaptures -enable-upcoming-feature GlobalActorIsolatedTypesUsability -enable-upcoming-feature MemberImportVisibility -enable-upcoming-feature InferIsolatedConformances -enable-upcoming-feature NonisolatedNonsendingByDefault -enable-experimental-feature DebugDescriptionMacro -sdk /Applications/Xcode_26.6.app/Contents/Developer/Platforms/WatchOS.platform/Developer/SDKs/WatchOS26.5.sdk -target arm64_32-apple-watchos10.6 -g -module-cache-path /Users/runner/work/orange-cloud/orange-cloud/orange-cloud/apps/ios/Orange\ Cloud/build/ModuleCache.noindex -Xfrontend -serialize-debugging-options -swift-version 5 -I /Users/runner/work/orange-cloud/orange-cloud/orange-cloud/apps/ios/Orange\ Cloud/build/Build/Products/Release-watchos -F /Users/runner/work/orange-cloud/orange-cloud/orange-cloud/apps/ios/Orange\ Cloud/build/Build/Products/Release-watchos -emit-localized-strings -emit-localized-strings-path /Users/runner/work/orange-cloud/orange-cloud/orange-cloud/apps/ios/Orange\ Cloud/build/Build/Intermediates.noindex/Orange\ Cloud.build/Release-watchos/Orange\ Cloud\ Watch\ Watch\ App.build/Objects-normal/arm64_32 -c -num-threads 3 -Xcc -ivfsstatcache -Xcc /Users/runner/work/orange-cloud/orange-cloud/orange-cloud/apps/ios/Orange\ Cloud/build/SDKStatCaches.noindex/watchos26.5-23T570-688ef53f1462e2c8f657fdc38a81448f6f39cd4ed9f891394c9a6a463e5c5cb7.sdkstatcache -output-file-map /Users/runner/work/orange-cloud/orange-cloud/orange-cloud/apps/ios/Orange\ Cloud/build/Build/Intermediates.noindex/Orange\ Cloud.build/Release-watchos/Orange\ Cloud\ Watch\ Watch\ App.build/Objects-normal/arm64_32/Orange\ Cloud\ Watch\ Watch\ App-OutputFileMap.json -use-frontend-parseable-output -save-temps -no-color-diagnostics -explicit-module-build -module-cache-path /Users/runner/work/orange-cloud/orange-cloud/orange-cloud/apps/ios/Orange\ Cloud/build/Build/Intermediates.noindex/SwiftExplicitPrecompiledModules -clang-scanner-module-cache-path /Users/runner/work/orange-cloud/orange-cloud/orange-cloud/apps/ios/Orange\ Cloud/build/ModuleCache.noindex -sdk-module-cache-path /Users/runner/work/orange-cloud/orange-cloud/orange-cloud/apps/ios/Orange\ Cloud/build/ModuleCache.noindex -serialize-diagnostics -emit-dependencies -emit-module -emit-module-path /Users/runner/work/orange-cloud/orange-cloud/orange-cloud/apps/ios/Orange\ Cloud/build/Build/Intermediates.noindex/Orange\ Cloud.build/Release-watchos/Orange\ Cloud\ Watch\ Watch\ App.build/Objects-normal/arm64_32/Orange_Cloud_Watch_Watch_App.swiftmodule -validate-clang-modules-once -clang-build-session-file /Users/runner/work/orange-cloud/orange-cloud/orange-cloud/apps/ios/Orange\ Cloud/build/ModuleCache.noindex/Session.modulevalidation -Xcc -I/Users/runner/work/orange-cloud/orange-cloud/orange-cloud/apps/ios/Orange\ Cloud/build/Build/Intermediates.noindex/Orange\ Cloud.build/Release-watchos/Orange\ Cloud\ Watch\ Watch\ App.build/swift-overrides.hmap -emit-const-values -Xfrontend -const-gather-protocols-file -Xfrontend /Users/runner/work/orange-cloud/orange-cloud/orange-cloud/apps/ios/Orange\ Cloud/build/Build/Intermediates.noindex/Orange\ Cloud.build/Release-watchos/Orange\ Cloud\ Watch\ Watch\ App.build/Objects-normal/arm64_32/Orange\ Cloud\ Watch\ Watch\ App_const_extract_protocols.json -Xcc -iquote -Xcc /Users/runner/work/orange-cloud/orange-cloud/orange-cloud/apps/ios/Orange\ Cloud/build/Build/Intermediates.noindex/Orange\ Cloud.build/Release-watchos/Orange\ Cloud\ Watch\ Watch\ App.build/Orange\ Cloud\ Watch\ Watch\ App-generated-files.hmap -Xcc -I/Users/runner/work/orange-cloud/orange-cloud/orange-cloud/apps/ios/Orange\ Cloud/build/Build/Intermediates.noindex/Orange\ Cloud.build/Release-watchos/Orange\ Cloud\ Watch\ Watch\ App.build/Orange\ Cloud\ Watch\ Watch\ App-own-target-headers.hmap -Xcc -I/Users/runner/work/orange-cloud/orange-cloud/orange-cloud/apps/ios/Orange\ Cloud/build/Build/Intermediates.noindex/Orange\ Cloud.build/Release-watchos/Orange\ Cloud\ Watch\ Watch\ App.build/Orange\ Cloud\ Watch\ Watch\ App-all-non-framework-target-headers.hmap -Xcc -ivfsoverlay -Xcc /Users/runner/work/orange-cloud/orange-cloud/orange-cloud/apps/ios/Orange\ Cloud/build/Build/Intermediates.noindex/Orange\ Cloud.build/Release-watchos/Orange\ Cloud-caa53a888f9e6677ffee03f20a1a9cdb-VFS-watchos/all-product-headers.yaml -Xcc -iquote -Xcc /Users/runner/work/orange-cloud/orange-cloud/orange-cloud/apps/ios/Orange\ Cloud/build/Build/Intermediates.noindex/Orange\ Cloud.build/Release-watchos/Orange\ Cloud\ Watch\ Watch\ App.build/Orange\ Cloud\ Watch\ Watch\ App-project-headers.hmap -Xcc -I/Users/runner/work/orange-cloud/orange-cloud/orange-cloud/apps/ios/Orange\ Cloud/build/Build/Products/Release-watchos/include -Xcc -I/Users/runner/work/orange-cloud/orange-cloud/orange-cloud/apps/ios/Orange\ Cloud/build/Build/Intermediates.noindex/Orange\ Cloud.build/Release-watchos/Orange\ Cloud\ Watch\ Watch\ App.build/DerivedSources-normal/arm64_32 -Xcc -I/Users/runner/work/orange-cloud/orange-cloud/orange-cloud/apps/ios/Orange\ Cloud/build/Build/Intermediates.noindex/Orange\ Cloud.build/Release-watchos/Orange\ Cloud\ Watch\ Watch\ App.build/DerivedSources/arm64_32 -Xcc -I/Users/runner/work/orange-cloud/orange-cloud/orange-cloud/apps/ios/Orange\ Cloud/build/Build/Intermediates.noindex/Orange\ Cloud.build/Release-watchos/Orange\ Cloud\ Watch\ Watch\ App.build/DerivedSources -emit-objc-header -emit-objc-header-path /Users/runner/work/orange-cloud/orange-cloud/orange-cloud/apps/ios/Orange\ Cloud/build/Build/Intermediates.noindex/Orange\ Cloud.build/Release-watchos/Orange\ Cloud\ Watch\ Watch\ App.build/Objects-normal/arm64_32/Orange_Cloud_Watch_Watch_App-Swift.h -working-directory /Users/runner/work/orange-cloud/orange-cloud/orange-cloud/apps/ios/Orange\ Cloud -no-emit-module-separately-wmo

SwiftMergeGeneratedHeaders /Users/runner/work/orange-cloud/orange-cloud/orange-cloud/apps/ios/Orange\ Cloud/build/Build/Intermediates.noindex/Orange\ Cloud.build/Release-watchos/Orange\ Cloud\ Watch\ Watch\ App.build/DerivedSources/Orange_Cloud_Watch_Watch_App-Swift.h /Users/runner/work/orange-cloud/orange-cloud/orange-cloud/apps/ios/Orange\ Cloud/build/Build/Intermediates.noindex/Orange\ Cloud.build/Release-watchos/Orange\ Cloud\ Watch\ Watch\ App.build/Objects-normal/arm64/Orange_Cloud_Watch_Watch_App-Swift.h /Users/runner/work/orange-cloud/orange-cloud/orange-cloud/apps/ios/Orange\ Cloud/build/Build/Intermediates.noindex/Orange\ Cloud.build/Release-watchos/Orange\ Cloud\ Watch\ Watch\ App.build/Objects-normal/arm64_32/Orange_Cloud_Watch_Watch_App-Swift.h (in target 'Orange Cloud Watch Watch App' from project 'Orange Cloud')
    cd /Users/runner/work/orange-cloud/orange-cloud/orange-cloud/apps/ios/Orange\ Cloud
    builtin-swiftHeaderTool -arch arm64 /Users/runner/work/orange-cloud/orange-cloud/orange-cloud/apps/ios/Orange\ Cloud/build/Build/Intermediates.noindex/Orange\ Cloud.build/Release-watchos/Orange\ Cloud\ Watch\ Watch\ App.build/Objects-normal/arm64/Orange_Cloud_Watch_Watch_App-Swift.h -arch arm64_32 /Users/runner/work/orange-cloud/orange-cloud/orange-cloud/apps/ios/Orange\ Cloud/build/Build/Intermediates.noindex/Orange\ Cloud.build/Release-watchos/Orange\ Cloud\ Watch\ Watch\ App.build/Objects-normal/arm64_32/Orange_Cloud_Watch_Watch_App-Swift.h -o /Users/runner/work/orange-cloud/orange-cloud/orange-cloud/apps/ios/Orange\ Cloud/build/Build/Intermediates.noindex/Orange\ Cloud.build/Release-watchos/Orange\ Cloud\ Watch\ Watch\ App.build/DerivedSources/Orange_Cloud_Watch_Watch_App-Swift.h

Copy /Users/runner/work/orange-cloud/orange-cloud/orange-cloud/apps/ios/Orange\ Cloud/build/Build/Products/Release-watchos/Orange_Cloud_Watch_Watch_App.swiftmodule/arm64_32-apple-watchos.swiftmodule /Users/runner/work/orange-cloud/orange-cloud/orange-cloud/apps/ios/Orange\ Cloud/build/Build/Intermediates.noindex/Orange\ Cloud.build/Release-watchos/Orange\ Cloud\ Watch\ Watch\ App.build/Objects-normal/arm64_32/Orange_Cloud_Watch_Watch_App.swiftmodule (in target 'Orange Cloud Watch Watch App' from project 'Orange Cloud')
    cd /Users/runner/work/orange-cloud/orange-cloud/orange-cloud/apps/ios/Orange\ Cloud
    builtin-copy -exclude .DS_Store -exclude CVS -exclude .svn -exclude .git -exclude .hg -resolve-src-symlinks -rename /Users/runner/work/orange-cloud/orange-cloud/orange-cloud/apps/ios/Orange\ Cloud/build/Build/Intermediates.noindex/Orange\ Cloud.build/Release-watchos/Orange\ Cloud\ Watch\ Watch\ App.build/Objects-normal/arm64_32/Orange_Cloud_Watch_Watch_App.swiftmodule /Users/runner/work/orange-cloud/orange-cloud/orange-cloud/apps/ios/Orange\ Cloud/build/Build/Products/Release-watchos/Orange_Cloud_Watch_Watch_App.swiftmodule/arm64_32-apple-watchos.swiftmodule

Copy /Users/runner/work/orange-cloud/orange-cloud/orange-cloud/apps/ios/Orange\ Cloud/build/Build/Products/Release-watchos/Orange_Cloud_Watch_Watch_App.swiftmodule/arm64_32-apple-watchos.swiftdoc /Users/runner/work/orange-cloud/orange-cloud/orange-cloud/apps/ios/Orange\ Cloud/build/Build/Intermediates.noindex/Orange\ Cloud.build/Release-watchos/Orange\ Cloud\ Watch\ Watch\ App.build/Objects-normal/arm64_32/Orange_Cloud_Watch_Watch_App.swiftdoc (in target 'Orange Cloud Watch Watch App' from project 'Orange Cloud')
    cd /Users/runner/work/orange-cloud/orange-cloud/orange-cloud/apps/ios/Orange\ Cloud
    builtin-copy -exclude .DS_Store -exclude CVS -exclude .svn -exclude .git -exclude .hg -resolve-src-symlinks -rename /Users/runner/work/orange-cloud/orange-cloud/orange-cloud/apps/ios/Orange\ Cloud/build/Build/Intermediates.noindex/Orange\ Cloud.build/Release-watchos/Orange\ Cloud\ Watch\ Watch\ App.build/Objects-normal/arm64_32/Orange_Cloud_Watch_Watch_App.swiftdoc /Users/runner/work/orange-cloud/orange-cloud/orange-cloud/apps/ios/Orange\ Cloud/build/Build/Products/Release-watchos/Orange_Cloud_Watch_Watch_App.swiftmodule/arm64_32-apple-watchos.swiftdoc

Copy /Users/runner/work/orange-cloud/orange-cloud/orange-cloud/apps/ios/Orange\ Cloud/build/Build/Products/Release-watchos/Orange_Cloud_Watch_Watch_App.swiftmodule/arm64_32-apple-watchos.abi.json /Users/runner/work/orange-cloud/orange-cloud/orange-cloud/apps/ios/Orange\ Cloud/build/Build/Intermediates.noindex/Orange\ Cloud.build/Release-watchos/Orange\ Cloud\ Watch\ Watch\ App.build/Objects-normal/arm64_32/Orange_Cloud_Watch_Watch_App.abi.json (in target 'Orange Cloud Watch Watch App' from project 'Orange Cloud')
    cd /Users/runner/work/orange-cloud/orange-cloud/orange-cloud/apps/ios/Orange\ Cloud
    builtin-copy -exclude .DS_Store -exclude CVS -exclude .svn -exclude .git -exclude .hg -resolve-src-symlinks -rename /Users/runner/work/orange-cloud/orange-cloud/orange-cloud/apps/ios/Orange\ Cloud/build/Build/Intermediates.noindex/Orange\ Cloud.build/Release-watchos/Orange\ Cloud\ Watch\ Watch\ App.build/Objects-normal/arm64_32/Orange_Cloud_Watch_Watch_App.abi.json /Users/runner/work/orange-cloud/orange-cloud/orange-cloud/apps/ios/Orange\ Cloud/build/Build/Products/Release-watchos/Orange_Cloud_Watch_Watch_App.swiftmodule/arm64_32-apple-watchos.abi.json

Copy /Users/runner/work/orange-cloud/orange-cloud/orange-cloud/apps/ios/Orange\ Cloud/build/Build/Products/Release-watchos/Orange_Cloud_Watch_Watch_App.swiftmodule/Project/arm64_32-apple-watchos.swiftsourceinfo /Users/runner/work/orange-cloud/orange-cloud/orange-cloud/apps/ios/Orange\ Cloud/build/Build/Intermediates.noindex/Orange\ Cloud.build/Release-watchos/Orange\ Cloud\ Watch\ Watch\ App.build/Objects-normal/arm64_32/Orange_Cloud_Watch_Watch_App.swiftsourceinfo (in target 'Orange Cloud Watch Watch App' from project 'Orange Cloud')
    cd /Users/runner/work/orange-cloud/orange-cloud/orange-cloud/apps/ios/Orange\ Cloud
    builtin-copy -exclude .DS_Store -exclude CVS -exclude .svn -exclude .git -exclude .hg -resolve-src-symlinks -rename /Users/runner/work/orange-cloud/orange-cloud/orange-cloud/apps/ios/Orange\ Cloud/build/Build/Intermediates.noindex/Orange\ Cloud.build/Release-watchos/Orange\ Cloud\ Watch\ Watch\ App.build/Objects-normal/arm64_32/Orange_Cloud_Watch_Watch_App.swiftsourceinfo /Users/runner/work/orange-cloud/orange-cloud/orange-cloud/apps/ios/Orange\ Cloud/build/Build/Products/Release-watchos/Orange_Cloud_Watch_Watch_App.swiftmodule/Project/arm64_32-apple-watchos.swiftsourceinfo

Ld /Users/runner/work/orange-cloud/orange-cloud/orange-cloud/apps/ios/Orange\ Cloud/build/Build/Intermediates.noindex/Orange\ Cloud.build/Release-watchos/Orange\ Cloud\ Watch\ Watch\ App.build/Objects-normal/arm64_32/Binary/Orange\ Cloud\ Watch\ Watch\ App normal arm64_32 (in target 'Orange Cloud Watch Watch App' from project 'Orange Cloud')
    cd /Users/runner/work/orange-cloud/orange-cloud/orange-cloud/apps/ios/Orange\ Cloud
    /Applications/Xcode_26.6.app/Contents/Developer/Toolchains/XcodeDefault.xctoolchain/usr/bin/clang -Xlinker -reproducible -target arm64_32-apple-watchos10.6 -isysroot /Applications/Xcode_26.6.app/Contents/Developer/Platforms/WatchOS.platform/Developer/SDKs/WatchOS26.5.sdk -Os -L/Users/runner/work/orange-cloud/orange-cloud/orange-cloud/apps/ios/Orange\ Cloud/build/Build/Intermediates.noindex/EagerLinkingTBDs/Release-watchos -L/Users/runner/work/orange-cloud/orange-cloud/orange-cloud/apps/ios/Orange\ Cloud/build/Build/Products/Release-watchos -F/Users/runner/work/orange-cloud/orange-cloud/orange-cloud/apps/ios/Orange\ Cloud/build/Build/Intermediates.noindex/EagerLinkingTBDs/Release-watchos -F/Users/runner/work/orange-cloud/orange-cloud/orange-cloud/apps/ios/Orange\ Cloud/build/Build/Products/Release-watchos -filelist /Users/runner/work/orange-cloud/orange-cloud/orange-cloud/apps/ios/Orange\ Cloud/build/Build/Intermediates.noindex/Orange\ Cloud.build/Release-watchos/Orange\ Cloud\ Watch\ Watch\ App.build/Objects-normal/arm64_32/Orange\ Cloud\ Watch\ Watch\ App.LinkFileList -Xlinker -rpath -Xlinker /usr/lib/swift -Xlinker -rpath -Xlinker @executable_path/Frameworks -Xlinker -dead_strip -Xlinker -object_path_lto -Xlinker /Users/runner/work/orange-cloud/orange-cloud/orange-cloud/apps/ios/Orange\ Cloud/build/Build/Intermediates.noindex/Orange\ Cloud.build/Release-watchos/Orange\ Cloud\ Watch\ Watch\ App.build/Objects-normal/arm64_32/Orange\ Cloud\ Watch\ Watch\ App_lto.o -Xlinker -dependency_info -Xlinker /Users/runner/work/orange-cloud/orange-cloud/orange-cloud/apps/ios/Orange\ Cloud/build/Build/Intermediates.noindex/Orange\ Cloud.build/Release-watchos/Orange\ Cloud\ Watch\ Watch\ App.build/Objects-normal/arm64_32/Orange\ Cloud\ Watch\ Watch\ App_dependency_info.dat -fobjc-link-runtime -L/Applications/Xcode_26.6.app/Contents/Developer/Toolchains/XcodeDefault.xctoolchain/usr/lib/swift/watchos -L/usr/lib/swift -Xlinker -add_ast_path -Xlinker /Users/runner/work/orange-cloud/orange-cloud/orange-cloud/apps/ios/Orange\ Cloud/build/Build/Intermediates.noindex/Orange\ Cloud.build/Release-watchos/Orange\ Cloud\ Watch\ Watch\ App.build/Objects-normal/arm64_32/Orange_Cloud_Watch_Watch_App.swiftmodule @/Users/runner/work/orange-cloud/orange-cloud/orange-cloud/apps/ios/Orange\ Cloud/build/Build/Intermediates.noindex/Orange\ Cloud.build/Release-watchos/Orange\ Cloud\ Watch\ Watch\ App.build/Objects-normal/arm64_32/Orange_Cloud_Watch_Watch_App-linker-args.resp -o /Users/runner/work/orange-cloud/orange-cloud/orange-cloud/apps/ios/Orange\ Cloud/build/Build/Intermediates.noindex/Orange\ Cloud.build/Release-watchos/Orange\ Cloud\ Watch\ Watch\ App.build/Objects-normal/arm64_32/Binary/Orange\ Cloud\ Watch\ Watch\ App

Ld /Users/runner/work/orange-cloud/orange-cloud/orange-cloud/apps/ios/Orange\ Cloud/build/Build/Intermediates.noindex/Orange\ Cloud.build/Release-watchos/Orange\ Cloud\ Watch\ Watch\ App.build/Objects-normal/arm64/Binary/Orange\ Cloud\ Watch\ Watch\ App normal arm64 (in target 'Orange Cloud Watch Watch App' from project 'Orange Cloud')
    cd /Users/runner/work/orange-cloud/orange-cloud/orange-cloud/apps/ios/Orange\ Cloud
    /Applications/Xcode_26.6.app/Contents/Developer/Toolchains/XcodeDefault.xctoolchain/usr/bin/clang -Xlinker -reproducible -target arm64-apple-watchos10.6 -isysroot /Applications/Xcode_26.6.app/Contents/Developer/Platforms/WatchOS.platform/Developer/SDKs/WatchOS26.5.sdk -Os -L/Users/runner/work/orange-cloud/orange-cloud/orange-cloud/apps/ios/Orange\ Cloud/build/Build/Intermediates.noindex/EagerLinkingTBDs/Release-watchos -L/Users/runner/work/orange-cloud/orange-cloud/orange-cloud/apps/ios/Orange\ Cloud/build/Build/Products/Release-watchos -F/Users/runner/work/orange-cloud/orange-cloud/orange-cloud/apps/ios/Orange\ Cloud/build/Build/Intermediates.noindex/EagerLinkingTBDs/Release-watchos -F/Users/runner/work/orange-cloud/orange-cloud/orange-cloud/apps/ios/Orange\ Cloud/build/Build/Products/Release-watchos -filelist /Users/runner/work/orange-cloud/orange-cloud/orange-cloud/apps/ios/Orange\ Cloud/build/Build/Intermediates.noindex/Orange\ Cloud.build/Release-watchos/Orange\ Cloud\ Watch\ Watch\ App.build/Objects-normal/arm64/Orange\ Cloud\ Watch\ Watch\ App.LinkFileList -Xlinker -rpath -Xlinker /usr/lib/swift -Xlinker -rpath -Xlinker @executable_path/Frameworks -Xlinker -dead_strip -Xlinker -object_path_lto -Xlinker /Users/runner/work/orange-cloud/orange-cloud/orange-cloud/apps/ios/Orange\ Cloud/build/Build/Intermediates.noindex/Orange\ Cloud.build/Release-watchos/Orange\ Cloud\ Watch\ Watch\ App.build/Objects-normal/arm64/Orange\ Cloud\ Watch\ Watch\ App_lto.o -Xlinker -dependency_info -Xlinker /Users/runner/work/orange-cloud/orange-cloud/orange-cloud/apps/ios/Orange\ Cloud/build/Build/Intermediates.noindex/Orange\ Cloud.build/Release-watchos/Orange\ Cloud\ Watch\ Watch\ App.build/Objects-normal/arm64/Orange\ Cloud\ Watch\ Watch\ App_dependency_info.dat -fobjc-link-runtime -L/Applications/Xcode_26.6.app/Contents/Developer/Toolchains/XcodeDefault.xctoolchain/usr/lib/swift/watchos -L/usr/lib/swift -Xlinker -add_ast_path -Xlinker /Users/runner/work/orange-cloud/orange-cloud/orange-cloud/apps/ios/Orange\ Cloud/build/Build/Intermediates.noindex/Orange\ Cloud.build/Release-watchos/Orange\ Cloud\ Watch\ Watch\ App.build/Objects-normal/arm64/Orange_Cloud_Watch_Watch_App.swiftmodule @/Users/runner/work/orange-cloud/orange-cloud/orange-cloud/apps/ios/Orange\ Cloud/build/Build/Intermediates.noindex/Orange\ Cloud.build/Release-watchos/Orange\ Cloud\ Watch\ Watch\ App.build/Objects-normal/arm64/Orange_Cloud_Watch_Watch_App-linker-args.resp -o /Users/runner/work/orange-cloud/orange-cloud/orange-cloud/apps/ios/Orange\ Cloud/build/Build/Intermediates.noindex/Orange\ Cloud.build/Release-watchos/Orange\ Cloud\ Watch\ Watch\ App.build/Objects-normal/arm64/Binary/Orange\ Cloud\ Watch\ Watch\ App

MkDir /Users/runner/work/orange-cloud/orange-cloud/orange-cloud/apps/ios/Orange\ Cloud/build/Build/Intermediates.noindex/Orange\ Cloud.build/Release-iphoneos/Orange\ Cloud.build/assetcatalog_output/unthinned (in target 'Orange Cloud' from project 'Orange Cloud')
    cd /Users/runner/work/orange-cloud/orange-cloud/orange-cloud/apps/ios/Orange\ Cloud
    /bin/mkdir -p /Users/runner/work/orange-cloud/orange-cloud/orange-cloud/apps/ios/Orange\ Cloud/build/Build/Intermediates.noindex/Orange\ Cloud.build/Release-iphoneos/Orange\ Cloud.build/assetcatalog_output/unthinned

MkDir /Users/runner/work/orange-cloud/orange-cloud/orange-cloud/apps/ios/Orange\ Cloud/build/Build/Intermediates.noindex/Orange\ Cloud.build/Release-iphoneos/Orange\ Cloud.build/assetcatalog_output/thinned (in target 'Orange Cloud' from project 'Orange Cloud')
    cd /Users/runner/work/orange-cloud/orange-cloud/orange-cloud/apps/ios/Orange\ Cloud
    /bin/mkdir -p /Users/runner/work/orange-cloud/orange-cloud/orange-cloud/apps/ios/Orange\ Cloud/build/Build/Intermediates.noindex/Orange\ Cloud.build/Release-iphoneos/Orange\ Cloud.build/assetcatalog_output/thinned

GenerateStringSymbols /Users/runner/work/orange-cloud/orange-cloud/orange-cloud/apps/ios/Orange\ Cloud/build/Build/Intermediates.noindex/Orange\ Cloud.build/Release-iphoneos/Orange\ Cloud.build/DerivedSources/GeneratedStringSymbols_WhatsNew.swift /Users/runner/work/orange-cloud/orange-cloud/orange-cloud/apps/ios/Orange\ Cloud/Orange\ Cloud/Core/WhatsNew/WhatsNew.xcstrings (in target 'Orange Cloud' from project 'Orange Cloud')
    cd /Users/runner/work/orange-cloud/orange-cloud/orange-cloud/apps/ios/Orange\ Cloud
    /Applications/Xcode_26.6.app/Contents/Developer/usr/bin/xcstringstool generate-symbols --language swift --output-directory /Users/runner/work/orange-cloud/orange-cloud/orange-cloud/apps/ios/Orange\ Cloud/build/Build/Intermediates.noindex/Orange\ Cloud.build/Release-iphoneos/Orange\ Cloud.build/DerivedSources /Users/runner/work/orange-cloud/orange-cloud/orange-cloud/apps/ios/Orange\ Cloud/Orange\ Cloud/Core/WhatsNew/WhatsNew.xcstrings

GenerateStringSymbols /Users/runner/work/orange-cloud/orange-cloud/orange-cloud/apps/ios/Orange\ Cloud/build/Build/Intermediates.noindex/Orange\ Cloud.build/Release-iphoneos/Orange\ Cloud.build/DerivedSources/GeneratedStringSymbols_Localizable.swift /Users/runner/work/orange-cloud/orange-cloud/orange-cloud/apps/ios/Orange\ Cloud/Orange\ Cloud/Localizable.xcstrings (in target 'Orange Cloud' from project 'Orange Cloud')
    cd /Users/runner/work/orange-cloud/orange-cloud/orange-cloud/apps/ios/Orange\ Cloud
    /Applications/Xcode_26.6.app/Contents/Developer/usr/bin/xcstringstool generate-symbols --language swift --output-directory /Users/runner/work/orange-cloud/orange-cloud/orange-cloud/apps/ios/Orange\ Cloud/build/Build/Intermediates.noindex/Orange\ Cloud.build/Release-iphoneos/Orange\ Cloud.build/DerivedSources /Users/runner/work/orange-cloud/orange-cloud/orange-cloud/apps/ios/Orange\ Cloud/Orange\ Cloud/Localizable.xcstrings

GenerateStringSymbols /Users/runner/work/orange-cloud/orange-cloud/orange-cloud/apps/ios/Orange\ Cloud/build/Build/Intermediates.noindex/Orange\ Cloud.build/Release-iphoneos/Orange\ Cloud.build/DerivedSources/GeneratedStringSymbols_AppShortcuts.swift /Users/runner/work/orange-cloud/orange-cloud/orange-cloud/apps/ios/Orange\ Cloud/Orange\ Cloud/AppShortcuts.xcstrings (in target 'Orange Cloud' from project 'Orange Cloud')
    cd /Users/runner/work/orange-cloud/orange-cloud/orange-cloud/apps/ios/Orange\ Cloud
    /Applications/Xcode_26.6.app/Contents/Developer/usr/bin/xcstringstool generate-symbols --language swift --output-directory /Users/runner/work/orange-cloud/orange-cloud/orange-cloud/apps/ios/Orange\ Cloud/build/Build/Intermediates.noindex/Orange\ Cloud.build/Release-iphoneos/Orange\ Cloud.build/DerivedSources /Users/runner/work/orange-cloud/orange-cloud/orange-cloud/apps/ios/Orange\ Cloud/Orange\ Cloud/AppShortcuts.xcstrings

GenerateAssetSymbols /Users/runner/work/orange-cloud/orange-cloud/orange-cloud/apps/ios/Orange\ Cloud/Orange\ Cloud/Assets.xcassets /Users/runner/work/orange-cloud/orange-cloud/orange-cloud/apps/ios/Orange\ Cloud/Orange\ Cloud/Orange\ Cloud.icon (in target 'Orange Cloud' from project 'Orange Cloud')
    cd /Users/runner/work/orange-cloud/orange-cloud/orange-cloud/apps/ios/Orange\ Cloud
    /Applications/Xcode_26.6.app/Contents/Developer/usr/bin/actool /Users/runner/work/orange-cloud/orange-cloud/orange-cloud/apps/ios/Orange\ Cloud/Orange\ Cloud/Assets.xcassets /Users/runner/work/orange-cloud/orange-cloud/orange-cloud/apps/ios/Orange\ Cloud/Orange\ Cloud/Orange\ Cloud.icon --compile /Users/runner/work/orange-cloud/orange-cloud/orange-cloud/apps/ios/Orange\ Cloud/build/Build/Products/Release-iphoneos/Orange\ Cloud.app --output-format human-readable-text --notices --warnings --export-dependency-info /Users/runner/work/orange-cloud/orange-cloud/orange-cloud/apps/ios/Orange\ Cloud/build/Build/Intermediates.noindex/Orange\ Cloud.build/Release-iphoneos/Orange\ Cloud.build/assetcatalog_dependencies --output-partial-info-plist /Users/runner/work/orange-cloud/orange-cloud/orange-cloud/apps/ios/Orange\ Cloud/build/Build/Intermediates.noindex/Orange\ Cloud.build/Release-iphoneos/Orange\ Cloud.build/assetcatalog_generated_info.plist --app-icon Orange\ Cloud --accent-color AccentColor --compress-pngs --enable-on-demand-resources YES --development-region zh-Hans --target-device iphone --target-device ipad --minimum-deployment-target 17.0 --platform iphoneos --bundle-identifier jiamin.chen.orange-cloud --generate-swift-asset-symbols /Users/runner/work/orange-cloud/orange-cloud/orange-cloud/apps/ios/Orange\ Cloud/build/Build/Intermediates.noindex/Orange\ Cloud.build/Release-iphoneos/Orange\ Cloud.build/DerivedSources/GeneratedAssetSymbols.swift --generate-objc-asset-symbols /Users/runner/work/orange-cloud/orange-cloud/orange-cloud/apps/ios/Orange\ Cloud/build/Build/Intermediates.noindex/Orange\ Cloud.build/Release-iphoneos/Orange\ Cloud.build/DerivedSources/GeneratedAssetSymbols.h --generate-asset-symbol-index /Users/runner/work/orange-cloud/orange-cloud/orange-cloud/apps/ios/Orange\ Cloud/build/Build/Intermediates.noindex/Orange\ Cloud.build/Release-iphoneos/Orange\ Cloud.build/DerivedSources/GeneratedAssetSymbols-Index.plist
/* com.apple.actool.compilation-results */
/Users/runner/work/orange-cloud/orange-cloud/orange-cloud/apps/ios/Orange Cloud/build/Build/Intermediates.noindex/Orange Cloud.build/Release-iphoneos/Orange Cloud.build/DerivedSources/GeneratedAssetSymbols-Index.plist
/Users/runner/work/orange-cloud/orange-cloud/orange-cloud/apps/ios/Orange Cloud/build/Build/Intermediates.noindex/Orange Cloud.build/Release-iphoneos/Orange Cloud.build/DerivedSources/GeneratedAssetSymbols.h
/Users/runner/work/orange-cloud/orange-cloud/orange-cloud/apps/ios/Orange Cloud/build/Build/Intermediates.noindex/Orange Cloud.build/Release-iphoneos/Orange Cloud.build/DerivedSources/GeneratedAssetSymbols.swift


CreateUniversalBinary /Users/runner/work/orange-cloud/orange-cloud/orange-cloud/apps/ios/Orange\ Cloud/build/Build/Products/Release-watchos/Orange\ Cloud\ Watch\ Watch\ App.app/Orange\ Cloud\ Watch\ Watch\ App normal arm64\ arm64_32 (in target 'Orange Cloud Watch Watch App' from project 'Orange Cloud')
    cd /Users/runner/work/orange-cloud/orange-cloud/orange-cloud/apps/ios/Orange\ Cloud
    /Applications/Xcode_26.6.app/Contents/Developer/Toolchains/XcodeDefault.xctoolchain/usr/bin/lipo -create /Users/runner/work/orange-cloud/orange-cloud/orange-cloud/apps/ios/Orange\ Cloud/build/Build/Intermediates.noindex/Orange\ Cloud.build/Release-watchos/Orange\ Cloud\ Watch\ Watch\ App.build/Objects-normal/arm64/Binary/Orange\ Cloud\ Watch\ Watch\ App /Users/runner/work/orange-cloud/orange-cloud/orange-cloud/apps/ios/Orange\ Cloud/build/Build/Intermediates.noindex/Orange\ Cloud.build/Release-watchos/Orange\ Cloud\ Watch\ Watch\ App.build/Objects-normal/arm64_32/Binary/Orange\ Cloud\ Watch\ Watch\ App -output /Users/runner/work/orange-cloud/orange-cloud/orange-cloud/apps/ios/Orange\ Cloud/build/Build/Products/Release-watchos/Orange\ Cloud\ Watch\ Watch\ App.app/Orange\ Cloud\ Watch\ Watch\ App

CompileXCStrings /Users/runner/work/orange-cloud/orange-cloud/orange-cloud/apps/ios/Orange\ Cloud/build/Build/Intermediates.noindex/Orange\ Cloud.build/Release-iphoneos/Orange\ Cloud.build/ /Users/runner/work/orange-cloud/orange-cloud/orange-cloud/apps/ios/Orange\ Cloud/Orange\ Cloud/Localizable.xcstrings (in target 'Orange Cloud' from project 'Orange Cloud')
    cd /Users/runner/work/orange-cloud/orange-cloud/orange-cloud/apps/ios/Orange\ Cloud
    /Applications/Xcode_26.6.app/Contents/Developer/usr/bin/xcstringstool compile --output-directory /Users/runner/work/orange-cloud/orange-cloud/orange-cloud/apps/ios/Orange\ Cloud/build/Build/Intermediates.noindex/Orange\ Cloud.build/Release-iphoneos/Orange\ Cloud.build /Users/runner/work/orange-cloud/orange-cloud/orange-cloud/apps/ios/Orange\ Cloud/Orange\ Cloud/Localizable.xcstrings

CompileXCStrings /Users/runner/work/orange-cloud/orange-cloud/orange-cloud/apps/ios/Orange\ Cloud/build/Build/Intermediates.noindex/Orange\ Cloud.build/Release-iphoneos/Orange\ Cloud.build/ /Users/runner/work/orange-cloud/orange-cloud/orange-cloud/apps/ios/Orange\ Cloud/Orange\ Cloud/Core/WhatsNew/WhatsNew.xcstrings (in target 'Orange Cloud' from project 'Orange Cloud')
    cd /Users/runner/work/orange-cloud/orange-cloud/orange-cloud/apps/ios/Orange\ Cloud
    /Applications/Xcode_26.6.app/Contents/Developer/usr/bin/xcstringstool compile --output-directory /Users/runner/work/orange-cloud/orange-cloud/orange-cloud/apps/ios/Orange\ Cloud/build/Build/Intermediates.noindex/Orange\ Cloud.build/Release-iphoneos/Orange\ Cloud.build /Users/runner/work/orange-cloud/orange-cloud/orange-cloud/apps/ios/Orange\ Cloud/Orange\ Cloud/Core/WhatsNew/WhatsNew.xcstrings

CompileXCStrings /Users/runner/work/orange-cloud/orange-cloud/orange-cloud/apps/ios/Orange\ Cloud/build/Build/Intermediates.noindex/Orange\ Cloud.build/Release-iphoneos/Orange\ Cloud.build/ /Users/runner/work/orange-cloud/orange-cloud/orange-cloud/apps/ios/Orange\ Cloud/Orange\ Cloud/AppShortcuts.xcstrings (in target 'Orange Cloud' from project 'Orange Cloud')
    cd /Users/runner/work/orange-cloud/orange-cloud/orange-cloud/apps/ios/Orange\ Cloud
    /Applications/Xcode_26.6.app/Contents/Developer/usr/bin/xcstringstool compile --output-directory /Users/runner/work/orange-cloud/orange-cloud/orange-cloud/apps/ios/Orange\ Cloud/build/Build/Intermediates.noindex/Orange\ Cloud.build/Release-iphoneos/Orange\ Cloud.build /Users/runner/work/orange-cloud/orange-cloud/orange-cloud/apps/ios/Orange\ Cloud/Orange\ Cloud/AppShortcuts.xcstrings

CopyStringsFile /Users/runner/work/orange-cloud/orange-cloud/orange-cloud/apps/ios/Orange\ Cloud/build/Build/Products/Release-iphoneos/Orange\ Cloud.app/zh-Hant.lproj/WhatsNew.strings /Users/runner/work/orange-cloud/orange-cloud/orange-cloud/apps/ios/Orange\ Cloud/build/Build/Intermediates.noindex/Orange\ Cloud.build/Release-iphoneos/Orange\ Cloud.build/zh-Hant.lproj/WhatsNew.strings (in target 'Orange Cloud' from project 'Orange Cloud')
    cd /Users/runner/work/orange-cloud/orange-cloud/orange-cloud/apps/ios/Orange\ Cloud
    builtin-copyStrings --validate --outputencoding binary --outfilename WhatsNew.strings --outdir /Users/runner/work/orange-cloud/orange-cloud/orange-cloud/apps/ios/Orange\ Cloud/build/Build/Products/Release-iphoneos/Orange\ Cloud.app/zh-Hant.lproj -- /Users/runner/work/orange-cloud/orange-cloud/orange-cloud/apps/ios/Orange\ Cloud/build/Build/Intermediates.noindex/Orange\ Cloud.build/Release-iphoneos/Orange\ Cloud.build/zh-Hant.lproj/WhatsNew.strings
/Users/runner/work/orange-cloud/orange-cloud/orange-cloud/apps/ios/Orange Cloud/build/Build/Intermediates.noindex/Orange Cloud.build/Release-iphoneos/Orange Cloud.build/zh-Hant.lproj/WhatsNew.strings:1:1: note: detected encoding of input file as Unicode (UTF-8) (in target 'Orange Cloud' from project 'Orange Cloud')

CopyStringsFile /Users/runner/work/orange-cloud/orange-cloud/orange-cloud/apps/ios/Orange\ Cloud/build/Build/Products/Release-iphoneos/Orange\ Cloud.app/zh-Hant.lproj/AppShortcuts.strings /Users/runner/work/orange-cloud/orange-cloud/orange-cloud/apps/ios/Orange\ Cloud/build/Build/Intermediates.noindex/Orange\ Cloud.build/Release-iphoneos/Orange\ Cloud.build/zh-Hant.lproj/AppShortcuts.strings (in target 'Orange Cloud' from project 'Orange Cloud')
    cd /Users/runner/work/orange-cloud/orange-cloud/orange-cloud/apps/ios/Orange\ Cloud
    builtin-copyStrings --validate --outputencoding binary --outfilename AppShortcuts.strings --outdir /Users/runner/work/orange-cloud/orange-cloud/orange-cloud/apps/ios/Orange\ Cloud/build/Build/Products/Release-iphoneos/Orange\ Cloud.app/zh-Hant.lproj -- /Users/runner/work/orange-cloud/orange-cloud/orange-cloud/apps/ios/Orange\ Cloud/build/Build/Intermediates.noindex/Orange\ Cloud.build/Release-iphoneos/Orange\ Cloud.build/zh-Hant.lproj/AppShortcuts.strings
/Users/runner/work/orange-cloud/orange-cloud/orange-cloud/apps/ios/Orange Cloud/build/Build/Intermediates.noindex/Orange Cloud.build/Release-iphoneos/Orange Cloud.build/zh-Hant.lproj/AppShortcuts.strings:1:1: note: detected encoding of input file as Unicode (UTF-8) (in target 'Orange Cloud' from project 'Orange Cloud')

CopyStringsFile /Users/runner/work/orange-cloud/orange-cloud/orange-cloud/apps/ios/Orange\ Cloud/build/Build/Products/Release-iphoneos/Orange\ Cloud.app/zh-HK.lproj/WhatsNew.strings /Users/runner/work/orange-cloud/orange-cloud/orange-cloud/apps/ios/Orange\ Cloud/build/Build/Intermediates.noindex/Orange\ Cloud.build/Release-iphoneos/Orange\ Cloud.build/zh-HK.lproj/WhatsNew.strings (in target 'Orange Cloud' from project 'Orange Cloud')
    cd /Users/runner/work/orange-cloud/orange-cloud/orange-cloud/apps/ios/Orange\ Cloud
    builtin-copyStrings --validate --outputencoding binary --outfilename WhatsNew.strings --outdir /Users/runner/work/orange-cloud/orange-cloud/orange-cloud/apps/ios/Orange\ Cloud/build/Build/Products/Release-iphoneos/Orange\ Cloud.app/zh-HK.lproj -- /Users/runner/work/orange-cloud/orange-cloud/orange-cloud/apps/ios/Orange\ Cloud/build/Build/Intermediates.noindex/Orange\ Cloud.build/Release-iphoneos/Orange\ Cloud.build/zh-HK.lproj/WhatsNew.strings
/Users/runner/work/orange-cloud/orange-cloud/orange-cloud/apps/ios/Orange Cloud/build/Build/Intermediates.noindex/Orange Cloud.build/Release-iphoneos/Orange Cloud.build/zh-HK.lproj/WhatsNew.strings:1:1: note: detected encoding of input file as Unicode (UTF-8) (in target 'Orange Cloud' from project 'Orange Cloud')

CopyStringsFile /Users/runner/work/orange-cloud/orange-cloud/orange-cloud/apps/ios/Orange\ Cloud/build/Build/Products/Release-iphoneos/Orange\ Cloud.app/zh-HK.lproj/AppShortcuts.strings /Users/runner/work/orange-cloud/orange-cloud/orange-cloud/apps/ios/Orange\ Cloud/build/Build/Intermediates.noindex/Orange\ Cloud.build/Release-iphoneos/Orange\ Cloud.build/zh-HK.lproj/AppShortcuts.strings (in target 'Orange Cloud' from project 'Orange Cloud')
    cd /Users/runner/work/orange-cloud/orange-cloud/orange-cloud/apps/ios/Orange\ Cloud
    builtin-copyStrings --validate --outputencoding binary --outfilename AppShortcuts.strings --outdir /Users/runner/work/orange-cloud/orange-cloud/orange-cloud/apps/ios/Orange\ Cloud/build/Build/Products/Release-iphoneos/Orange\ Cloud.app/zh-HK.lproj -- /Users/runner/work/orange-cloud/orange-cloud/orange-cloud/apps/ios/Orange\ Cloud/build/Build/Intermediates.noindex/Orange\ Cloud.build/Release-iphoneos/Orange\ Cloud.build/zh-HK.lproj/AppShortcuts.strings
/Users/runner/work/orange-cloud/orange-cloud/orange-cloud/apps/ios/Orange Cloud/build/Build/Intermediates.noindex/Orange Cloud.build/Release-iphoneos/Orange Cloud.build/zh-HK.lproj/AppShortcuts.strings:1:1: note: detected encoding of input file as Unicode (UTF-8) (in target 'Orange Cloud' from project 'Orange Cloud')

CopyStringsFile /Users/runner/work/orange-cloud/orange-cloud/orange-cloud/apps/ios/Orange\ Cloud/build/Build/Products/Release-iphoneos/Orange\ Cloud.app/tr.lproj/WhatsNew.strings /Users/runner/work/orange-cloud/orange-cloud/orange-cloud/apps/ios/Orange\ Cloud/build/Build/Intermediates.noindex/Orange\ Cloud.build/Release-iphoneos/Orange\ Cloud.build/tr.lproj/WhatsNew.strings (in target 'Orange Cloud' from project 'Orange Cloud')
    cd /Users/runner/work/orange-cloud/orange-cloud/orange-cloud/apps/ios/Orange\ Cloud
    builtin-copyStrings --validate --outputencoding binary --outfilename WhatsNew.strings --outdir /Users/runner/work/orange-cloud/orange-cloud/orange-cloud/apps/ios/Orange\ Cloud/build/Build/Products/Release-iphoneos/Orange\ Cloud.app/tr.lproj -- /Users/runner/work/orange-cloud/orange-cloud/orange-cloud/apps/ios/Orange\ Cloud/build/Build/Intermediates.noindex/Orange\ Cloud.build/Release-iphoneos/Orange\ Cloud.build/tr.lproj/WhatsNew.strings
/Users/runner/work/orange-cloud/orange-cloud/orange-cloud/apps/ios/Orange Cloud/build/Build/Intermediates.noindex/Orange Cloud.build/Release-iphoneos/Orange Cloud.build/tr.lproj/WhatsNew.strings:1:1: note: detected encoding of input file as Unicode (UTF-8) (in target 'Orange Cloud' from project 'Orange Cloud')

CopyStringsFile /Users/runner/work/orange-cloud/orange-cloud/orange-cloud/apps/ios/Orange\ Cloud/build/Build/Products/Release-iphoneos/Orange\ Cloud.app/tr.lproj/AppShortcuts.strings /Users/runner/work/orange-cloud/orange-cloud/orange-cloud/apps/ios/Orange\ Cloud/build/Build/Intermediates.noindex/Orange\ Cloud.build/Release-iphoneos/Orange\ Cloud.build/tr.lproj/AppShortcuts.strings (in target 'Orange Cloud' from project 'Orange Cloud')
    cd /Users/runner/work/orange-cloud/orange-cloud/orange-cloud/apps/ios/Orange\ Cloud
    builtin-copyStrings --validate --outputencoding binary --outfilename AppShortcuts.strings --outdir /Users/runner/work/orange-cloud/orange-cloud/orange-cloud/apps/ios/Orange\ Cloud/build/Build/Products/Release-iphoneos/Orange\ Cloud.app/tr.lproj -- /Users/runner/work/orange-cloud/orange-cloud/orange-cloud/apps/ios/Orange\ Cloud/build/Build/Intermediates.noindex/Orange\ Cloud.build/Release-iphoneos/Orange\ Cloud.build/tr.lproj/AppShortcuts.strings
/Users/runner/work/orange-cloud/orange-cloud/orange-cloud/apps/ios/Orange Cloud/build/Build/Intermediates.noindex/Orange Cloud.build/Release-iphoneos/Orange Cloud.build/tr.lproj/AppShortcuts.strings:1:1: note: detected encoding of input file as Unicode (UTF-8) (in target 'Orange Cloud' from project 'Orange Cloud')

CopyStringsFile /Users/runner/work/orange-cloud/orange-cloud/orange-cloud/apps/ios/Orange\ Cloud/build/Build/Products/Release-iphoneos/Orange\ Cloud.app/pt-PT.lproj/WhatsNew.strings /Users/runner/work/orange-cloud/orange-cloud/orange-cloud/apps/ios/Orange\ Cloud/build/Build/Intermediates.noindex/Orange\ Cloud.build/Release-iphoneos/Orange\ Cloud.build/pt-PT.lproj/WhatsNew.strings (in target 'Orange Cloud' from project 'Orange Cloud')
    cd /Users/runner/work/orange-cloud/orange-cloud/orange-cloud/apps/ios/Orange\ Cloud
    builtin-copyStrings --validate --outputencoding binary --outfilename WhatsNew.strings --outdir /Users/runner/work/orange-cloud/orange-cloud/orange-cloud/apps/ios/Orange\ Cloud/build/Build/Products/Release-iphoneos/Orange\ Cloud.app/pt-PT.lproj -- /Users/runner/work/orange-cloud/orange-cloud/orange-cloud/apps/ios/Orange\ Cloud/build/Build/Intermediates.noindex/Orange\ Cloud.build/Release-iphoneos/Orange\ Cloud.build/pt-PT.lproj/WhatsNew.strings
/Users/runner/work/orange-cloud/orange-cloud/orange-cloud/apps/ios/Orange Cloud/build/Build/Intermediates.noindex/Orange Cloud.build/Release-iphoneos/Orange Cloud.build/pt-PT.lproj/WhatsNew.strings:1:1: note: detected encoding of input file as Unicode (UTF-8) (in target 'Orange Cloud' from project 'Orange Cloud')

CopyStringsFile /Users/runner/work/orange-cloud/orange-cloud/orange-cloud/apps/ios/Orange\ Cloud/build/Build/Products/Release-iphoneos/Orange\ Cloud.app/pt-PT.lproj/AppShortcuts.strings /Users/runner/work/orange-cloud/orange-cloud/orange-cloud/apps/ios/Orange\ Cloud/build/Build/Intermediates.noindex/Orange\ Cloud.build/Release-iphoneos/Orange\ Cloud.build/pt-PT.lproj/AppShortcuts.strings (in target 'Orange Cloud' from project 'Orange Cloud')
    cd /Users/runner/work/orange-cloud/orange-cloud/orange-cloud/apps/ios/Orange\ Cloud
    builtin-copyStrings --validate --outputencoding binary --outfilename AppShortcuts.strings --outdir /Users/runner/work/orange-cloud/orange-cloud/orange-cloud/apps/ios/Orange\ Cloud/build/Build/Products/Release-iphoneos/Orange\ Cloud.app/pt-PT.lproj -- /Users/runner/work/orange-cloud/orange-cloud/orange-cloud/apps/ios/Orange\ Cloud/build/Build/Intermediates.noindex/Orange\ Cloud.build/Release-iphoneos/Orange\ Cloud.build/pt-PT.lproj/AppShortcuts.strings
/Users/runner/work/orange-cloud/orange-cloud/orange-cloud/apps/ios/Orange Cloud/build/Build/Intermediates.noindex/Orange Cloud.build/Release-iphoneos/Orange Cloud.build/pt-PT.lproj/AppShortcuts.strings:1:1: note: detected encoding of input file as Unicode (UTF-8) (in target 'Orange Cloud' from project 'Orange Cloud')

CopyStringsFile /Users/runner/work/orange-cloud/orange-cloud/orange-cloud/apps/ios/Orange\ Cloud/build/Build/Products/Release-iphoneos/Orange\ Cloud.app/pt-BR.lproj/WhatsNew.strings /Users/runner/work/orange-cloud/orange-cloud/orange-cloud/apps/ios/Orange\ Cloud/build/Build/Intermediates.noindex/Orange\ Cloud.build/Release-iphoneos/Orange\ Cloud.build/pt-BR.lproj/WhatsNew.strings (in target 'Orange Cloud' from project 'Orange Cloud')
    cd /Users/runner/work/orange-cloud/orange-cloud/orange-cloud/apps/ios/Orange\ Cloud
    builtin-copyStrings --validate --outputencoding binary --outfilename WhatsNew.strings --outdir /Users/runner/work/orange-cloud/orange-cloud/orange-cloud/apps/ios/Orange\ Cloud/build/Build/Products/Release-iphoneos/Orange\ Cloud.app/pt-BR.lproj -- /Users/runner/work/orange-cloud/orange-cloud/orange-cloud/apps/ios/Orange\ Cloud/build/Build/Intermediates.noindex/Orange\ Cloud.build/Release-iphoneos/Orange\ Cloud.build/pt-BR.lproj/WhatsNew.strings
/Users/runner/work/orange-cloud/orange-cloud/orange-cloud/apps/ios/Orange Cloud/build/Build/Intermediates.noindex/Orange Cloud.build/Release-iphoneos/Orange Cloud.build/pt-BR.lproj/WhatsNew.strings:1:1: note: detected encoding of input file as Unicode (UTF-8) (in target 'Orange Cloud' from project 'Orange Cloud')

CopyStringsFile /Users/runner/work/orange-cloud/orange-cloud/orange-cloud/apps/ios/Orange\ Cloud/build/Build/Products/Release-iphoneos/Orange\ Cloud.app/pt-BR.lproj/AppShortcuts.strings /Users/runner/work/orange-cloud/orange-cloud/orange-cloud/apps/ios/Orange\ Cloud/build/Build/Intermediates.noindex/Orange\ Cloud.build/Release-iphoneos/Orange\ Cloud.build/pt-BR.lproj/AppShortcuts.strings (in target 'Orange Cloud' from project 'Orange Cloud')
    cd /Users/runner/work/orange-cloud/orange-cloud/orange-cloud/apps/ios/Orange\ Cloud
    builtin-copyStrings --validate --outputencoding binary --outfilename AppShortcuts.strings --outdir /Users/runner/work/orange-cloud/orange-cloud/orange-cloud/apps/ios/Orange\ Cloud/build/Build/Products/Release-iphoneos/Orange\ Cloud.app/pt-BR.lproj -- /Users/runner/work/orange-cloud/orange-cloud/orange-cloud/apps/ios/Orange\ Cloud/build/Build/Intermediates.noindex/Orange\ Cloud.build/Release-iphoneos/Orange\ Cloud.build/pt-BR.lproj/AppShortcuts.strings
/Users/runner/work/orange-cloud/orange-cloud/orange-cloud/apps/ios/Orange Cloud/build/Build/Intermediates.noindex/Orange Cloud.build/Release-iphoneos/Orange Cloud.build/pt-BR.lproj/AppShortcuts.strings:1:1: note: detected encoding of input file as Unicode (UTF-8) (in target 'Orange Cloud' from project 'Orange Cloud')

CopyStringsFile /Users/runner/work/orange-cloud/orange-cloud/orange-cloud/apps/ios/Orange\ Cloud/build/Build/Products/Release-iphoneos/Orange\ Cloud.app/ko.lproj/WhatsNew.strings /Users/runner/work/orange-cloud/orange-cloud/orange-cloud/apps/ios/Orange\ Cloud/build/Build/Intermediates.noindex/Orange\ Cloud.build/Release-iphoneos/Orange\ Cloud.build/ko.lproj/WhatsNew.strings (in target 'Orange Cloud' from project 'Orange Cloud')
    cd /Users/runner/work/orange-cloud/orange-cloud/orange-cloud/apps/ios/Orange\ Cloud
    builtin-copyStrings --validate --outputencoding binary --outfilename WhatsNew.strings --outdir /Users/runner/work/orange-cloud/orange-cloud/orange-cloud/apps/ios/Orange\ Cloud/build/Build/Products/Release-iphoneos/Orange\ Cloud.app/ko.lproj -- /Users/runner/work/orange-cloud/orange-cloud/orange-cloud/apps/ios/Orange\ Cloud/build/Build/Intermediates.noindex/Orange\ Cloud.build/Release-iphoneos/Orange\ Cloud.build/ko.lproj/WhatsNew.strings
/Users/runner/work/orange-cloud/orange-cloud/orange-cloud/apps/ios/Orange Cloud/build/Build/Intermediates.noindex/Orange Cloud.build/Release-iphoneos/Orange Cloud.build/ko.lproj/WhatsNew.strings:1:1: note: detected encoding of input file as Unicode (UTF-8) (in target 'Orange Cloud' from project 'Orange Cloud')

CopyStringsFile /Users/runner/work/orange-cloud/orange-cloud/orange-cloud/apps/ios/Orange\ Cloud/build/Build/Products/Release-iphoneos/Orange\ Cloud.app/ko.lproj/AppShortcuts.strings /Users/runner/work/orange-cloud/orange-cloud/orange-cloud/apps/ios/Orange\ Cloud/build/Build/Intermediates.noindex/Orange\ Cloud.build/Release-iphoneos/Orange\ Cloud.build/ko.lproj/AppShortcuts.strings (in target 'Orange Cloud' from project 'Orange Cloud')
    cd /Users/runner/work/orange-cloud/orange-cloud/orange-cloud/apps/ios/Orange\ Cloud
    builtin-copyStrings --validate --outputencoding binary --outfilename AppShortcuts.strings --outdir /Users/runner/work/orange-cloud/orange-cloud/orange-cloud/apps/ios/Orange\ Cloud/build/Build/Products/Release-iphoneos/Orange\ Cloud.app/ko.lproj -- /Users/runner/work/orange-cloud/orange-cloud/orange-cloud/apps/ios/Orange\ Cloud/build/Build/Intermediates.noindex/Orange\ Cloud.build/Release-iphoneos/Orange\ Cloud.build/ko.lproj/AppShortcuts.strings
/Users/runner/work/orange-cloud/orange-cloud/orange-cloud/apps/ios/Orange Cloud/build/Build/Intermediates.noindex/Orange Cloud.build/Release-iphoneos/Orange Cloud.build/ko.lproj/AppShortcuts.strings:1:1: note: detected encoding of input file as Unicode (UTF-8) (in target 'Orange Cloud' from project 'Orange Cloud')

CopyStringsFile /Users/runner/work/orange-cloud/orange-cloud/orange-cloud/apps/ios/Orange\ Cloud/build/Build/Products/Release-iphoneos/Orange\ Cloud.app/ja.lproj/WhatsNew.strings /Users/runner/work/orange-cloud/orange-cloud/orange-cloud/apps/ios/Orange\ Cloud/build/Build/Intermediates.noindex/Orange\ Cloud.build/Release-iphoneos/Orange\ Cloud.build/ja.lproj/WhatsNew.strings (in target 'Orange Cloud' from project 'Orange Cloud')
    cd /Users/runner/work/orange-cloud/orange-cloud/orange-cloud/apps/ios/Orange\ Cloud
    builtin-copyStrings --validate --outputencoding binary --outfilename WhatsNew.strings --outdir /Users/runner/work/orange-cloud/orange-cloud/orange-cloud/apps/ios/Orange\ Cloud/build/Build/Products/Release-iphoneos/Orange\ Cloud.app/ja.lproj -- /Users/runner/work/orange-cloud/orange-cloud/orange-cloud/apps/ios/Orange\ Cloud/build/Build/Intermediates.noindex/Orange\ Cloud.build/Release-iphoneos/Orange\ Cloud.build/ja.lproj/WhatsNew.strings
/Users/runner/work/orange-cloud/orange-cloud/orange-cloud/apps/ios/Orange Cloud/build/Build/Intermediates.noindex/Orange Cloud.build/Release-iphoneos/Orange Cloud.build/ja.lproj/WhatsNew.strings:1:1: note: detected encoding of input file as Unicode (UTF-8) (in target 'Orange Cloud' from project 'Orange Cloud')

CopyStringsFile /Users/runner/work/orange-cloud/orange-cloud/orange-cloud/apps/ios/Orange\ Cloud/build/Build/Products/Release-iphoneos/Orange\ Cloud.app/ja.lproj/AppShortcuts.strings /Users/runner/work/orange-cloud/orange-cloud/orange-cloud/apps/ios/Orange\ Cloud/build/Build/Intermediates.noindex/Orange\ Cloud.build/Release-iphoneos/Orange\ Cloud.build/ja.lproj/AppShortcuts.strings (in target 'Orange Cloud' from project 'Orange Cloud')
    cd /Users/runner/work/orange-cloud/orange-cloud/orange-cloud/apps/ios/Orange\ Cloud
    builtin-copyStrings --validate --outputencoding binary --outfilename AppShortcuts.strings --outdir /Users/runner/work/orange-cloud/orange-cloud/orange-cloud/apps/ios/Orange\ Cloud/build/Build/Products/Release-iphoneos/Orange\ Cloud.app/ja.lproj -- /Users/runner/work/orange-cloud/orange-cloud/orange-cloud/apps/ios/Orange\ Cloud/build/Build/Intermediates.noindex/Orange\ Cloud.build/Release-iphoneos/Orange\ Cloud.build/ja.lproj/AppShortcuts.strings
/Users/runner/work/orange-cloud/orange-cloud/orange-cloud/apps/ios/Orange Cloud/build/Build/Intermediates.noindex/Orange Cloud.build/Release-iphoneos/Orange Cloud.build/ja.lproj/AppShortcuts.strings:1:1: note: detected encoding of input file as Unicode (UTF-8) (in target 'Orange Cloud' from project 'Orange Cloud')

CopyStringsFile /Users/runner/work/orange-cloud/orange-cloud/orange-cloud/apps/ios/Orange\ Cloud/build/Build/Products/Release-iphoneos/Orange\ Cloud.app/fr.lproj/WhatsNew.strings /Users/runner/work/orange-cloud/orange-cloud/orange-cloud/apps/ios/Orange\ Cloud/build/Build/Intermediates.noindex/Orange\ Cloud.build/Release-iphoneos/Orange\ Cloud.build/fr.lproj/WhatsNew.strings (in target 'Orange Cloud' from project 'Orange Cloud')
    cd /Users/runner/work/orange-cloud/orange-cloud/orange-cloud/apps/ios/Orange\ Cloud
    builtin-copyStrings --validate --outputencoding binary --outfilename WhatsNew.strings --outdir /Users/runner/work/orange-cloud/orange-cloud/orange-cloud/apps/ios/Orange\ Cloud/build/Build/Products/Release-iphoneos/Orange\ Cloud.app/fr.lproj -- /Users/runner/work/orange-cloud/orange-cloud/orange-cloud/apps/ios/Orange\ Cloud/build/Build/Intermediates.noindex/Orange\ Cloud.build/Release-iphoneos/Orange\ Cloud.build/fr.lproj/WhatsNew.strings
/Users/runner/work/orange-cloud/orange-cloud/orange-cloud/apps/ios/Orange Cloud/build/Build/Intermediates.noindex/Orange Cloud.build/Release-iphoneos/Orange Cloud.build/fr.lproj/WhatsNew.strings:1:1: note: detected encoding of input file as Unicode (UTF-8) (in target 'Orange Cloud' from project 'Orange Cloud')

CopyStringsFile /Users/runner/work/orange-cloud/orange-cloud/orange-cloud/apps/ios/Orange\ Cloud/build/Build/Products/Release-iphoneos/Orange\ Cloud.app/fr.lproj/AppShortcuts.strings /Users/runner/work/orange-cloud/orange-cloud/orange-cloud/apps/ios/Orange\ Cloud/build/Build/Intermediates.noindex/Orange\ Cloud.build/Release-iphoneos/Orange\ Cloud.build/fr.lproj/AppShortcuts.strings (in target 'Orange Cloud' from project 'Orange Cloud')
    cd /Users/runner/work/orange-cloud/orange-cloud/orange-cloud/apps/ios/Orange\ Cloud
    builtin-copyStrings --validate --outputencoding binary --outfilename AppShortcuts.strings --outdir /Users/runner/work/orange-cloud/orange-cloud/orange-cloud/apps/ios/Orange\ Cloud/build/Build/Products/Release-iphoneos/Orange\ Cloud.app/fr.lproj -- /Users/runner/work/orange-cloud/orange-cloud/orange-cloud/apps/ios/Orange\ Cloud/build/Build/Intermediates.noindex/Orange\ Cloud.build/Release-iphoneos/Orange\ Cloud.build/fr.lproj/AppShortcuts.strings
/Users/runner/work/orange-cloud/orange-cloud/orange-cloud/apps/ios/Orange Cloud/build/Build/Intermediates.noindex/Orange Cloud.build/Release-iphoneos/Orange Cloud.build/fr.lproj/AppShortcuts.strings:1:1: note: detected encoding of input file as Unicode (UTF-8) (in target 'Orange Cloud' from project 'Orange Cloud')

CopyStringsFile /Users/runner/work/orange-cloud/orange-cloud/orange-cloud/apps/ios/Orange\ Cloud/build/Build/Products/Release-iphoneos/Orange\ Cloud.app/es-MX.lproj/WhatsNew.strings /Users/runner/work/orange-cloud/orange-cloud/orange-cloud/apps/ios/Orange\ Cloud/build/Build/Intermediates.noindex/Orange\ Cloud.build/Release-iphoneos/Orange\ Cloud.build/es-MX.lproj/WhatsNew.strings (in target 'Orange Cloud' from project 'Orange Cloud')
    cd /Users/runner/work/orange-cloud/orange-cloud/orange-cloud/apps/ios/Orange\ Cloud
    builtin-copyStrings --validate --outputencoding binary --outfilename WhatsNew.strings --outdir /Users/runner/work/orange-cloud/orange-cloud/orange-cloud/apps/ios/Orange\ Cloud/build/Build/Products/Release-iphoneos/Orange\ Cloud.app/es-MX.lproj -- /Users/runner/work/orange-cloud/orange-cloud/orange-cloud/apps/ios/Orange\ Cloud/build/Build/Intermediates.noindex/Orange\ Cloud.build/Release-iphoneos/Orange\ Cloud.build/es-MX.lproj/WhatsNew.strings
/Users/runner/work/orange-cloud/orange-cloud/orange-cloud/apps/ios/Orange Cloud/build/Build/Intermediates.noindex/Orange Cloud.build/Release-iphoneos/Orange Cloud.build/es-MX.lproj/WhatsNew.strings:1:1: note: detected encoding of input file as Unicode (UTF-8) (in target 'Orange Cloud' from project 'Orange Cloud')

CopyStringsFile /Users/runner/work/orange-cloud/orange-cloud/orange-cloud/apps/ios/Orange\ Cloud/build/Build/Products/Release-iphoneos/Orange\ Cloud.app/es-MX.lproj/AppShortcuts.strings /Users/runner/work/orange-cloud/orange-cloud/orange-cloud/apps/ios/Orange\ Cloud/build/Build/Intermediates.noindex/Orange\ Cloud.build/Release-iphoneos/Orange\ Cloud.build/es-MX.lproj/AppShortcuts.strings (in target 'Orange Cloud' from project 'Orange Cloud')
    cd /Users/runner/work/orange-cloud/orange-cloud/orange-cloud/apps/ios/Orange\ Cloud
    builtin-copyStrings --validate --outputencoding binary --outfilename AppShortcuts.strings --outdir /Users/runner/work/orange-cloud/orange-cloud/orange-cloud/apps/ios/Orange\ Cloud/build/Build/Products/Release-iphoneos/Orange\ Cloud.app/es-MX.lproj -- /Users/runner/work/orange-cloud/orange-cloud/orange-cloud/apps/ios/Orange\ Cloud/build/Build/Intermediates.noindex/Orange\ Cloud.build/Release-iphoneos/Orange\ Cloud.build/es-MX.lproj/AppShortcuts.strings
/Users/runner/work/orange-cloud/orange-cloud/orange-cloud/apps/ios/Orange Cloud/build/Build/Intermediates.noindex/Orange Cloud.build/Release-iphoneos/Orange Cloud.build/es-MX.lproj/AppShortcuts.strings:1:1: note: detected encoding of input file as Unicode (UTF-8) (in target 'Orange Cloud' from project 'Orange Cloud')

CopyStringsFile /Users/runner/work/orange-cloud/orange-cloud/orange-cloud/apps/ios/Orange\ Cloud/build/Build/Products/Release-iphoneos/Orange\ Cloud.app/en.lproj/WhatsNew.strings /Users/runner/work/orange-cloud/orange-cloud/orange-cloud/apps/ios/Orange\ Cloud/build/Build/Intermediates.noindex/Orange\ Cloud.build/Release-iphoneos/Orange\ Cloud.build/en.lproj/WhatsNew.strings (in target 'Orange Cloud' from project 'Orange Cloud')
    cd /Users/runner/work/orange-cloud/orange-cloud/orange-cloud/apps/ios/Orange\ Cloud
    builtin-copyStrings --validate --outputencoding binary --outfilename WhatsNew.strings --outdir /Users/runner/work/orange-cloud/orange-cloud/orange-cloud/apps/ios/Orange\ Cloud/build/Build/Products/Release-iphoneos/Orange\ Cloud.app/en.lproj -- /Users/runner/work/orange-cloud/orange-cloud/orange-cloud/apps/ios/Orange\ Cloud/build/Build/Intermediates.noindex/Orange\ Cloud.build/Release-iphoneos/Orange\ Cloud.build/en.lproj/WhatsNew.strings
/Users/runner/work/orange-cloud/orange-cloud/orange-cloud/apps/ios/Orange Cloud/build/Build/Intermediates.noindex/Orange Cloud.build/Release-iphoneos/Orange Cloud.build/en.lproj/WhatsNew.strings:1:1: note: detected encoding of input file as Unicode (UTF-8) (in target 'Orange Cloud' from project 'Orange Cloud')

CopyStringsFile /Users/runner/work/orange-cloud/orange-cloud/orange-cloud/apps/ios/Orange\ Cloud/build/Build/Products/Release-iphoneos/Orange\ Cloud.app/en.lproj/AppShortcuts.strings /Users/runner/work/orange-cloud/orange-cloud/orange-cloud/apps/ios/Orange\ Cloud/build/Build/Intermediates.noindex/Orange\ Cloud.build/Release-iphoneos/Orange\ Cloud.build/en.lproj/AppShortcuts.strings (in target 'Orange Cloud' from project 'Orange Cloud')
    cd /Users/runner/work/orange-cloud/orange-cloud/orange-cloud/apps/ios/Orange\ Cloud
    builtin-copyStrings --validate --outputencoding binary --outfilename AppShortcuts.strings --outdir /Users/runner/work/orange-cloud/orange-cloud/orange-cloud/apps/ios/Orange\ Cloud/build/Build/Products/Release-iphoneos/Orange\ Cloud.app/en.lproj -- /Users/runner/work/orange-cloud/orange-cloud/orange-cloud/apps/ios/Orange\ Cloud/build/Build/Intermediates.noindex/Orange\ Cloud.build/Release-iphoneos/Orange\ Cloud.build/en.lproj/AppShortcuts.strings
/Users/runner/work/orange-cloud/orange-cloud/orange-cloud/apps/ios/Orange Cloud/build/Build/Intermediates.noindex/Orange Cloud.build/Release-iphoneos/Orange Cloud.build/en.lproj/AppShortcuts.strings:1:1: note: detected encoding of input file as Unicode (UTF-8) (in target 'Orange Cloud' from project 'Orange Cloud')

CopyStringsFile /Users/runner/work/orange-cloud/orange-cloud/orange-cloud/apps/ios/Orange\ Cloud/build/Build/Products/Release-iphoneos/Orange\ Cloud.app/de.lproj/WhatsNew.strings /Users/runner/work/orange-cloud/orange-cloud/orange-cloud/apps/ios/Orange\ Cloud/build/Build/Intermediates.noindex/Orange\ Cloud.build/Release-iphoneos/Orange\ Cloud.build/de.lproj/WhatsNew.strings (in target 'Orange Cloud' from project 'Orange Cloud')
    cd /Users/runner/work/orange-cloud/orange-cloud/orange-cloud/apps/ios/Orange\ Cloud
    builtin-copyStrings --validate --outputencoding binary --outfilename WhatsNew.strings --outdir /Users/runner/work/orange-cloud/orange-cloud/orange-cloud/apps/ios/Orange\ Cloud/build/Build/Products/Release-iphoneos/Orange\ Cloud.app/de.lproj -- /Users/runner/work/orange-cloud/orange-cloud/orange-cloud/apps/ios/Orange\ Cloud/build/Build/Intermediates.noindex/Orange\ Cloud.build/Release-iphoneos/Orange\ Cloud.build/de.lproj/WhatsNew.strings
/Users/runner/work/orange-cloud/orange-cloud/orange-cloud/apps/ios/Orange Cloud/build/Build/Intermediates.noindex/Orange Cloud.build/Release-iphoneos/Orange Cloud.build/de.lproj/WhatsNew.strings:1:1: note: detected encoding of input file as Unicode (UTF-8) (in target 'Orange Cloud' from project 'Orange Cloud')

CopyStringsFile /Users/runner/work/orange-cloud/orange-cloud/orange-cloud/apps/ios/Orange\ Cloud/build/Build/Products/Release-iphoneos/Orange\ Cloud.app/de.lproj/AppShortcuts.strings /Users/runner/work/orange-cloud/orange-cloud/orange-cloud/apps/ios/Orange\ Cloud/build/Build/Intermediates.noindex/Orange\ Cloud.build/Release-iphoneos/Orange\ Cloud.build/de.lproj/AppShortcuts.strings (in target 'Orange Cloud' from project 'Orange Cloud')
    cd /Users/runner/work/orange-cloud/orange-cloud/orange-cloud/apps/ios/Orange\ Cloud
    builtin-copyStrings --validate --outputencoding binary --outfilename AppShortcuts.strings --outdir /Users/runner/work/orange-cloud/orange-cloud/orange-cloud/apps/ios/Orange\ Cloud/build/Build/Products/Release-iphoneos/Orange\ Cloud.app/de.lproj -- /Users/runner/work/orange-cloud/orange-cloud/orange-cloud/apps/ios/Orange\ Cloud/build/Build/Intermediates.noindex/Orange\ Cloud.build/Release-iphoneos/Orange\ Cloud.build/de.lproj/AppShortcuts.strings
/Users/runner/work/orange-cloud/orange-cloud/orange-cloud/apps/ios/Orange Cloud/build/Build/Intermediates.noindex/Orange Cloud.build/Release-iphoneos/Orange Cloud.build/de.lproj/AppShortcuts.strings:1:1: note: detected encoding of input file as Unicode (UTF-8) (in target 'Orange Cloud' from project 'Orange Cloud')

CopyStringsFile /Users/runner/work/orange-cloud/orange-cloud/orange-cloud/apps/ios/Orange\ Cloud/build/Build/Products/Release-iphoneos/Orange\ Cloud.app/ar.lproj/WhatsNew.strings /Users/runner/work/orange-cloud/orange-cloud/orange-cloud/apps/ios/Orange\ Cloud/build/Build/Intermediates.noindex/Orange\ Cloud.build/Release-iphoneos/Orange\ Cloud.build/ar.lproj/WhatsNew.strings (in target 'Orange Cloud' from project 'Orange Cloud')
    cd /Users/runner/work/orange-cloud/orange-cloud/orange-cloud/apps/ios/Orange\ Cloud
    builtin-copyStrings --validate --outputencoding binary --outfilename WhatsNew.strings --outdir /Users/runner/work/orange-cloud/orange-cloud/orange-cloud/apps/ios/Orange\ Cloud/build/Build/Products/Release-iphoneos/Orange\ Cloud.app/ar.lproj -- /Users/runner/work/orange-cloud/orange-cloud/orange-cloud/apps/ios/Orange\ Cloud/build/Build/Intermediates.noindex/Orange\ Cloud.build/Release-iphoneos/Orange\ Cloud.build/ar.lproj/WhatsNew.strings
/Users/runner/work/orange-cloud/orange-cloud/orange-cloud/apps/ios/Orange Cloud/build/Build/Intermediates.noindex/Orange Cloud.build/Release-iphoneos/Orange Cloud.build/ar.lproj/WhatsNew.strings:1:1: note: detected encoding of input file as Unicode (UTF-8) (in target 'Orange Cloud' from project 'Orange Cloud')

CopyStringsFile /Users/runner/work/orange-cloud/orange-cloud/orange-cloud/apps/ios/Orange\ Cloud/build/Build/Products/Release-iphoneos/Orange\ Cloud.app/ar.lproj/AppShortcuts.strings /Users/runner/work/orange-cloud/orange-cloud/orange-cloud/apps/ios/Orange\ Cloud/build/Build/Intermediates.noindex/Orange\ Cloud.build/Release-iphoneos/Orange\ Cloud.build/ar.lproj/AppShortcuts.strings (in target 'Orange Cloud' from project 'Orange Cloud')
    cd /Users/runner/work/orange-cloud/orange-cloud/orange-cloud/apps/ios/Orange\ Cloud
    builtin-copyStrings --validate --outputencoding binary --outfilename AppShortcuts.strings --outdir /Users/runner/work/orange-cloud/orange-cloud/orange-cloud/apps/ios/Orange\ Cloud/build/Build/Products/Release-iphoneos/Orange\ Cloud.app/ar.lproj -- /Users/runner/work/orange-cloud/orange-cloud/orange-cloud/apps/ios/Orange\ Cloud/build/Build/Intermediates.noindex/Orange\ Cloud.build/Release-iphoneos/Orange\ Cloud.build/ar.lproj/AppShortcuts.strings
/Users/runner/work/orange-cloud/orange-cloud/orange-cloud/apps/ios/Orange Cloud/build/Build/Intermediates.noindex/Orange Cloud.build/Release-iphoneos/Orange Cloud.build/ar.lproj/AppShortcuts.strings:1:1: note: detected encoding of input file as Unicode (UTF-8) (in target 'Orange Cloud' from project 'Orange Cloud')

CompileAssetCatalogVariant thinned /Users/runner/work/orange-cloud/orange-cloud/orange-cloud/apps/ios/Orange\ Cloud/build/Build/Products/Release-iphoneos/Orange\ Cloud.app /Users/runner/work/orange-cloud/orange-cloud/orange-cloud/apps/ios/Orange\ Cloud/Orange\ Cloud/Assets.xcassets /Users/runner/work/orange-cloud/orange-cloud/orange-cloud/apps/ios/Orange\ Cloud/Orange\ Cloud/Orange\ Cloud.icon (in target 'Orange Cloud' from project 'Orange Cloud')
    cd /Users/runner/work/orange-cloud/orange-cloud/orange-cloud/apps/ios/Orange\ Cloud
    /Applications/Xcode_26.6.app/Contents/Developer/usr/bin/actool /Users/runner/work/orange-cloud/orange-cloud/orange-cloud/apps/ios/Orange\ Cloud/Orange\ Cloud/Assets.xcassets /Users/runner/work/orange-cloud/orange-cloud/orange-cloud/apps/ios/Orange\ Cloud/Orange\ Cloud/Orange\ Cloud.icon --compile /Users/runner/work/orange-cloud/orange-cloud/orange-cloud/apps/ios/Orange\ Cloud/build/Build/Intermediates.noindex/Orange\ Cloud.build/Release-iphoneos/Orange\ Cloud.build/assetcatalog_output/thinned --output-format human-readable-text --notices --warnings --export-dependency-info /Users/runner/work/orange-cloud/orange-cloud/orange-cloud/apps/ios/Orange\ Cloud/build/Build/Intermediates.noindex/Orange\ Cloud.build/Release-iphoneos/Orange\ Cloud.build/assetcatalog_dependencies_thinned --output-partial-info-plist /Users/runner/work/orange-cloud/orange-cloud/orange-cloud/apps/ios/Orange\ Cloud/build/Build/Intermediates.noindex/Orange\ Cloud.build/Release-iphoneos/Orange\ Cloud.build/assetcatalog_generated_info.plist_thinned --app-icon Orange\ Cloud --accent-color AccentColor --compress-pngs --enable-on-demand-resources YES --development-region zh-Hans --target-device iphone --target-device ipad --minimum-deployment-target 17.0 --platform iphoneos
2026-08-23 03:28:52.475 AssetCatalogSimulatorAgent[5917:23197] The filter 'CIPortraitEffectSpillCorrection' is not implemented in the bundle at /Library/Developer/CoreSimulator/Volumes/iOS_23F77/Library/Developer/CoreSimulator/Profiles/Runtimes/iOS 26.5.simruntime/Contents/Resources/RuntimeRoot/System/Library/CoreImage/PortraitFilters.cifilter.
/* com.apple.actool.compilation-results */
/Users/runner/work/orange-cloud/orange-cloud/orange-cloud/apps/ios/Orange Cloud/build/Build/Intermediates.noindex/Orange Cloud.build/Release-iphoneos/Orange Cloud.build/assetcatalog_generated_info.plist_thinned
/Users/runner/work/orange-cloud/orange-cloud/orange-cloud/apps/ios/Orange Cloud/build/Build/Intermediates.noindex/Orange Cloud.build/Release-iphoneos/Orange Cloud.build/assetcatalog_output/thinned/Assets.car
/Users/runner/work/orange-cloud/orange-cloud/orange-cloud/apps/ios/Orange Cloud/build/Build/Intermediates.noindex/Orange Cloud.build/Release-iphoneos/Orange Cloud.build/assetcatalog_output/thinned/Orange Cloud60x60@2x.png
/Users/runner/work/orange-cloud/orange-cloud/orange-cloud/apps/ios/Orange Cloud/build/Build/Intermediates.noindex/Orange Cloud.build/Release-iphoneos/Orange Cloud.build/assetcatalog_output/thinned/Orange Cloud76x76@2x~ipad.png


SwiftDriver Orange\ Cloud normal arm64 com.apple.xcode.tools.swift.compiler (in target 'Orange Cloud' from project 'Orange Cloud')
    cd /Users/runner/work/orange-cloud/orange-cloud/orange-cloud/apps/ios/Orange\ Cloud
    builtin-SwiftDriver -- /Applications/Xcode_26.6.app/Contents/Developer/Toolchains/XcodeDefault.xctoolchain/usr/bin/swiftc -module-name Orange_Cloud -O -whole-module-optimization @/Users/runner/work/orange-cloud/orange-cloud/orange-cloud/apps/ios/Orange\ Cloud/build/Build/Intermediates.noindex/Orange\ Cloud.build/Release-iphoneos/Orange\ Cloud.build/Objects-normal/arm64/Orange\ Cloud.SwiftFileList -DOPENSOURCE_UNLOCKED -D OPENSOURCE_UNLOCKED -default-isolation\=MainActor -enable-bare-slash-regex -enable-upcoming-feature DisableOutwardActorInference -enable-upcoming-feature InferSendableFromCaptures -enable-upcoming-feature GlobalActorIsolatedTypesUsability -enable-upcoming-feature MemberImportVisibility -enable-upcoming-feature InferIsolatedConformances -enable-upcoming-feature NonisolatedNonsendingByDefault -enable-experimental-feature DebugDescriptionMacro -sdk /Applications/Xcode_26.6.app/Contents/Developer/Platforms/iPhoneOS.platform/Developer/SDKs/iPhoneOS26.5.sdk -target arm64-apple-ios17.0 -g -module-cache-path /Users/runner/work/orange-cloud/orange-cloud/orange-cloud/apps/ios/Orange\ Cloud/build/ModuleCache.noindex -Xfrontend -serialize-debugging-options -swift-version 5 -I /Users/runner/work/orange-cloud/orange-cloud/orange-cloud/apps/ios/Orange\ Cloud/build/Build/Products/Release-iphoneos -F /Users/runner/work/orange-cloud/orange-cloud/orange-cloud/apps/ios/Orange\ Cloud/build/Build/Products/Release-iphoneos/PackageFrameworks -F /Users/runner/work/orange-cloud/orange-cloud/orange-cloud/apps/ios/Orange\ Cloud/build/Build/Products/Release-iphoneos -emit-localized-strings -emit-localized-strings-path /Users/runner/work/orange-cloud/orange-cloud/orange-cloud/apps/ios/Orange\ Cloud/build/Build/Intermediates.noindex/Orange\ Cloud.build/Release-iphoneos/Orange\ Cloud.build/Objects-normal/arm64 -c -num-threads 3 -Xcc -ivfsstatcache -Xcc /Users/runner/work/orange-cloud/orange-cloud/orange-cloud/apps/ios/Orange\ Cloud/build/SDKStatCaches.noindex/iphoneos26.5-23F81a-688ef53f1462e2c8f657fdc38a81448fee66e23052a0157c865c76b268046726.sdkstatcache -output-file-map /Users/runner/work/orange-cloud/orange-cloud/orange-cloud/apps/ios/Orange\ Cloud/build/Build/Intermediates.noindex/Orange\ Cloud.build/Release-iphoneos/Orange\ Cloud.build/Objects-normal/arm64/Orange\ Cloud-OutputFileMap.json -use-frontend-parseable-output -save-temps -no-color-diagnostics -explicit-module-build -module-cache-path /Users/runner/work/orange-cloud/orange-cloud/orange-cloud/apps/ios/Orange\ Cloud/build/Build/Intermediates.noindex/SwiftExplicitPrecompiledModules -clang-scanner-module-cache-path /Users/runner/work/orange-cloud/orange-cloud/orange-cloud/apps/ios/Orange\ Cloud/build/ModuleCache.noindex -sdk-module-cache-path /Users/runner/work/orange-cloud/orange-cloud/orange-cloud/apps/ios/Orange\ Cloud/build/ModuleCache.noindex -serialize-diagnostics -emit-dependencies -emit-module -emit-module-path /Users/runner/work/orange-cloud/orange-cloud/orange-cloud/apps/ios/Orange\ Cloud/build/Build/Intermediates.noindex/Orange\ Cloud.build/Release-iphoneos/Orange\ Cloud.build/Objects-normal/arm64/Orange_Cloud.swiftmodule -validate-clang-modules-once -clang-build-session-file /Users/runner/work/orange-cloud/orange-cloud/orange-cloud/apps/ios/Orange\ Cloud/build/ModuleCache.noindex/Session.modulevalidation -Xcc -I/Users/runner/work/orange-cloud/orange-cloud/orange-cloud/apps/ios/Orange\ Cloud/build/Build/Intermediates.noindex/Orange\ Cloud.build/Release-iphoneos/Orange\ Cloud.build/swift-overrides.hmap -emit-const-values -Xfrontend -const-gather-protocols-file -Xfrontend /Users/runner/work/orange-cloud/orange-cloud/orange-cloud/apps/ios/Orange\ Cloud/build/Build/Intermediates.noindex/Orange\ Cloud.build/Release-iphoneos/Orange\ Cloud.build/Objects-normal/arm64/Orange\ Cloud_const_extract_protocols.json -Xcc -iquote -Xcc /Users/runner/work/orange-cloud/orange-cloud/orange-cloud/apps/ios/Orange\ Cloud/build/Build/Intermediates.noindex/Orange\ Cloud.build/Release-iphoneos/Orange\ Cloud.build/Orange\ Cloud-generated-files.hmap -Xcc -I/Users/runner/work/orange-cloud/orange-cloud/orange-cloud/apps/ios/Orange\ Cloud/build/Build/Intermediates.noindex/Orange\ Cloud.build/Release-iphoneos/Orange\ Cloud.build/Orange\ Cloud-own-target-headers.hmap -Xcc -I/Users/runner/work/orange-cloud/orange-cloud/orange-cloud/apps/ios/Orange\ Cloud/build/Build/Intermediates.noindex/Orange\ Cloud.build/Release-iphoneos/Orange\ Cloud.build/Orange\ Cloud-all-non-framework-target-headers.hmap -Xcc -ivfsoverlay -Xcc /Users/runner/work/orange-cloud/orange-cloud/orange-cloud/apps/ios/Orange\ Cloud/build/Build/Intermediates.noindex/Orange\ Cloud.build/Release-iphoneos/Orange\ Cloud-caa53a888f9e6677ffee03f20a1a9cdb-VFS-iphoneos/all-product-headers.yaml -Xcc -iquote -Xcc /Users/runner/work/orange-cloud/orange-cloud/orange-cloud/apps/ios/Orange\ Cloud/build/Build/Intermediates.noindex/Orange\ Cloud.build/Release-iphoneos/Orange\ Cloud.build/Orange\ Cloud-project-headers.hmap -Xcc -I/Users/runner/work/orange-cloud/orange-cloud/orange-cloud/apps/ios/Orange\ Cloud/build/Build/Products/Release-iphoneos/include -Xcc -I/Users/runner/work/orange-cloud/orange-cloud/orange-cloud/apps/ios/Orange\ Cloud/build/Build/Intermediates.noindex/Orange\ Cloud.build/Release-iphoneos/Orange\ Cloud.build/DerivedSources-normal/arm64 -Xcc -I/Users/runner/work/orange-cloud/orange-cloud/orange-cloud/apps/ios/Orange\ Cloud/build/Build/Intermediates.noindex/Orange\ Cloud.build/Release-iphoneos/Orange\ Cloud.build/DerivedSources/arm64 -Xcc -I/Users/runner/work/orange-cloud/orange-cloud/orange-cloud/apps/ios/Orange\ Cloud/build/Build/Intermediates.noindex/Orange\ Cloud.build/Release-iphoneos/Orange\ Cloud.build/DerivedSources -emit-objc-header -emit-objc-header-path /Users/runner/work/orange-cloud/orange-cloud/orange-cloud/apps/ios/Orange\ Cloud/build/Build/Intermediates.noindex/Orange\ Cloud.build/Release-iphoneos/Orange\ Cloud.build/Objects-normal/arm64/Orange_Cloud-Swift.h -import-objc-header /Users/runner/work/orange-cloud/orange-cloud/orange-cloud/apps/ios/Orange\ Cloud/Orange\ Cloud/OrangeCloud-Bridging-Header.h -working-directory /Users/runner/work/orange-cloud/orange-cloud/orange-cloud/apps/ios/Orange\ Cloud -no-emit-module-separately-wmo

CopyStringsFile /Users/runner/work/orange-cloud/orange-cloud/orange-cloud/apps/ios/Orange\ Cloud/build/Build/Products/Release-iphoneos/Orange\ Cloud.app/zh-Hant.lproj/Localizable.strings /Users/runner/work/orange-cloud/orange-cloud/orange-cloud/apps/ios/Orange\ Cloud/build/Build/Intermediates.noindex/Orange\ Cloud.build/Release-iphoneos/Orange\ Cloud.build/zh-Hant.lproj/Localizable.strings (in target 'Orange Cloud' from project 'Orange Cloud')
    cd /Users/runner/work/orange-cloud/orange-cloud/orange-cloud/apps/ios/Orange\ Cloud
    builtin-copyStrings --validate --outputencoding binary --outfilename Localizable.strings --outdir /Users/runner/work/orange-cloud/orange-cloud/orange-cloud/apps/ios/Orange\ Cloud/build/Build/Products/Release-iphoneos/Orange\ Cloud.app/zh-Hant.lproj -- /Users/runner/work/orange-cloud/orange-cloud/orange-cloud/apps/ios/Orange\ Cloud/build/Build/Intermediates.noindex/Orange\ Cloud.build/Release-iphoneos/Orange\ Cloud.build/zh-Hant.lproj/Localizable.strings
/Users/runner/work/orange-cloud/orange-cloud/orange-cloud/apps/ios/Orange Cloud/build/Build/Intermediates.noindex/Orange Cloud.build/Release-iphoneos/Orange Cloud.build/zh-Hant.lproj/Localizable.strings:1:1: note: detected encoding of input file as Unicode (UTF-8) (in target 'Orange Cloud' from project 'Orange Cloud')

CopyStringsFile /Users/runner/work/orange-cloud/orange-cloud/orange-cloud/apps/ios/Orange\ Cloud/build/Build/Products/Release-iphoneos/Orange\ Cloud.app/zh-Hans.lproj/Localizable.strings /Users/runner/work/orange-cloud/orange-cloud/orange-cloud/apps/ios/Orange\ Cloud/build/Build/Intermediates.noindex/Orange\ Cloud.build/Release-iphoneos/Orange\ Cloud.build/zh-Hans.lproj/Localizable.strings (in target 'Orange Cloud' from project 'Orange Cloud')
    cd /Users/runner/work/orange-cloud/orange-cloud/orange-cloud/apps/ios/Orange\ Cloud
    builtin-copyStrings --validate --outputencoding binary --outfilename Localizable.strings --outdir /Users/runner/work/orange-cloud/orange-cloud/orange-cloud/apps/ios/Orange\ Cloud/build/Build/Products/Release-iphoneos/Orange\ Cloud.app/zh-Hans.lproj -- /Users/runner/work/orange-cloud/orange-cloud/orange-cloud/apps/ios/Orange\ Cloud/build/Build/Intermediates.noindex/Orange\ Cloud.build/Release-iphoneos/Orange\ Cloud.build/zh-Hans.lproj/Localizable.strings
/Users/runner/work/orange-cloud/orange-cloud/orange-cloud/apps/ios/Orange Cloud/build/Build/Intermediates.noindex/Orange Cloud.build/Release-iphoneos/Orange Cloud.build/zh-Hans.lproj/Localizable.strings:1:1: note: detected encoding of input file as Unicode (UTF-8) (in target 'Orange Cloud' from project 'Orange Cloud')

CopyStringsFile /Users/runner/work/orange-cloud/orange-cloud/orange-cloud/apps/ios/Orange\ Cloud/build/Build/Products/Release-iphoneos/Orange\ Cloud.app/zh-HK.lproj/Localizable.strings /Users/runner/work/orange-cloud/orange-cloud/orange-cloud/apps/ios/Orange\ Cloud/build/Build/Intermediates.noindex/Orange\ Cloud.build/Release-iphoneos/Orange\ Cloud.build/zh-HK.lproj/Localizable.strings (in target 'Orange Cloud' from project 'Orange Cloud')
    cd /Users/runner/work/orange-cloud/orange-cloud/orange-cloud/apps/ios/Orange\ Cloud
    builtin-copyStrings --validate --outputencoding binary --outfilename Localizable.strings --outdir /Users/runner/work/orange-cloud/orange-cloud/orange-cloud/apps/ios/Orange\ Cloud/build/Build/Products/Release-iphoneos/Orange\ Cloud.app/zh-HK.lproj -- /Users/runner/work/orange-cloud/orange-cloud/orange-cloud/apps/ios/Orange\ Cloud/build/Build/Intermediates.noindex/Orange\ Cloud.build/Release-iphoneos/Orange\ Cloud.build/zh-HK.lproj/Localizable.strings
/Users/runner/work/orange-cloud/orange-cloud/orange-cloud/apps/ios/Orange Cloud/build/Build/Intermediates.noindex/Orange Cloud.build/Release-iphoneos/Orange Cloud.build/zh-HK.lproj/Localizable.strings:1:1: note: detected encoding of input file as Unicode (UTF-8) (in target 'Orange Cloud' from project 'Orange Cloud')

CopyStringsFile /Users/runner/work/orange-cloud/orange-cloud/orange-cloud/apps/ios/Orange\ Cloud/build/Build/Products/Release-iphoneos/Orange\ Cloud.app/tr.lproj/Localizable.strings /Users/runner/work/orange-cloud/orange-cloud/orange-cloud/apps/ios/Orange\ Cloud/build/Build/Intermediates.noindex/Orange\ Cloud.build/Release-iphoneos/Orange\ Cloud.build/tr.lproj/Localizable.strings (in target 'Orange Cloud' from project 'Orange Cloud')
    cd /Users/runner/work/orange-cloud/orange-cloud/orange-cloud/apps/ios/Orange\ Cloud
    builtin-copyStrings --validate --outputencoding binary --outfilename Localizable.strings --outdir /Users/runner/work/orange-cloud/orange-cloud/orange-cloud/apps/ios/Orange\ Cloud/build/Build/Products/Release-iphoneos/Orange\ Cloud.app/tr.lproj -- /Users/runner/work/orange-cloud/orange-cloud/orange-cloud/apps/ios/Orange\ Cloud/build/Build/Intermediates.noindex/Orange\ Cloud.build/Release-iphoneos/Orange\ Cloud.build/tr.lproj/Localizable.strings
/Users/runner/work/orange-cloud/orange-cloud/orange-cloud/apps/ios/Orange Cloud/build/Build/Intermediates.noindex/Orange Cloud.build/Release-iphoneos/Orange Cloud.build/tr.lproj/Localizable.strings:1:1: note: detected encoding of input file as Unicode (UTF-8) (in target 'Orange Cloud' from project 'Orange Cloud')

CopyStringsFile /Users/runner/work/orange-cloud/orange-cloud/orange-cloud/apps/ios/Orange\ Cloud/build/Build/Products/Release-iphoneos/Orange\ Cloud.app/pt-PT.lproj/Localizable.strings /Users/runner/work/orange-cloud/orange-cloud/orange-cloud/apps/ios/Orange\ Cloud/build/Build/Intermediates.noindex/Orange\ Cloud.build/Release-iphoneos/Orange\ Cloud.build/pt-PT.lproj/Localizable.strings (in target 'Orange Cloud' from project 'Orange Cloud')
    cd /Users/runner/work/orange-cloud/orange-cloud/orange-cloud/apps/ios/Orange\ Cloud
    builtin-copyStrings --validate --outputencoding binary --outfilename Localizable.strings --outdir /Users/runner/work/orange-cloud/orange-cloud/orange-cloud/apps/ios/Orange\ Cloud/build/Build/Products/Release-iphoneos/Orange\ Cloud.app/pt-PT.lproj -- /Users/runner/work/orange-cloud/orange-cloud/orange-cloud/apps/ios/Orange\ Cloud/build/Build/Intermediates.noindex/Orange\ Cloud.build/Release-iphoneos/Orange\ Cloud.build/pt-PT.lproj/Localizable.strings
/Users/runner/work/orange-cloud/orange-cloud/orange-cloud/apps/ios/Orange Cloud/build/Build/Intermediates.noindex/Orange Cloud.build/Release-iphoneos/Orange Cloud.build/pt-PT.lproj/Localizable.strings:1:1: note: detected encoding of input file as Unicode (UTF-8) (in target 'Orange Cloud' from project 'Orange Cloud')

CopyStringsFile /Users/runner/work/orange-cloud/orange-cloud/orange-cloud/apps/ios/Orange\ Cloud/build/Build/Products/Release-iphoneos/Orange\ Cloud.app/pt-BR.lproj/Localizable.strings /Users/runner/work/orange-cloud/orange-cloud/orange-cloud/apps/ios/Orange\ Cloud/build/Build/Intermediates.noindex/Orange\ Cloud.build/Release-iphoneos/Orange\ Cloud.build/pt-BR.lproj/Localizable.strings (in target 'Orange Cloud' from project 'Orange Cloud')
    cd /Users/runner/work/orange-cloud/orange-cloud/orange-cloud/apps/ios/Orange\ Cloud
    builtin-copyStrings --validate --outputencoding binary --outfilename Localizable.strings --outdir /Users/runner/work/orange-cloud/orange-cloud/orange-cloud/apps/ios/Orange\ Cloud/build/Build/Products/Release-iphoneos/Orange\ Cloud.app/pt-BR.lproj -- /Users/runner/work/orange-cloud/orange-cloud/orange-cloud/apps/ios/Orange\ Cloud/build/Build/Intermediates.noindex/Orange\ Cloud.build/Release-iphoneos/Orange\ Cloud.build/pt-BR.lproj/Localizable.strings
/Users/runner/work/orange-cloud/orange-cloud/orange-cloud/apps/ios/Orange Cloud/build/Build/Intermediates.noindex/Orange Cloud.build/Release-iphoneos/Orange Cloud.build/pt-BR.lproj/Localizable.strings:1:1: note: detected encoding of input file as Unicode (UTF-8) (in target 'Orange Cloud' from project 'Orange Cloud')

CopyStringsFile /Users/runner/work/orange-cloud/orange-cloud/orange-cloud/apps/ios/Orange\ Cloud/build/Build/Products/Release-iphoneos/Orange\ Cloud.app/ko.lproj/Localizable.strings /Users/runner/work/orange-cloud/orange-cloud/orange-cloud/apps/ios/Orange\ Cloud/build/Build/Intermediates.noindex/Orange\ Cloud.build/Release-iphoneos/Orange\ Cloud.build/ko.lproj/Localizable.strings (in target 'Orange Cloud' from project 'Orange Cloud')
    cd /Users/runner/work/orange-cloud/orange-cloud/orange-cloud/apps/ios/Orange\ Cloud
    builtin-copyStrings --validate --outputencoding binary --outfilename Localizable.strings --outdir /Users/runner/work/orange-cloud/orange-cloud/orange-cloud/apps/ios/Orange\ Cloud/build/Build/Products/Release-iphoneos/Orange\ Cloud.app/ko.lproj -- /Users/runner/work/orange-cloud/orange-cloud/orange-cloud/apps/ios/Orange\ Cloud/build/Build/Intermediates.noindex/Orange\ Cloud.build/Release-iphoneos/Orange\ Cloud.build/ko.lproj/Localizable.strings
/Users/runner/work/orange-cloud/orange-cloud/orange-cloud/apps/ios/Orange Cloud/build/Build/Intermediates.noindex/Orange Cloud.build/Release-iphoneos/Orange Cloud.build/ko.lproj/Localizable.strings:1:1: note: detected encoding of input file as Unicode (UTF-8) (in target 'Orange Cloud' from project 'Orange Cloud')

CopyStringsFile /Users/runner/work/orange-cloud/orange-cloud/orange-cloud/apps/ios/Orange\ Cloud/build/Build/Products/Release-iphoneos/Orange\ Cloud.app/ja.lproj/Localizable.strings /Users/runner/work/orange-cloud/orange-cloud/orange-cloud/apps/ios/Orange\ Cloud/build/Build/Intermediates.noindex/Orange\ Cloud.build/Release-iphoneos/Orange\ Cloud.build/ja.lproj/Localizable.strings (in target 'Orange Cloud' from project 'Orange Cloud')
    cd /Users/runner/work/orange-cloud/orange-cloud/orange-cloud/apps/ios/Orange\ Cloud
    builtin-copyStrings --validate --outputencoding binary --outfilename Localizable.strings --outdir /Users/runner/work/orange-cloud/orange-cloud/orange-cloud/apps/ios/Orange\ Cloud/build/Build/Products/Release-iphoneos/Orange\ Cloud.app/ja.lproj -- /Users/runner/work/orange-cloud/orange-cloud/orange-cloud/apps/ios/Orange\ Cloud/build/Build/Intermediates.noindex/Orange\ Cloud.build/Release-iphoneos/Orange\ Cloud.build/ja.lproj/Localizable.strings
/Users/runner/work/orange-cloud/orange-cloud/orange-cloud/apps/ios/Orange Cloud/build/Build/Intermediates.noindex/Orange Cloud.build/Release-iphoneos/Orange Cloud.build/ja.lproj/Localizable.strings:1:1: note: detected encoding of input file as Unicode (UTF-8) (in target 'Orange Cloud' from project 'Orange Cloud')

CopyStringsFile /Users/runner/work/orange-cloud/orange-cloud/orange-cloud/apps/ios/Orange\ Cloud/build/Build/Products/Release-iphoneos/Orange\ Cloud.app/fr.lproj/Localizable.strings /Users/runner/work/orange-cloud/orange-cloud/orange-cloud/apps/ios/Orange\ Cloud/build/Build/Intermediates.noindex/Orange\ Cloud.build/Release-iphoneos/Orange\ Cloud.build/fr.lproj/Localizable.strings (in target 'Orange Cloud' from project 'Orange Cloud')
    cd /Users/runner/work/orange-cloud/orange-cloud/orange-cloud/apps/ios/Orange\ Cloud
    builtin-copyStrings --validate --outputencoding binary --outfilename Localizable.strings --outdir /Users/runner/work/orange-cloud/orange-cloud/orange-cloud/apps/ios/Orange\ Cloud/build/Build/Products/Release-iphoneos/Orange\ Cloud.app/fr.lproj -- /Users/runner/work/orange-cloud/orange-cloud/orange-cloud/apps/ios/Orange\ Cloud/build/Build/Intermediates.noindex/Orange\ Cloud.build/Release-iphoneos/Orange\ Cloud.build/fr.lproj/Localizable.strings
/Users/runner/work/orange-cloud/orange-cloud/orange-cloud/apps/ios/Orange Cloud/build/Build/Intermediates.noindex/Orange Cloud.build/Release-iphoneos/Orange Cloud.build/fr.lproj/Localizable.strings:1:1: note: detected encoding of input file as Unicode (UTF-8) (in target 'Orange Cloud' from project 'Orange Cloud')

CopyStringsFile /Users/runner/work/orange-cloud/orange-cloud/orange-cloud/apps/ios/Orange\ Cloud/build/Build/Products/Release-iphoneos/Orange\ Cloud.app/es-MX.lproj/Localizable.strings /Users/runner/work/orange-cloud/orange-cloud/orange-cloud/apps/ios/Orange\ Cloud/build/Build/Intermediates.noindex/Orange\ Cloud.build/Release-iphoneos/Orange\ Cloud.build/es-MX.lproj/Localizable.strings (in target 'Orange Cloud' from project 'Orange Cloud')
    cd /Users/runner/work/orange-cloud/orange-cloud/orange-cloud/apps/ios/Orange\ Cloud
    builtin-copyStrings --validate --outputencoding binary --outfilename Localizable.strings --outdir /Users/runner/work/orange-cloud/orange-cloud/orange-cloud/apps/ios/Orange\ Cloud/build/Build/Products/Release-iphoneos/Orange\ Cloud.app/es-MX.lproj -- /Users/runner/work/orange-cloud/orange-cloud/orange-cloud/apps/ios/Orange\ Cloud/build/Build/Intermediates.noindex/Orange\ Cloud.build/Release-iphoneos/Orange\ Cloud.build/es-MX.lproj/Localizable.strings
/Users/runner/work/orange-cloud/orange-cloud/orange-cloud/apps/ios/Orange Cloud/build/Build/Intermediates.noindex/Orange Cloud.build/Release-iphoneos/Orange Cloud.build/es-MX.lproj/Localizable.strings:1:1: note: detected encoding of input file as Unicode (UTF-8) (in target 'Orange Cloud' from project 'Orange Cloud')

CopyStringsFile /Users/runner/work/orange-cloud/orange-cloud/orange-cloud/apps/ios/Orange\ Cloud/build/Build/Products/Release-iphoneos/Orange\ Cloud.app/en.lproj/Localizable.strings /Users/runner/work/orange-cloud/orange-cloud/orange-cloud/apps/ios/Orange\ Cloud/build/Build/Intermediates.noindex/Orange\ Cloud.build/Release-iphoneos/Orange\ Cloud.build/en.lproj/Localizable.strings (in target 'Orange Cloud' from project 'Orange Cloud')
    cd /Users/runner/work/orange-cloud/orange-cloud/orange-cloud/apps/ios/Orange\ Cloud
    builtin-copyStrings --validate --outputencoding binary --outfilename Localizable.strings --outdir /Users/runner/work/orange-cloud/orange-cloud/orange-cloud/apps/ios/Orange\ Cloud/build/Build/Products/Release-iphoneos/Orange\ Cloud.app/en.lproj -- /Users/runner/work/orange-cloud/orange-cloud/orange-cloud/apps/ios/Orange\ Cloud/build/Build/Intermediates.noindex/Orange\ Cloud.build/Release-iphoneos/Orange\ Cloud.build/en.lproj/Localizable.strings
/Users/runner/work/orange-cloud/orange-cloud/orange-cloud/apps/ios/Orange Cloud/build/Build/Intermediates.noindex/Orange Cloud.build/Release-iphoneos/Orange Cloud.build/en.lproj/Localizable.strings:1:1: note: detected encoding of input file as Unicode (UTF-8) (in target 'Orange Cloud' from project 'Orange Cloud')

CopyStringsFile /Users/runner/work/orange-cloud/orange-cloud/orange-cloud/apps/ios/Orange\ Cloud/build/Build/Products/Release-iphoneos/Orange\ Cloud.app/de.lproj/Localizable.strings /Users/runner/work/orange-cloud/orange-cloud/orange-cloud/apps/ios/Orange\ Cloud/build/Build/Intermediates.noindex/Orange\ Cloud.build/Release-iphoneos/Orange\ Cloud.build/de.lproj/Localizable.strings (in target 'Orange Cloud' from project 'Orange Cloud')
    cd /Users/runner/work/orange-cloud/orange-cloud/orange-cloud/apps/ios/Orange\ Cloud
    builtin-copyStrings --validate --outputencoding binary --outfilename Localizable.strings --outdir /Users/runner/work/orange-cloud/orange-cloud/orange-cloud/apps/ios/Orange\ Cloud/build/Build/Products/Release-iphoneos/Orange\ Cloud.app/de.lproj -- /Users/runner/work/orange-cloud/orange-cloud/orange-cloud/apps/ios/Orange\ Cloud/build/Build/Intermediates.noindex/Orange\ Cloud.build/Release-iphoneos/Orange\ Cloud.build/de.lproj/Localizable.strings
/Users/runner/work/orange-cloud/orange-cloud/orange-cloud/apps/ios/Orange Cloud/build/Build/Intermediates.noindex/Orange Cloud.build/Release-iphoneos/Orange Cloud.build/de.lproj/Localizable.strings:1:1: note: detected encoding of input file as Unicode (UTF-8) (in target 'Orange Cloud' from project 'Orange Cloud')

CopyStringsFile /Users/runner/work/orange-cloud/orange-cloud/orange-cloud/apps/ios/Orange\ Cloud/build/Build/Products/Release-iphoneos/Orange\ Cloud.app/ar.lproj/Localizable.strings /Users/runner/work/orange-cloud/orange-cloud/orange-cloud/apps/ios/Orange\ Cloud/build/Build/Intermediates.noindex/Orange\ Cloud.build/Release-iphoneos/Orange\ Cloud.build/ar.lproj/Localizable.strings (in target 'Orange Cloud' from project 'Orange Cloud')
    cd /Users/runner/work/orange-cloud/orange-cloud/orange-cloud/apps/ios/Orange\ Cloud
    builtin-copyStrings --validate --outputencoding binary --outfilename Localizable.strings --outdir /Users/runner/work/orange-cloud/orange-cloud/orange-cloud/apps/ios/Orange\ Cloud/build/Build/Products/Release-iphoneos/Orange\ Cloud.app/ar.lproj -- /Users/runner/work/orange-cloud/orange-cloud/orange-cloud/apps/ios/Orange\ Cloud/build/Build/Intermediates.noindex/Orange\ Cloud.build/Release-iphoneos/Orange\ Cloud.build/ar.lproj/Localizable.strings
/Users/runner/work/orange-cloud/orange-cloud/orange-cloud/apps/ios/Orange Cloud/build/Build/Intermediates.noindex/Orange Cloud.build/Release-iphoneos/Orange Cloud.build/ar.lproj/Localizable.strings:1:1: note: detected encoding of input file as Unicode (UTF-8) (in target 'Orange Cloud' from project 'Orange Cloud')

Copy /Users/runner/work/orange-cloud/orange-cloud/orange-cloud/apps/ios/Orange\ Cloud/build/Build/Products/Release-watchos/Orange\ Cloud\ Watch\ Watch\ App.app/PlugIns/Orange\ Cloud\ WatchExtension.appex /Users/runner/work/orange-cloud/orange-cloud/orange-cloud/apps/ios/Orange\ Cloud/build/Build/Products/Release-watchos/Orange\ Cloud\ WatchExtension.appex (in target 'Orange Cloud Watch Watch App' from project 'Orange Cloud')
    cd /Users/runner/work/orange-cloud/orange-cloud/orange-cloud/apps/ios/Orange\ Cloud
    builtin-copy -exclude .DS_Store -exclude CVS -exclude .svn -exclude .git -exclude .hg -exclude Headers -exclude PrivateHeaders -exclude Modules -exclude \*.tbd -resolve-src-symlinks -remove-static-executable /Users/runner/work/orange-cloud/orange-cloud/orange-cloud/apps/ios/Orange\ Cloud/build/Build/Products/Release-watchos/Orange\ Cloud\ WatchExtension.appex /Users/runner/work/orange-cloud/orange-cloud/orange-cloud/apps/ios/Orange\ Cloud/build/Build/Products/Release-watchos/Orange\ Cloud\ Watch\ Watch\ App.app/PlugIns

ProcessInfoPlistFile /Users/runner/work/orange-cloud/orange-cloud/orange-cloud/apps/ios/Orange\ Cloud/build/Build/Products/Release-watchos/Orange\ Cloud\ Watch\ Watch\ App.app/Info.plist /Users/runner/work/orange-cloud/orange-cloud/orange-cloud/apps/ios/Orange\ Cloud/build/Build/Intermediates.noindex/Orange\ Cloud.build/Release-watchos/Orange\ Cloud\ Watch\ Watch\ App.build/empty-Orange\ Cloud\ Watch\ Watch\ App.plist (in target 'Orange Cloud Watch Watch App' from project 'Orange Cloud')
    cd /Users/runner/work/orange-cloud/orange-cloud/orange-cloud/apps/ios/Orange\ Cloud
    builtin-infoPlistUtility /Users/runner/work/orange-cloud/orange-cloud/orange-cloud/apps/ios/Orange\ Cloud/build/Build/Intermediates.noindex/Orange\ Cloud.build/Release-watchos/Orange\ Cloud\ Watch\ Watch\ App.build/empty-Orange\ Cloud\ Watch\ Watch\ App.plist -producttype com.apple.product-type.application -genpkginfo /Users/runner/work/orange-cloud/orange-cloud/orange-cloud/apps/ios/Orange\ Cloud/build/Build/Products/Release-watchos/Orange\ Cloud\ Watch\ Watch\ App.app/PkgInfo -expandbuildsettings -format binary -platform watchos -additionalcontentfile /Users/runner/work/orange-cloud/orange-cloud/orange-cloud/apps/ios/Orange\ Cloud/build/Build/Intermediates.noindex/Orange\ Cloud.build/Release-watchos/Orange\ Cloud\ Watch\ Watch\ App.build/assetcatalog_generated_info.plist -scanforprivacyfile /Users/runner/work/orange-cloud/orange-cloud/orange-cloud/apps/ios/Orange\ Cloud/build/Build/Products/Release-watchos/Orange\ Cloud\ Watch\ Watch\ App.app/PlugIns/Orange\ Cloud\ WatchExtension.appex -o /Users/runner/work/orange-cloud/orange-cloud/orange-cloud/apps/ios/Orange\ Cloud/build/Build/Products/Release-watchos/Orange\ Cloud\ Watch\ Watch\ App.app/Info.plist

ValidateEmbeddedBinary /Users/runner/work/orange-cloud/orange-cloud/orange-cloud/apps/ios/Orange\ Cloud/build/Build/Products/Release-watchos/Orange\ Cloud\ Watch\ Watch\ App.app/PlugIns/Orange\ Cloud\ WatchExtension.appex (in target 'Orange Cloud Watch Watch App' from project 'Orange Cloud')
    cd /Users/runner/work/orange-cloud/orange-cloud/orange-cloud/apps/ios/Orange\ Cloud
    /Applications/Xcode_26.6.app/Contents/Developer/usr/bin/embeddedBinaryValidationUtility /Users/runner/work/orange-cloud/orange-cloud/orange-cloud/apps/ios/Orange\ Cloud/build/Build/Products/Release-watchos/Orange\ Cloud\ Watch\ Watch\ App.app/PlugIns/Orange\ Cloud\ WatchExtension.appex -info-plist-path /Users/runner/work/orange-cloud/orange-cloud/orange-cloud/apps/ios/Orange\ Cloud/build/Build/Products/Release-watchos/Orange\ Cloud\ Watch\ Watch\ App.app/Info.plist

GenerateDSYMFile /Users/runner/work/orange-cloud/orange-cloud/orange-cloud/apps/ios/Orange\ Cloud/build/Build/Products/Release-watchos/Orange\ Cloud\ Watch\ Watch\ App.app.dSYM /Users/runner/work/orange-cloud/orange-cloud/orange-cloud/apps/ios/Orange\ Cloud/build/Build/Products/Release-watchos/Orange\ Cloud\ Watch\ Watch\ App.app/Orange\ Cloud\ Watch\ Watch\ App (in target 'Orange Cloud Watch Watch App' from project 'Orange Cloud')
    cd /Users/runner/work/orange-cloud/orange-cloud/orange-cloud/apps/ios/Orange\ Cloud
    /Applications/Xcode_26.6.app/Contents/Developer/Toolchains/XcodeDefault.xctoolchain/usr/bin/dsymutil /Users/runner/work/orange-cloud/orange-cloud/orange-cloud/apps/ios/Orange\ Cloud/build/Build/Products/Release-watchos/Orange\ Cloud\ Watch\ Watch\ App.app/Orange\ Cloud\ Watch\ Watch\ App -o /Users/runner/work/orange-cloud/orange-cloud/orange-cloud/apps/ios/Orange\ Cloud/build/Build/Products/Release-watchos/Orange\ Cloud\ Watch\ Watch\ App.app.dSYM

SwiftExplicitDependencyGeneratePcm arm64 /Users/runner/work/orange-cloud/orange-cloud/orange-cloud/apps/ios/Orange\ Cloud/build/ModuleCache.noindex/_Builtin_float-23NBEL2KLO4CRL103EUXJZBR5.pcm

SwiftExplicitDependencyGeneratePcm arm64 /Users/runner/work/orange-cloud/orange-cloud/orange-cloud/apps/ios/Orange\ Cloud/build/ModuleCache.noindex/_Builtin_stdbool-B5CGTSCJT4VCO6A9DHZF61V7F.pcm

SwiftExplicitDependencyGeneratePcm arm64 /Users/runner/work/orange-cloud/orange-cloud/orange-cloud/apps/ios/Orange\ Cloud/build/ModuleCache.noindex/ptrcheck-6J47K7UT7FFX235XQJD9QGCCP.pcm

SwiftExplicitDependencyGeneratePcm arm64 /Users/runner/work/orange-cloud/orange-cloud/orange-cloud/apps/ios/Orange\ Cloud/build/ModuleCache.noindex/_Builtin_stdarg-7VNNV12P14H0SCL8LES2UNIPF.pcm

SwiftExplicitDependencyGeneratePcm arm64 /Users/runner/work/orange-cloud/orange-cloud/orange-cloud/apps/ios/Orange\ Cloud/build/ModuleCache.noindex/_StoreKit_SwiftUI-3SCHL54POMPXBAL56HDZMH3CB.pcm

SwiftExplicitDependencyGeneratePcm arm64 /Users/runner/work/orange-cloud/orange-cloud/orange-cloud/apps/ios/Orange\ Cloud/build/ModuleCache.noindex/_AvailabilityInternal-95HMTCZDON8JARBEK87SQTN9V.pcm

SwiftExplicitDependencyGeneratePcm arm64 /Users/runner/work/orange-cloud/orange-cloud/orange-cloud/apps/ios/Orange\ Cloud/build/ModuleCache.noindex/SwiftShims-8H9LPS7V5GWA2QZL4KGOBYY2Z.pcm

SwiftExplicitDependencyGeneratePcm arm64 /Users/runner/work/orange-cloud/orange-cloud/orange-cloud/apps/ios/Orange\ Cloud/build/ModuleCache.noindex/_DarwinFoundation1-AJ77LABH59JD6SZ4U8IALNUC5.pcm

SwiftExplicitDependencyGeneratePcm arm64 /Users/runner/work/orange-cloud/orange-cloud/orange-cloud/apps/ios/Orange\ Cloud/build/ModuleCache.noindex/_Builtin_stddef-2D8TFQ1MGJIYHFC3BM5FEP8QF.pcm

SwiftExplicitDependencyGeneratePcm arm64 /Users/runner/work/orange-cloud/orange-cloud/orange-cloud/apps/ios/Orange\ Cloud/build/ModuleCache.noindex/ExtensionFoundation-6OM6JE1E44G1TVBCVTJZXJ8RO.pcm

SwiftExplicitDependencyGeneratePcm arm64 /Users/runner/work/orange-cloud/orange-cloud/orange-cloud/apps/ios/Orange\ Cloud/build/ModuleCache.noindex/_Builtin_limits-7ZGUAYP9SUFU88KIOPKFY6SSD.pcm

SwiftExplicitDependencyGeneratePcm arm64 /Users/runner/work/orange-cloud/orange-cloud/orange-cloud/apps/ios/Orange\ Cloud/build/ModuleCache.noindex/_DarwinFoundation2-9BZ3T7Z7YAYZW9Q0ZR6ODHD52.pcm

SwiftExplicitDependencyGeneratePcm arm64 /Users/runner/work/orange-cloud/orange-cloud/orange-cloud/apps/ios/Orange\ Cloud/build/ModuleCache.noindex/_SwiftConcurrencyShims-1S8HK9D7BX1F7SMUJ039HA87A.pcm

SwiftExplicitDependencyGeneratePcm arm64 /Users/runner/work/orange-cloud/orange-cloud/orange-cloud/apps/ios/Orange\ Cloud/build/ModuleCache.noindex/_Builtin_stdint-3480PT7ZFHU2IRP6MXOURPQUV.pcm

SwiftExplicitDependencyGeneratePcm arm64 /Users/runner/work/orange-cloud/orange-cloud/orange-cloud/apps/ios/Orange\ Cloud/build/ModuleCache.noindex/sys_types-84BMCVHITGQ74G7QJHOMARDYJ.pcm

SwiftExplicitDependencyGeneratePcm arm64 /Users/runner/work/orange-cloud/orange-cloud/orange-cloud/apps/ios/Orange\ Cloud/build/ModuleCache.noindex/_Builtin_intrinsics-B63BEEAUC5YTWTF8NIJQH0XSJ.pcm

SwiftExplicitDependencyGeneratePcm arm64 /Users/runner/work/orange-cloud/orange-cloud/orange-cloud/apps/ios/Orange\ Cloud/build/ModuleCache.noindex/_Builtin_stdatomic-2OONYAVACT1A2U76194F3U6US.pcm

SwiftExplicitDependencyGeneratePcm arm64 /Users/runner/work/orange-cloud/orange-cloud/orange-cloud/apps/ios/Orange\ Cloud/build/ModuleCache.noindex/_Builtin_tgmath-67KNMPU8R46KT34AZTN0ENRH2.pcm

SwiftExplicitDependencyGeneratePcm arm64 /Users/runner/work/orange-cloud/orange-cloud/orange-cloud/apps/ios/Orange\ Cloud/build/ModuleCache.noindex/_DarwinFoundation3-153WYT5P33EQZ82NNTW8RWUUS.pcm

SwiftExplicitDependencyGeneratePcm arm64 /Users/runner/work/orange-cloud/orange-cloud/orange-cloud/apps/ios/Orange\ Cloud/build/ModuleCache.noindex/simd-7UYHE1SEQOSNZ1TLO83XS3UVN.pcm

SwiftExplicitDependencyGeneratePcm arm64 /Users/runner/work/orange-cloud/orange-cloud/orange-cloud/apps/ios/Orange\ Cloud/build/ModuleCache.noindex/ActivityKit-7EPD7KJ7SZKTJJUYEOOBPY6E8.pcm

SwiftExplicitDependencyGeneratePcm arm64 /Users/runner/work/orange-cloud/orange-cloud/orange-cloud/apps/ios/Orange\ Cloud/build/ModuleCache.noindex/_Builtin_inttypes-2MNHLP3BGGOZPOXWINVUA6RQP.pcm

SwiftExplicitDependencyGeneratePcm arm64 /Users/runner/work/orange-cloud/orange-cloud/orange-cloud/apps/ios/Orange\ Cloud/build/ModuleCache.noindex/DeveloperToolsSupport-A9EFNA0BN8EJIJM9UBUEVRKA1.pcm

SwiftExplicitDependencyGeneratePcm arm64 /Users/runner/work/orange-cloud/orange-cloud/orange-cloud/apps/ios/Orange\ Cloud/build/ModuleCache.noindex/Darwin-AZ3TGPTVUXO5K3ILXQ5LV6HET.pcm

SwiftExplicitDependencyGeneratePcm arm64 /Users/runner/work/orange-cloud/orange-cloud/orange-cloud/apps/ios/Orange\ Cloud/build/ModuleCache.noindex/ptrauth-5ZWVI6KLVWAZWVGBVSIBIGRLZ.pcm

SwiftExplicitDependencyGeneratePcm arm64 /Users/runner/work/orange-cloud/orange-cloud/orange-cloud/apps/ios/Orange\ Cloud/build/ModuleCache.noindex/Spatial-E234VXEZGQSL3TB9YXWVH37P6.pcm

SwiftDriver\ Compilation Orange\ Cloud normal arm64 com.apple.xcode.tools.swift.compiler (in target 'Orange Cloud' from project 'Orange Cloud')
    cd /Users/runner/work/orange-cloud/orange-cloud/orange-cloud/apps/ios/Orange\ Cloud
    builtin-Swift-Compilation -- /Applications/Xcode_26.6.app/Contents/Developer/Toolchains/XcodeDefault.xctoolchain/usr/bin/swiftc -module-name Orange_Cloud -O -whole-module-optimization @/Users/runner/work/orange-cloud/orange-cloud/orange-cloud/apps/ios/Orange\ Cloud/build/Build/Intermediates.noindex/Orange\ Cloud.build/Release-iphoneos/Orange\ Cloud.build/Objects-normal/arm64/Orange\ Cloud.SwiftFileList -DOPENSOURCE_UNLOCKED -D OPENSOURCE_UNLOCKED -default-isolation\=MainActor -enable-bare-slash-regex -enable-upcoming-feature DisableOutwardActorInference -enable-upcoming-feature InferSendableFromCaptures -enable-upcoming-feature GlobalActorIsolatedTypesUsability -enable-upcoming-feature MemberImportVisibility -enable-upcoming-feature InferIsolatedConformances -enable-upcoming-feature NonisolatedNonsendingByDefault -enable-experimental-feature DebugDescriptionMacro -sdk /Applications/Xcode_26.6.app/Contents/Developer/Platforms/iPhoneOS.platform/Developer/SDKs/iPhoneOS26.5.sdk -target arm64-apple-ios17.0 -g -module-cache-path /Users/runner/work/orange-cloud/orange-cloud/orange-cloud/apps/ios/Orange\ Cloud/build/ModuleCache.noindex -Xfrontend -serialize-debugging-options -swift-version 5 -I /Users/runner/work/orange-cloud/orange-cloud/orange-cloud/apps/ios/Orange\ Cloud/build/Build/Products/Release-iphoneos -F /Users/runner/work/orange-cloud/orange-cloud/orange-cloud/apps/ios/Orange\ Cloud/build/Build/Products/Release-iphoneos/PackageFrameworks -F /Users/runner/work/orange-cloud/orange-cloud/orange-cloud/apps/ios/Orange\ Cloud/build/Build/Products/Release-iphoneos -emit-localized-strings -emit-localized-strings-path /Users/runner/work/orange-cloud/orange-cloud/orange-cloud/apps/ios/Orange\ Cloud/build/Build/Intermediates.noindex/Orange\ Cloud.build/Release-iphoneos/Orange\ Cloud.build/Objects-normal/arm64 -c -num-threads 3 -Xcc -ivfsstatcache -Xcc /Users/runner/work/orange-cloud/orange-cloud/orange-cloud/apps/ios/Orange\ Cloud/build/SDKStatCaches.noindex/iphoneos26.5-23F81a-688ef53f1462e2c8f657fdc38a81448fee66e23052a0157c865c76b268046726.sdkstatcache -output-file-map /Users/runner/work/orange-cloud/orange-cloud/orange-cloud/apps/ios/Orange\ Cloud/build/Build/Intermediates.noindex/Orange\ Cloud.build/Release-iphoneos/Orange\ Cloud.build/Objects-normal/arm64/Orange\ Cloud-OutputFileMap.json -use-frontend-parseable-output -save-temps -no-color-diagnostics -explicit-module-build -module-cache-path /Users/runner/work/orange-cloud/orange-cloud/orange-cloud/apps/ios/Orange\ Cloud/build/Build/Intermediates.noindex/SwiftExplicitPrecompiledModules -clang-scanner-module-cache-path /Users/runner/work/orange-cloud/orange-cloud/orange-cloud/apps/ios/Orange\ Cloud/build/ModuleCache.noindex -sdk-module-cache-path /Users/runner/work/orange-cloud/orange-cloud/orange-cloud/apps/ios/Orange\ Cloud/build/ModuleCache.noindex -serialize-diagnostics -emit-dependencies -emit-module -emit-module-path /Users/runner/work/orange-cloud/orange-cloud/orange-cloud/apps/ios/Orange\ Cloud/build/Build/Intermediates.noindex/Orange\ Cloud.build/Release-iphoneos/Orange\ Cloud.build/Objects-normal/arm64/Orange_Cloud.swiftmodule -validate-clang-modules-once -clang-build-session-file /Users/runner/work/orange-cloud/orange-cloud/orange-cloud/apps/ios/Orange\ Cloud/build/ModuleCache.noindex/Session.modulevalidation -Xcc -I/Users/runner/work/orange-cloud/orange-cloud/orange-cloud/apps/ios/Orange\ Cloud/build/Build/Intermediates.noindex/Orange\ Cloud.build/Release-iphoneos/Orange\ Cloud.build/swift-overrides.hmap -emit-const-values -Xfrontend -const-gather-protocols-file -Xfrontend /Users/runner/work/orange-cloud/orange-cloud/orange-cloud/apps/ios/Orange\ Cloud/build/Build/Intermediates.noindex/Orange\ Cloud.build/Release-iphoneos/Orange\ Cloud.build/Objects-normal/arm64/Orange\ Cloud_const_extract_protocols.json -Xcc -iquote -Xcc /Users/runner/work/orange-cloud/orange-cloud/orange-cloud/apps/ios/Orange\ Cloud/build/Build/Intermediates.noindex/Orange\ Cloud.build/Release-iphoneos/Orange\ Cloud.build/Orange\ Cloud-generated-files.hmap -Xcc -I/Users/runner/work/orange-cloud/orange-cloud/orange-cloud/apps/ios/Orange\ Cloud/build/Build/Intermediates.noindex/Orange\ Cloud.build/Release-iphoneos/Orange\ Cloud.build/Orange\ Cloud-own-target-headers.hmap -Xcc -I/Users/runner/work/orange-cloud/orange-cloud/orange-cloud/apps/ios/Orange\ Cloud/build/Build/Intermediates.noindex/Orange\ Cloud.build/Release-iphoneos/Orange\ Cloud.build/Orange\ Cloud-all-non-framework-target-headers.hmap -Xcc -ivfsoverlay -Xcc /Users/runner/work/orange-cloud/orange-cloud/orange-cloud/apps/ios/Orange\ Cloud/build/Build/Intermediates.noindex/Orange\ Cloud.build/Release-iphoneos/Orange\ Cloud-caa53a888f9e6677ffee03f20a1a9cdb-VFS-iphoneos/all-product-headers.yaml -Xcc -iquote -Xcc /Users/runner/work/orange-cloud/orange-cloud/orange-cloud/apps/ios/Orange\ Cloud/build/Build/Intermediates.noindex/Orange\ Cloud.build/Release-iphoneos/Orange\ Cloud.build/Orange\ Cloud-project-headers.hmap -Xcc -I/Users/runner/work/orange-cloud/orange-cloud/orange-cloud/apps/ios/Orange\ Cloud/build/Build/Products/Release-iphoneos/include -Xcc -I/Users/runner/work/orange-cloud/orange-cloud/orange-cloud/apps/ios/Orange\ Cloud/build/Build/Intermediates.noindex/Orange\ Cloud.build/Release-iphoneos/Orange\ Cloud.build/DerivedSources-normal/arm64 -Xcc -I/Users/runner/work/orange-cloud/orange-cloud/orange-cloud/apps/ios/Orange\ Cloud/build/Build/Intermediates.noindex/Orange\ Cloud.build/Release-iphoneos/Orange\ Cloud.build/DerivedSources/arm64 -Xcc -I/Users/runner/work/orange-cloud/orange-cloud/orange-cloud/apps/ios/Orange\ Cloud/build/Build/Intermediates.noindex/Orange\ Cloud.build/Release-iphoneos/Orange\ Cloud.build/DerivedSources -emit-objc-header -emit-objc-header-path /Users/runner/work/orange-cloud/orange-cloud/orange-cloud/apps/ios/Orange\ Cloud/build/Build/Intermediates.noindex/Orange\ Cloud.build/Release-iphoneos/Orange\ Cloud.build/Objects-normal/arm64/Orange_Cloud-Swift.h -import-objc-header /Users/runner/work/orange-cloud/orange-cloud/orange-cloud/apps/ios/Orange\ Cloud/Orange\ Cloud/OrangeCloud-Bridging-Header.h -working-directory /Users/runner/work/orange-cloud/orange-cloud/orange-cloud/apps/ios/Orange\ Cloud -no-emit-module-separately-wmo

SwiftExplicitDependencyGeneratePcm arm64 /Users/runner/work/orange-cloud/orange-cloud/orange-cloud/apps/ios/Orange\ Cloud/build/ModuleCache.noindex/ObjectiveC-8KE4OLPMSRFGNRFILUJ9GWKXB.pcm

SwiftExplicitDependencyGeneratePcm arm64 /Users/runner/work/orange-cloud/orange-cloud/orange-cloud/apps/ios/Orange\ Cloud/build/ModuleCache.noindex/MachO-1ROBVR6MXFV6Y0EJDI7OQK6EG.pcm

SwiftExplicitDependencyGeneratePcm arm64 /Users/runner/work/orange-cloud/orange-cloud/orange-cloud/apps/ios/Orange\ Cloud/build/ModuleCache.noindex/Compression-99J5U4CBDXRQAJ8T13T1BMFUC.pcm

SwiftExplicitDependencyGeneratePcm arm64 /Users/runner/work/orange-cloud/orange-cloud/orange-cloud/apps/ios/Orange\ Cloud/build/ModuleCache.noindex/os_object-27WITQDS0F2XZJRBS2DS6R4ES.pcm

ExtractAppIntentsMetadata (in target 'Orange Cloud Watch Watch App' from project 'Orange Cloud')
    cd /Users/runner/work/orange-cloud/orange-cloud/orange-cloud/apps/ios/Orange\ Cloud
    /Applications/Xcode_26.6.app/Contents/Developer/Toolchains/XcodeDefault.xctoolchain/usr/bin/appintentsmetadataprocessor --toolchain-dir /var/run/com.apple.security.cryptexd/mnt/com.apple.MobileAsset.MetalToolchain-v17.6.109.0.1I2beg/Metal.xctoolchain --module-name Orange_Cloud_Watch_Watch_App --sdk-root /Applications/Xcode_26.6.app/Contents/Developer/Platforms/WatchOS.platform/Developer/SDKs/WatchOS26.5.sdk --xcode-version 17F113 --platform-family watchOS --deployment-target 10.6 --bundle-identifier jiamin.chen.orange-cloud.watchkitapp --output /Users/runner/work/orange-cloud/orange-cloud/orange-cloud/apps/ios/Orange\ Cloud/build/Build/Products/Release-watchos/Orange\ Cloud\ Watch\ Watch\ App.app --target-triple arm64-apple-watchos10.6 --target-triple arm64_32-apple-watchos10.6 --binary-file /Users/runner/work/orange-cloud/orange-cloud/orange-cloud/apps/ios/Orange\ Cloud/build/Build/Products/Release-watchos/Orange\ Cloud\ Watch\ Watch\ App.app/Orange\ Cloud\ Watch\ Watch\ App --dependency-file /Users/runner/work/orange-cloud/orange-cloud/orange-cloud/apps/ios/Orange\ Cloud/build/Build/Intermediates.noindex/Orange\ Cloud.build/Release-watchos/Orange\ Cloud\ Watch\ Watch\ App.build/Objects-normal/arm64/Orange\ Cloud\ Watch\ Watch\ App_dependency_info.dat --dependency-file /Users/runner/work/orange-cloud/orange-cloud/orange-cloud/apps/ios/Orange\ Cloud/build/Build/Intermediates.noindex/Orange\ Cloud.build/Release-watchos/Orange\ Cloud\ Watch\ Watch\ App.build/Objects-normal/arm64_32/Orange\ Cloud\ Watch\ Watch\ App_dependency_info.dat --stringsdata-file /Users/runner/work/orange-cloud/orange-cloud/orange-cloud/apps/ios/Orange\ Cloud/build/Build/Intermediates.noindex/Orange\ Cloud.build/Release-watchos/Orange\ Cloud\ Watch\ Watch\ App.build/Objects-normal/arm64/ExtractedAppShortcutsMetadata.stringsdata --stringsdata-file /Users/runner/work/orange-cloud/orange-cloud/orange-cloud/apps/ios/Orange\ Cloud/build/Build/Intermediates.noindex/Orange\ Cloud.build/Release-watchos/Orange\ Cloud\ Watch\ Watch\ App.build/Objects-normal/arm64_32/ExtractedAppShortcutsMetadata.stringsdata --source-file-list /Users/runner/work/orange-cloud/orange-cloud/orange-cloud/apps/ios/Orange\ Cloud/build/Build/Intermediates.noindex/Orange\ Cloud.build/Release-watchos/Orange\ Cloud\ Watch\ Watch\ App.build/Objects-normal/arm64/Orange\ Cloud\ Watch\ Watch\ App.SwiftFileList --source-file-list /Users/runner/work/orange-cloud/orange-cloud/orange-cloud/apps/ios/Orange\ Cloud/build/Build/Intermediates.noindex/Orange\ Cloud.build/Release-watchos/Orange\ Cloud\ Watch\ Watch\ App.build/Objects-normal/arm64_32/Orange\ Cloud\ Watch\ Watch\ App.SwiftFileList --metadata-file-list /Users/runner/work/orange-cloud/orange-cloud/orange-cloud/apps/ios/Orange\ Cloud/build/Build/Intermediates.noindex/Orange\ Cloud.build/Release-watchos/Orange\ Cloud\ Watch\ Watch\ App.build/Orange\ Cloud\ Watch\ Watch\ App.DependencyMetadataFileList --static-metadata-file-list /Users/runner/work/orange-cloud/orange-cloud/orange-cloud/apps/ios/Orange\ Cloud/build/Build/Intermediates.noindex/Orange\ Cloud.build/Release-watchos/Orange\ Cloud\ Watch\ Watch\ App.build/Orange\ Cloud\ Watch\ Watch\ App.DependencyStaticMetadataFileList --swift-const-vals-list /Users/runner/work/orange-cloud/orange-cloud/orange-cloud/apps/ios/Orange\ Cloud/build/Build/Intermediates.noindex/Orange\ Cloud.build/Release-watchos/Orange\ Cloud\ Watch\ Watch\ App.build/Objects-normal/arm64/Orange\ Cloud\ Watch\ Watch\ App.SwiftConstValuesFileList --swift-const-vals-list /Users/runner/work/orange-cloud/orange-cloud/orange-cloud/apps/ios/Orange\ Cloud/build/Build/Intermediates.noindex/Orange\ Cloud.build/Release-watchos/Orange\ Cloud\ Watch\ Watch\ App.build/Objects-normal/arm64_32/Orange\ Cloud\ Watch\ Watch\ App.SwiftConstValuesFileList --compile-time-extraction --deployment-aware-processing --validate-assistant-intents --no-app-shortcuts-localization
2026-08-23 03:28:52.740 appintentsmetadataprocessor[6590:23215] Starting appintentsmetadataprocessor export
2026-08-23 03:28:52.823 appintentsmetadataprocessor[6590:23215] Writing Metadata.appintents
2026-08-23 03:28:52.823 appintentsmetadataprocessor[6590:23215] Metadata root: /Users/runner/work/orange-cloud/orange-cloud/orange-cloud/apps/ios/Orange Cloud/build/Build/Products/Release-watchos/Orange Cloud Watch Watch App.app/Metadata.appintents

CopySwiftLibs /Users/runner/work/orange-cloud/orange-cloud/orange-cloud/apps/ios/Orange\ Cloud/build/Build/Products/Release-watchos/Orange\ Cloud\ Watch\ Watch\ App.app (in target 'Orange Cloud Watch Watch App' from project 'Orange Cloud')
    cd /Users/runner/work/orange-cloud/orange-cloud/orange-cloud/apps/ios/Orange\ Cloud
    builtin-swiftStdLibTool --copy --verbose --scan-executable /Users/runner/work/orange-cloud/orange-cloud/orange-cloud/apps/ios/Orange\ Cloud/build/Build/Products/Release-watchos/Orange\ Cloud\ Watch\ Watch\ App.app/Orange\ Cloud\ Watch\ Watch\ App --scan-folder /Users/runner/work/orange-cloud/orange-cloud/orange-cloud/apps/ios/Orange\ Cloud/build/Build/Products/Release-watchos/Orange\ Cloud\ Watch\ Watch\ App.app/Frameworks --scan-folder /Users/runner/work/orange-cloud/orange-cloud/orange-cloud/apps/ios/Orange\ Cloud/build/Build/Products/Release-watchos/Orange\ Cloud\ Watch\ Watch\ App.app/PlugIns --scan-folder /Users/runner/work/orange-cloud/orange-cloud/orange-cloud/apps/ios/Orange\ Cloud/build/Build/Products/Release-watchos/Orange\ Cloud\ Watch\ Watch\ App.app/SystemExtensions --scan-folder /Users/runner/work/orange-cloud/orange-cloud/orange-cloud/apps/ios/Orange\ Cloud/build/Build/Products/Release-watchos/Orange\ Cloud\ Watch\ Watch\ App.app/Extensions --platform watchos --toolchain /var/run/com.apple.security.cryptexd/mnt/com.apple.MobileAsset.MetalToolchain-v17.6.109.0.1I2beg/Metal.xctoolchain --toolchain /Applications/Xcode_26.6.app/Contents/Developer/Toolchains/XcodeDefault.xctoolchain --destination /Users/runner/work/orange-cloud/orange-cloud/orange-cloud/apps/ios/Orange\ Cloud/build/Build/Products/Release-watchos/Orange\ Cloud\ Watch\ Watch\ App.app/Frameworks --strip-bitcode --strip-bitcode-tool /Applications/Xcode_26.6.app/Contents/Developer/Toolchains/XcodeDefault.xctoolchain/usr/bin/bitcode_strip --emit-dependency-info /Users/runner/work/orange-cloud/orange-cloud/orange-cloud/apps/ios/Orange\ Cloud/build/Build/Intermediates.noindex/Orange\ Cloud.build/Release-watchos/Orange\ Cloud\ Watch\ Watch\ App.build/SwiftStdLibToolInputDependencies.dep --filter-for-swift-os --back-deploy-swift-span
Ignoring --strip-bitcode because --sign was not passed

SwiftExplicitDependencyGeneratePcm arm64 /Users/runner/work/orange-cloud/orange-cloud/orange-cloud/apps/ios/Orange\ Cloud/build/ModuleCache.noindex/os_workgroup-3C8U0N564Z01AQDU28YMV8U00.pcm

RegisterExecutionPolicyException /Users/runner/work/orange-cloud/orange-cloud/orange-cloud/apps/ios/Orange\ Cloud/build/Build/Products/Release-watchos/Orange\ Cloud\ Watch\ Watch\ App.app (in target 'Orange Cloud Watch Watch App' from project 'Orange Cloud')
    cd /Users/runner/work/orange-cloud/orange-cloud/orange-cloud/apps/ios/Orange\ Cloud
    builtin-RegisterExecutionPolicyException /Users/runner/work/orange-cloud/orange-cloud/orange-cloud/apps/ios/Orange\ Cloud/build/Build/Products/Release-watchos/Orange\ Cloud\ Watch\ Watch\ App.app

Validate /Users/runner/work/orange-cloud/orange-cloud/orange-cloud/apps/ios/Orange\ Cloud/build/Build/Products/Release-watchos/Orange\ Cloud\ Watch\ Watch\ App.app (in target 'Orange Cloud Watch Watch App' from project 'Orange Cloud')
    cd /Users/runner/work/orange-cloud/orange-cloud/orange-cloud/apps/ios/Orange\ Cloud
    builtin-validationUtility /Users/runner/work/orange-cloud/orange-cloud/orange-cloud/apps/ios/Orange\ Cloud/build/Build/Products/Release-watchos/Orange\ Cloud\ Watch\ Watch\ App.app -validate-for-store -shallow-bundle -infoplist-subpath Info.plist

SwiftExplicitDependencyGeneratePcm arm64 /Users/runner/work/orange-cloud/orange-cloud/orange-cloud/apps/ios/Orange\ Cloud/build/ModuleCache.noindex/Dispatch-C9O46SMRJZSEQSMCNYWLQ6YEH.pcm

Touch /Users/runner/work/orange-cloud/orange-cloud/orange-cloud/apps/ios/Orange\ Cloud/build/Build/Products/Release-watchos/Orange\ Cloud\ Watch\ Watch\ App.app (in target 'Orange Cloud Watch Watch App' from project 'Orange Cloud')
    cd /Users/runner/work/orange-cloud/orange-cloud/orange-cloud/apps/ios/Orange\ Cloud
    /usr/bin/touch -c /Users/runner/work/orange-cloud/orange-cloud/orange-cloud/apps/ios/Orange\ Cloud/build/Build/Products/Release-watchos/Orange\ Cloud\ Watch\ Watch\ App.app

Copy /Users/runner/work/orange-cloud/orange-cloud/orange-cloud/apps/ios/Orange\ Cloud/build/Build/Products/Release-iphoneos/Orange\ Cloud.app/Frameworks/Sentry.framework /Users/runner/work/orange-cloud/orange-cloud/orange-cloud/apps/ios/Orange\ Cloud/build/SourcePackages/artifacts/sentry-cocoa/Sentry/Sentry.xcframework/ios-arm64_arm64e/Sentry.framework (in target 'Orange Cloud' from project 'Orange Cloud')
    cd /Users/runner/work/orange-cloud/orange-cloud/orange-cloud/apps/ios/Orange\ Cloud
    builtin-copy -exclude .DS_Store -exclude CVS -exclude .svn -exclude .git -exclude .hg -exclude Headers -exclude PrivateHeaders -exclude Modules -exclude \*.tbd -bitcode-strip all -bitcode-strip-tool /Applications/Xcode_26.6.app/Contents/Developer/Toolchains/XcodeDefault.xctoolchain/usr/bin/bitcode_strip -resolve-src-symlinks -remove-static-executable /Users/runner/work/orange-cloud/orange-cloud/orange-cloud/apps/ios/Orange\ Cloud/build/SourcePackages/artifacts/sentry-cocoa/Sentry/Sentry.xcframework/ios-arm64_arm64e/Sentry.framework /Users/runner/work/orange-cloud/orange-cloud/orange-cloud/apps/ios/Orange\ Cloud/build/Build/Products/Release-iphoneos/Orange\ Cloud.app/Frameworks
note: Injecting stub binary into codeless framework (in target 'Orange Cloud' from project 'Orange Cloud')
    /Applications/Xcode_26.6.app/Contents/Developer/Toolchains/XcodeDefault.xctoolchain/usr/bin/clang -isysroot /Applications/Xcode_26.6.app/Contents/Developer/Platforms/iPhoneOS.platform/Developer/SDKs/iPhoneOS26.5.sdk -x c -c /dev/null -target arm64-apple-ios100.0 -o /private/var/folders/df/djsxfhc17x95674wsm_g8s980000gn/T/swbuild.tmp.w9YWtKGj/Data.noindex/arm64-apple.o
    /Applications/Xcode_26.6.app/Contents/Developer/Toolchains/XcodeDefault.xctoolchain/usr/bin/clang -isysroot /Applications/Xcode_26.6.app/Contents/Developer/Platforms/iPhoneOS.platform/Developer/SDKs/iPhoneOS26.5.sdk -dynamiclib -Xlinker -adhoc_codesign -target arm64-apple-ios100.0 -o /private/var/folders/df/djsxfhc17x95674wsm_g8s980000gn/T/swbuild.tmp.w9YWtKGj/Data.noindex/arm64-apple /private/var/folders/df/djsxfhc17x95674wsm_g8s980000gn/T/swbuild.tmp.w9YWtKGj/Data.noindex/arm64-apple.o
    /Applications/Xcode_26.6.app/Contents/Developer/Toolchains/XcodeDefault.xctoolchain/usr/bin/lipo -create -output '/Users/runner/work/orange-cloud/orange-cloud/orange-cloud/apps/ios/Orange Cloud/build/Build/Products/Release-iphoneos/Orange Cloud.app/Frameworks/Sentry.framework/Sentry' /private/var/folders/df/djsxfhc17x95674wsm_g8s980000gn/T/swbuild.tmp.w9YWtKGj/Data.noindex/arm64-apple

SwiftExplicitDependencyGeneratePcm arm64 /Users/runner/work/orange-cloud/orange-cloud/orange-cloud/apps/ios/Orange\ Cloud/build/ModuleCache.noindex/CoreFoundation-1ZCRX3DSU1LSEIG8JO9W4DVJI.pcm

SwiftExplicitDependencyGeneratePcm arm64 /Users/runner/work/orange-cloud/orange-cloud/orange-cloud/apps/ios/Orange\ Cloud/build/ModuleCache.noindex/dnssd-DFJSHBTG24H9JNMF9NLDA1PA3.pcm

SwiftExplicitDependencyGeneratePcm arm64 /Users/runner/work/orange-cloud/orange-cloud/orange-cloud/apps/ios/Orange\ Cloud/build/ModuleCache.noindex/XPC-93K26PUB2WD6TZ4XJG407PULZ.pcm

SwiftExplicitDependencyGeneratePcm arm64 /Users/runner/work/orange-cloud/orange-cloud/orange-cloud/apps/ios/Orange\ Cloud/build/ModuleCache.noindex/CoreAudioTypes-CIJXTS8HDZNWR04X3YAJ975N.pcm

SwiftExplicitDependencyGeneratePcm arm64 /Users/runner/work/orange-cloud/orange-cloud/orange-cloud/apps/ios/Orange\ Cloud/build/ModuleCache.noindex/Security-C44PGUUZLEUGX8VMH6Z5IOEZR.pcm

SwiftExplicitDependencyGeneratePcm arm64 /Users/runner/work/orange-cloud/orange-cloud/orange-cloud/apps/ios/Orange\ Cloud/build/ModuleCache.noindex/CFNetwork-EY3NOKD0UF8BVG9P7C3OST86Y.pcm

SwiftExplicitDependencyGeneratePcm arm64 /Users/runner/work/orange-cloud/orange-cloud/orange-cloud/apps/ios/Orange\ Cloud/build/ModuleCache.noindex/os-1MEQWELJJD45CP20292HICNKT.pcm

SwiftExplicitDependencyGeneratePcm arm64 /Users/runner/work/orange-cloud/orange-cloud/orange-cloud/apps/ios/Orange\ Cloud/build/ModuleCache.noindex/CoreAudio-16CW285UOBVVGLZ6I1D1PNATE.pcm

SwiftExplicitDependencyGeneratePcm arm64 /Users/runner/work/orange-cloud/orange-cloud/orange-cloud/apps/ios/Orange\ Cloud/build/ModuleCache.noindex/Foundation-1ZJGRL30I5Q8FLDGZ94W0AFFM.pcm

SwiftExplicitDependencyGeneratePcm arm64 /Users/runner/work/orange-cloud/orange-cloud/orange-cloud/apps/ios/Orange\ Cloud/build/ModuleCache.noindex/CoreGraphics-5JIXF5GBCCD893J1V1Z50O5A3.pcm

SwiftExplicitDependencyGeneratePcm arm64 /Users/runner/work/orange-cloud/orange-cloud/orange-cloud/apps/ios/Orange\ Cloud/build/ModuleCache.noindex/ImageIO-6OA17BXQGPE38LKDM05P0HWH2.pcm

SwiftExplicitDependencyGeneratePcm arm64 /Users/runner/work/orange-cloud/orange-cloud/orange-cloud/apps/ios/Orange\ Cloud/build/ModuleCache.noindex/CoreText-4V6FPG5GHRB7LAX99PO0VBNNP.pcm

SwiftExplicitDependencyGeneratePcm arm64 /Users/runner/work/orange-cloud/orange-cloud/orange-cloud/apps/ios/Orange\ Cloud/build/ModuleCache.noindex/CoreMIDI-DHKPQ06LFYA6AOFB2C0HXB99V.pcm

SwiftExplicitDependencyGeneratePcm arm64 /Users/runner/work/orange-cloud/orange-cloud/orange-cloud/apps/ios/Orange\ Cloud/build/ModuleCache.noindex/DataDetection-9A0OOB8FIR17QBA6ET82E1F7.pcm

SwiftExplicitDependencyGeneratePcm arm64 /Users/runner/work/orange-cloud/orange-cloud/orange-cloud/apps/ios/Orange\ Cloud/build/ModuleCache.noindex/CoreTransferable-6BK06V40XT21FRH87Q5U32IMA.pcm

SwiftExplicitDependencyGeneratePcm arm64 /Users/runner/work/orange-cloud/orange-cloud/orange-cloud/apps/ios/Orange\ Cloud/build/ModuleCache.noindex/BackgroundTasks-8Q9G39UDCEUOHZ4IYEF632R50.pcm

SwiftExplicitDependencyGeneratePcm arm64 /Users/runner/work/orange-cloud/orange-cloud/orange-cloud/apps/ios/Orange\ Cloud/build/ModuleCache.noindex/UniformTypeIdentifiers-72QPVSAPVYC12VF3ZJVPF36UG.pcm

SwiftExplicitDependencyGeneratePcm arm64 /Users/runner/work/orange-cloud/orange-cloud/orange-cloud/apps/ios/Orange\ Cloud/build/ModuleCache.noindex/OSLog-1C52MTKNCJ70RVXU21W7PWSG7.pcm

SwiftExplicitDependencyGeneratePcm arm64 /Users/runner/work/orange-cloud/orange-cloud/orange-cloud/apps/ios/Orange\ Cloud/build/ModuleCache.noindex/Accessibility-DKTC68W63DZAVXTPC96JQL8HN.pcm

SwiftExplicitDependencyGeneratePcm arm64 /Users/runner/work/orange-cloud/orange-cloud/orange-cloud/apps/ios/Orange\ Cloud/build/ModuleCache.noindex/UserNotifications-DCEQRJI1O9JYNS7B9SL2QZ0CA.pcm

SwiftExplicitDependencyGeneratePcm arm64 /Users/runner/work/orange-cloud/orange-cloud/orange-cloud/apps/ios/Orange\ Cloud/build/ModuleCache.noindex/WidgetKit-CLW3NBVSYYWZQ4GPU7X69U6DE.pcm

SwiftExplicitDependencyGeneratePcm arm64 /Users/runner/work/orange-cloud/orange-cloud/orange-cloud/apps/ios/Orange\ Cloud/build/ModuleCache.noindex/UIUtilities-6MUG3UW9HM9CPASD144OCYOLS.pcm

SwiftExplicitDependencyGeneratePcm arm64 /Users/runner/work/orange-cloud/orange-cloud/orange-cloud/apps/ios/Orange\ Cloud/build/ModuleCache.noindex/RelevanceKit-9NCZ5MKK2DWJ1K80TZKZASAA6.pcm

SwiftExplicitDependencyGeneratePcm arm64 /Users/runner/work/orange-cloud/orange-cloud/orange-cloud/apps/ios/Orange\ Cloud/build/ModuleCache.noindex/BackgroundAssets-3SHZN357TTJU1OGSWXH4ORZ2W.pcm

SwiftExplicitDependencyGeneratePcm arm64 /Users/runner/work/orange-cloud/orange-cloud/orange-cloud/apps/ios/Orange\ Cloud/build/ModuleCache.noindex/AudioToolbox-DMJPH4PIT3AF08LKQV705BG0C.pcm

SwiftExplicitDependencyGeneratePcm arm64 /Users/runner/work/orange-cloud/orange-cloud/orange-cloud/apps/ios/Orange\ Cloud/build/ModuleCache.noindex/WatchConnectivity-1357BRXF74TWKTBCMEMPJM8D3.pcm

SwiftExplicitDependencyGeneratePcm arm64 /Users/runner/work/orange-cloud/orange-cloud/orange-cloud/apps/ios/Orange\ Cloud/build/ModuleCache.noindex/CoreSpotlight-17PDXWXU2RZ687SK3B2QFIGOI.pcm

SwiftExplicitDependencyGeneratePcm arm64 /Users/runner/work/orange-cloud/orange-cloud/orange-cloud/apps/ios/Orange\ Cloud/build/ModuleCache.noindex/_LocationEssentials-2I1U9KL8JWH2E2QWURHZVJ3C0.pcm

SwiftExplicitDependencyGeneratePcm arm64 /Users/runner/work/orange-cloud/orange-cloud/orange-cloud/apps/ios/Orange\ Cloud/build/ModuleCache.noindex/FileProvider-DJVZTMKMZRPF6PNLIQXIMR3QP.pcm

SwiftExplicitDependencyGeneratePcm arm64 /Users/runner/work/orange-cloud/orange-cloud/orange-cloud/apps/ios/Orange\ Cloud/build/ModuleCache.noindex/CoreLocation-AQR1M13WE7SG4BJI94DV4E6EE.pcm

SwiftExplicitDependencyGeneratePcm arm64 /Users/runner/work/orange-cloud/orange-cloud/orange-cloud/apps/ios/Orange\ Cloud/build/ModuleCache.noindex/CoreData-D5CZX4A0QLLVJ17UAC645YY1J.pcm

SwiftExplicitDependencyGeneratePcm arm64 /Users/runner/work/orange-cloud/orange-cloud/orange-cloud/apps/ios/Orange\ Cloud/build/ModuleCache.noindex/Symbols-AI237YZ5GM77EHOHQVKHNOANV.pcm

SwiftExplicitDependencyGeneratePcm arm64 /Users/runner/work/orange-cloud/orange-cloud/orange-cloud/apps/ios/Orange\ Cloud/build/ModuleCache.noindex/Intents-3PMRIE6010NUOHE4KOVKO9EKY.pcm

SwiftExplicitDependencyGeneratePcm arm64 /Users/runner/work/orange-cloud/orange-cloud/orange-cloud/apps/ios/Orange\ Cloud/build/ModuleCache.noindex/QuickLookThumbnailing-8MOJI0AES2NKMGXT2BV3SJIOK.pcm

SwiftExplicitDependencyGeneratePcm arm64 /Users/runner/work/orange-cloud/orange-cloud/orange-cloud/apps/ios/Orange\ Cloud/build/ModuleCache.noindex/Network-EV1CJ207TUW7DV0CELA0AO6VZ.pcm

SwiftExplicitDependencyGeneratePcm arm64 /Users/runner/work/orange-cloud/orange-cloud/orange-cloud/apps/ios/Orange\ Cloud/build/ModuleCache.noindex/MetricKit-2XPS0V0HLRWVYZV6RR9VXKX0M.pcm

SwiftExplicitDependencyGeneratePcm arm64 /Users/runner/work/orange-cloud/orange-cloud/orange-cloud/apps/ios/Orange\ Cloud/build/ModuleCache.noindex/AVRouting-DMQ3C3A4Y36W12Y6L3RJZ9VYM.pcm

SwiftExplicitDependencyGeneratePcm arm64 /Users/runner/work/orange-cloud/orange-cloud/orange-cloud/apps/ios/Orange\ Cloud/build/ModuleCache.noindex/LocalAuthentication-73P11I0B6G4YOR458Y9NW7VHQ.pcm

SwiftExplicitDependencyGeneratePcm arm64 /Users/runner/work/orange-cloud/orange-cloud/orange-cloud/apps/ios/Orange\ Cloud/build/ModuleCache.noindex/IOSurface-1OCBDDIS1EFKUM480FVN1ADU7.pcm

SwiftExplicitDependencyGeneratePcm arm64 /Users/runner/work/orange-cloud/orange-cloud/orange-cloud/apps/ios/Orange\ Cloud/build/ModuleCache.noindex/AppIntents-E4K89N9ATFBQOP4UYXYTMBQSF.pcm

SwiftExplicitDependencyGeneratePcm arm64 /Users/runner/work/orange-cloud/orange-cloud/orange-cloud/apps/ios/Orange\ Cloud/build/ModuleCache.noindex/Metal-CM488AVY2RIPS71A8645EK2ZQ.pcm

SwiftExplicitDependencyGeneratePcm arm64 /Users/runner/work/orange-cloud/orange-cloud/orange-cloud/apps/ios/Orange\ Cloud/build/ModuleCache.noindex/OpenGLES-36DXYV9CB52CZ48Z9F49IBROB.pcm

SwiftExplicitDependencyGeneratePcm arm64 /Users/runner/work/orange-cloud/orange-cloud/orange-cloud/apps/ios/Orange\ Cloud/build/ModuleCache.noindex/CoreVideo-31SOLBOJPRKENLINVXH7I9L9R.pcm

SwiftExplicitDependencyGeneratePcm arm64 /Users/runner/work/orange-cloud/orange-cloud/orange-cloud/apps/ios/Orange\ Cloud/build/ModuleCache.noindex/CoreMedia-83S3ZATZB072EXZ89YB2S8SR7.pcm

SwiftExplicitDependencyGeneratePcm arm64 /Users/runner/work/orange-cloud/orange-cloud/orange-cloud/apps/ios/Orange\ Cloud/build/ModuleCache.noindex/CoreImage-UCH1AC15L5QJAO6D2XYCQAES.pcm

SwiftExplicitDependencyGeneratePcm arm64 /Users/runner/work/orange-cloud/orange-cloud/orange-cloud/apps/ios/Orange\ Cloud/build/ModuleCache.noindex/QuartzCore-DL2SCH90ZQ3GIWRFGCM20PWGE.pcm

SwiftExplicitDependencyGeneratePcm arm64 /Users/runner/work/orange-cloud/orange-cloud/orange-cloud/apps/ios/Orange\ Cloud/build/ModuleCache.noindex/AVFAudio-1UJS50D13H03WODQKX7ZN38V1.pcm

SwiftExplicitDependencyGeneratePcm arm64 /Users/runner/work/orange-cloud/orange-cloud/orange-cloud/apps/ios/Orange\ Cloud/build/ModuleCache.noindex/MediaToolbox-63IF910Q3C7PR7ZNC7VJ7BN4D.pcm

SwiftExplicitDependencyGeneratePcm arm64 /Users/runner/work/orange-cloud/orange-cloud/orange-cloud/apps/ios/Orange\ Cloud/build/ModuleCache.noindex/UIKit-E5HD0NMFVEIGUCF2BOSIO28B.pcm

SwiftExplicitDependencyGeneratePcm arm64 /Users/runner/work/orange-cloud/orange-cloud/orange-cloud/apps/ios/Orange\ Cloud/build/ModuleCache.noindex/SwiftUICore-3VPPWVP12SAZ0K1809ZDOZXF0.pcm

SwiftExplicitDependencyGeneratePcm arm64 /Users/runner/work/orange-cloud/orange-cloud/orange-cloud/apps/ios/Orange\ Cloud/build/ModuleCache.noindex/AVFoundation-8VHYYXCHKZEXP41MMWY8NOZ2N.pcm

LinkAssetCatalog /Users/runner/work/orange-cloud/orange-cloud/orange-cloud/apps/ios/Orange\ Cloud/Orange\ Cloud/Assets.xcassets /Users/runner/work/orange-cloud/orange-cloud/orange-cloud/apps/ios/Orange\ Cloud/Orange\ Cloud/Orange\ Cloud.icon (in target 'Orange Cloud' from project 'Orange Cloud')
    cd /Users/runner/work/orange-cloud/orange-cloud/orange-cloud/apps/ios/Orange\ Cloud
    builtin-linkAssetCatalog --thinned /Users/runner/work/orange-cloud/orange-cloud/orange-cloud/apps/ios/Orange\ Cloud/build/Build/Intermediates.noindex/Orange\ Cloud.build/Release-iphoneos/Orange\ Cloud.build/assetcatalog_output/thinned --thinned-dependencies /Users/runner/work/orange-cloud/orange-cloud/orange-cloud/apps/ios/Orange\ Cloud/build/Build/Intermediates.noindex/Orange\ Cloud.build/Release-iphoneos/Orange\ Cloud.build/assetcatalog_dependencies_thinned --thinned-info-plist-content /Users/runner/work/orange-cloud/orange-cloud/orange-cloud/apps/ios/Orange\ Cloud/build/Build/Intermediates.noindex/Orange\ Cloud.build/Release-iphoneos/Orange\ Cloud.build/assetcatalog_generated_info.plist_thinned --unthinned /Users/runner/work/orange-cloud/orange-cloud/orange-cloud/apps/ios/Orange\ Cloud/build/Build/Intermediates.noindex/Orange\ Cloud.build/Release-iphoneos/Orange\ Cloud.build/assetcatalog_output/unthinned --unthinned-dependencies /Users/runner/work/orange-cloud/orange-cloud/orange-cloud/apps/ios/Orange\ Cloud/build/Build/Intermediates.noindex/Orange\ Cloud.build/Release-iphoneos/Orange\ Cloud.build/assetcatalog_dependencies_unthinned --unthinned-info-plist-content /Users/runner/work/orange-cloud/orange-cloud/orange-cloud/apps/ios/Orange\ Cloud/build/Build/Intermediates.noindex/Orange\ Cloud.build/Release-iphoneos/Orange\ Cloud.build/assetcatalog_generated_info.plist_unthinned --output /Users/runner/work/orange-cloud/orange-cloud/orange-cloud/apps/ios/Orange\ Cloud/build/Build/Products/Release-iphoneos/Orange\ Cloud.app --plist-output /Users/runner/work/orange-cloud/orange-cloud/orange-cloud/apps/ios/Orange\ Cloud/build/Build/Intermediates.noindex/Orange\ Cloud.build/Release-iphoneos/Orange\ Cloud.build/assetcatalog_generated_info.plist
note: Emplaced /Users/runner/work/orange-cloud/orange-cloud/orange-cloud/apps/ios/Orange Cloud/build/Build/Products/Release-iphoneos/Orange Cloud.app/Assets.car (in target 'Orange Cloud' from project 'Orange Cloud')
note: Emplaced /Users/runner/work/orange-cloud/orange-cloud/orange-cloud/apps/ios/Orange Cloud/build/Build/Products/Release-iphoneos/Orange Cloud.app/Orange Cloud60x60@2x.png (in target 'Orange Cloud' from project 'Orange Cloud')
note: Emplaced /Users/runner/work/orange-cloud/orange-cloud/orange-cloud/apps/ios/Orange Cloud/build/Build/Products/Release-iphoneos/Orange Cloud.app/Orange Cloud76x76@2x~ipad.png (in target 'Orange Cloud' from project 'Orange Cloud')

SwiftExplicitDependencyGeneratePcm arm64 /Users/runner/work/orange-cloud/orange-cloud/orange-cloud/apps/ios/Orange\ Cloud/build/ModuleCache.noindex/Photos-D1KTG6Y1UQAH7GXIHCPMVD4OX.pcm

SwiftExplicitDependencyGeneratePcm arm64 /Users/runner/work/orange-cloud/orange-cloud/orange-cloud/apps/ios/Orange\ Cloud/build/ModuleCache.noindex/AuthenticationServices-E3GABGPEX4FM338P95XVY6EXI.pcm

SwiftExplicitDependencyGeneratePcm arm64 /Users/runner/work/orange-cloud/orange-cloud/orange-cloud/apps/ios/Orange\ Cloud/build/ModuleCache.noindex/WebKit-DMQD47C0EBE3AL94GAIZIBJ3Y.pcm

SwiftExplicitDependencyGeneratePcm arm64 /Users/runner/work/orange-cloud/orange-cloud/orange-cloud/apps/ios/Orange\ Cloud/build/ModuleCache.noindex/MessageUI-7HYMQT4D1UCDYN1YY8BNB4TY9.pcm

SwiftExplicitDependencyGeneratePcm arm64 /Users/runner/work/orange-cloud/orange-cloud/orange-cloud/apps/ios/Orange\ Cloud/build/ModuleCache.noindex/PhotosUI-DKGWKYBMLHOJ180FSTYIQBWT2.pcm

SwiftExplicitDependencyGeneratePcm arm64 /Users/runner/work/orange-cloud/orange-cloud/orange-cloud/apps/ios/Orange\ Cloud/build/ModuleCache.noindex/MapKit-45UVUR24RT711KJYEADVVZ24S.pcm

SwiftExplicitDependencyGeneratePcm arm64 /Users/runner/work/orange-cloud/orange-cloud/orange-cloud/apps/ios/Orange\ Cloud/build/ModuleCache.noindex/PDFKit-E43NM7CEEFG7I61421E7H7COU.pcm

SwiftExplicitDependencyGeneratePcm arm64 /Users/runner/work/orange-cloud/orange-cloud/orange-cloud/apps/ios/Orange\ Cloud/build/ModuleCache.noindex/StoreKit-9BEEVQ8U1UTZSWOVY9MZP5L1M.pcm

SwiftExplicitDependencyGeneratePcm arm64 /Users/runner/work/orange-cloud/orange-cloud/orange-cloud/apps/ios/Orange\ Cloud/build/ModuleCache.noindex/SwiftUI-2ZEZ6WEKNFLTPF42IYDEZECG8.pcm

SwiftExplicitDependencyGeneratePcm arm64 /Users/runner/work/orange-cloud/orange-cloud/orange-cloud/apps/ios/Orange\ Cloud/build/ModuleCache.noindex/QuickLook-87CNNE8ZA6CMIK8JHIX3IO1QS.pcm

SwiftExplicitDependencyGeneratePcm arm64 /Users/runner/work/orange-cloud/orange-cloud/orange-cloud/apps/ios/Orange\ Cloud/build/Build/Intermediates.noindex/SwiftExplicitPrecompiledModules/Sentry-14NTGJ1OQSV01Q8SIRS9AHF3A.pcm

SwiftExplicitDependencyGeneratePcm arm64 /Users/runner/work/orange-cloud/orange-cloud/orange-cloud/apps/ios/Orange\ Cloud/build/ModuleCache.noindex/ExtensionKit-4Q9VJGGH840860QQOG5ML5ZUM.pcm

SwiftExplicitDependencyCompileModuleFromInterface arm64 /Users/runner/work/orange-cloud/orange-cloud/orange-cloud/apps/ios/Orange\ Cloud/build/Build/Intermediates.noindex/SwiftExplicitPrecompiledModules/Sentry-BX6OGN76MWNN.swiftmodule

SwiftGeneratePch normal arm64 Compiling\ bridging\ header (in target 'Orange Cloud' from project 'Orange Cloud')

SwiftDriverJobDiscovery normal arm64 Compiling bridging header (in target 'Orange Cloud' from project 'Orange Cloud')

SwiftCompile normal arm64 Compiling\ AuthDiagnostics.swift,\ AuthManager.swift,\ OAuthConfig.swift,\ PKCEHelper.swift,\ RefreshGate.swift,\ TokenStore.swift,\ CacheContainer.swift,\ CacheModels.swift,\ CachePolicy.swift,\ CacheSync.swift,\ SafeCache.swift,\ WatchSessionManager.swift,\ AssetHash.swift,\ Blake3.swift,\ DashboardAlerts.swift,\ DashboardResource.swift,\ PinnedResource.swift,\ CrashReporter.swift,\ DiagnosticsInfo.swift,\ Telemetry.swift,\ AnalyticsIntelligence.swift,\ DNSIntelligence.swift,\ OnDeviceAI.swift,\ WAFIntelligence.swift,\ OrangeCloudIntents.swift,\ ZoneEntity.swift,\ AppLog.swift,\ LogFileStore.swift,\ APIError.swift,\ CFAPIClient.swift,\ MockCloudflare.swift,\ TailSocket.swift,\ EntitlementStore.swift,\ PushAppDelegate.swift,\ PushCrypto.swift,\ PushRegistrar.swift,\ PushStore.swift,\ QRCode.swift,\ RatingPrompt.swift,\ D1QueryHistoryStore.swift,\ AccountPrefsStore.swift,\ AppNotifications.swift,\ AppPreferences.swift,\ BackgroundRefresh.swift,\ ContinuedTaskRunner.swift,\ FileProviderMountManager.swift,\ SpotlightIndexer.swift,\ AppTips.swift,\ AvailabilityCompat.swift,\ CIDRCalculator.swift,\ X509Lite.swift,\ ZipReader.swift,\ WhatsNew.swift,\ WhatsNewReleases.generated.swift,\ Account.swift,\ AccountUsageModels.swift,\ AnalyticsModels.swift,\ AuditLogModels.swift,\ BotManagementModels.swift,\ BulkRedirectModels.swift,\ CacheRuleModels.swift,\ CFAlertingModels.swift,\ CFAPIResponse.swift,\ CountryGeo.swift,\ DeveloperPlatformModels.swift,\ DNSRecord.swift,\ DNSSettingsModels.swift,\ DurableObjectModels.swift,\ EmailRoutingModels.swift,\ FirewallAccessRuleModels.swift,\ GraphQLModels.swift,\ HealthCheckModels.swift,\ LoadBalancerModels.swift,\ ManagedHeaderModels.swift,\ PagesModels.swift,\ PermissionModels.swift,\ R2CatalogModels.swift,\ RateLimitModels.swift,\ RegistrarModels.swift,\ RequestTracerModels.swift,\ SnippetModels.swift,\ SSLCertificateModels.swift,\ StatusPageModels.swift,\ StorageModels.swift,\ SubscriptionModels.swift,\ ToolboxModels.swift,\ TransformRuleModels.swift,\ TunnelModels.swift,\ TurnstileModels.swift,\ URLScannerModels.swift,\ WAFModels.swift,\ WorkerBuildModels.swift,\ WorkerConfigModels.swift,\ WorkerMetricsModels.swift,\ WorkerRouteModels.swift,\ WorkerScript.swift,\ WorkerTailModels.swift,\ ZeroTrustModels.swift,\ Zone.swift,\ ZoneRuleModels.swift,\ ZoneSettingsModels.swift,\ AccountService.swift,\ AIGatewayService.swift,\ AlertingService.swift,\ AnalyticsService.swift,\ AuditLogService.swift,\ BotManagementService.swift,\ BulkRedirectService.swift,\ CacheRuleService.swift,\ CertInspectService.swift,\ D1Service.swift,\ DNSService.swift,\ DNSSettingsService.swift,\ DurableObjectService.swift,\ EmailRoutingService.swift,\ FirewallAccessRuleService.swift,\ HealthCheckService.swift,\ HyperdriveService.swift,\ KVService.swift,\ LoadBalancerService.swift,\ ManagedHeaderService.swift,\ PagesService.swift,\ PushService.swift,\ QueueService.swift,\ R2CatalogService.swift,\ R2Service.swift,\ R2SQLService.swift,\ RateLimitService.swift,\ RegistrarService.swift,\ RequestTracerService.swift,\ SnippetService.swift,\ SSLCertificateService.swift,\ StatusPageService.swift,\ ToolboxServices.swift,\ TransformRuleService.swift,\ TunnelService.swift,\ TurnstileService.swift,\ URLScannerService.swift,\ WAFService.swift,\ WorkerBuildService.swift,\ WorkersAIService.swift,\ WorkerService.swift,\ WorkerTailService.swift,\ ZeroTrustService.swift,\ ZoneRulesetService.swift,\ ZoneService.swift,\ ZoneSettingsService.swift,\ AddZoneViewModel.swift,\ AIImagePlaygroundViewModel.swift,\ AuditLogViewModel.swift,\ BulkRedirectViewModels.swift,\ CacheRulesViewModel.swift,\ CFAlertingViewModel.swift,\ CloudflareStatusViewModel.swift,\ D1IndexListViewModel.swift,\ DashboardViewModel.swift,\ DeveloperPlatformViewModels.swift,\ DNSListViewModel.swift,\ DNSSettingsViewModel.swift,\ EmailRoutingViewModel.swift,\ HealthCheckAlertViewModel.swift,\ HealthCheckViewModel.swift,\ LoadBalancerViewModels.swift,\ ManagedHeadersViewModel.swift,\ PagesViewModels.swift,\ PermissionSelectionViewModel.swift,\ PushCenterViewModel.swift,\ R2CatalogViewModel.swift,\ R2SQLViewModel.swift,\ RateLimitViewModel.swift,\ RegistrarViewModel.swift,\ RequestTracerViewModel.swift,\ SessionStore.swift,\ SnippetsViewModel.swift,\ StorageViewModels.swift,\ ToolboxViewModels.swift,\ TunnelWAFViewModels.swift,\ TurnstileViewModel.swift,\ URLScannerViewModel.swift,\ WorkerBindingsViewModel.swift,\ WorkerBuildViewModel.swift,\ WorkerDeploymentsViewModel.swift,\ WorkerListViewModel.swift,\ WorkerMetricsViewModel.swift,\ WorkerRoutesViewModel.swift,\ WorkerTailViewModel.swift,\ WorkerTriggersViewModel.swift,\ WorkerUploadViewModel.swift,\ ZeroTrustViewModels.swift,\ ZoneAccessRulesViewModel.swift,\ ZoneActionsViewModel.swift,\ ZoneAnalyticsViewModel.swift,\ ZoneListViewModel.swift,\ ZonePerformanceViewModel.swift,\ ZoneRulesViewModels.swift,\ ZoneSSLCertsViewModel.swift,\ ZoneSSLViewModel.swift,\ ZoneTransformRulesViewModel.swift,\ ZoneAnalyticsView.swift,\ ZoneTrafficMapView.swift,\ LoginView.swift,\ PermissionSelectionView.swift,\ Daybreak.swift,\ PermissionDeniedView.swift,\ PermissionGatedNavigationLink.swift,\ PlanBadge.swift,\ ProGate.swift,\ ProxiedBadge.swift,\ ReauthorizeButton.swift,\ RefreshButton.swift,\ ResourceSortMenu.swift,\ Skeleton.swift,\ StatusDot.swift,\ TintIcon.swift,\ ZoneAvatar.swift,\ AlertCenterCard.swift,\ DashboardView.swift,\ RegistrarView.swift,\ RequestTracerView.swift,\ ResourceSearchView.swift,\ URLScannerView.swift,\ AIGatewayView.swift,\ DeveloperHubView.swift,\ DurableObjectsView.swift,\ HyperdriveView.swift,\ QueuesView.swift,\ WorkersAIView.swift,\ DNSListView.swift,\ DNSRecordFormView.swift,\ MainTabView.swift,\ PagesBuildConfigEditorView.swift,\ PagesCreateView.swift,\ PagesDeploymentDetailView.swift,\ PagesDeployView.swift,\ PagesDomainsView.swift,\ PagesProjectDetailView.swift,\ PagesProjectListView.swift,\ PaywallView.swift,\ CFAlertingView.swift,\ PushCenterView.swift,\ RatingPromptModifier.swift,\ BulkRedirectListsView.swift,\ RedirectListDetailView.swift,\ AboutView.swift,\ AuditLogListView.swift,\ CloudflareStatusView.swift,\ FeedbackView.swift,\ IdentityDetailView.swift,\ SettingsView.swift,\ SnippetDetailView.swift,\ SnippetEditorView.swift,\ SnippetsListView.swift,\ D1CreateView.swift,\ D1DeleteConfirmView.swift,\ D1DropTableConfirmView.swift,\ D1QueryView.swift,\ D1TableView.swift,\ KVCreateView.swift,\ KVKeyListView.swift,\ KVNamespaceDeleteConfirmView.swift,\ R2BucketDeleteConfirmView.swift,\ R2BucketSettingsView.swift,\ R2CreateView.swift,\ R2ObjectListView.swift,\ R2SQLQueryView.swift,\ StorageView.swift,\ CertInspectToolView.swift,\ CFTraceToolView.swift,\ CIDRToolView.swift,\ DNSLookupToolView.swift,\ GeoIPToolView.swift,\ HTTPProbeToolView.swift,\ ToolboxComponents.swift,\ ToolboxHubView.swift,\ WhoisToolView.swift,\ PublicHostnameFormView.swift,\ TunnelConnectView.swift,\ TunnelCreateView.swift,\ TunnelListView.swift,\ TurnstileDetailView.swift,\ TurnstileEditorSheet.swift,\ TurnstileListView.swift,\ WAFRuleListView.swift,\ WhatsNewView.swift,\ WorkerBuildsView.swift,\ WorkerDeleteConfirmView.swift,\ WorkerDeploymentsView.swift,\ WorkerDetailView.swift,\ WorkerListView.swift,\ WorkerRoutesView.swift,\ WorkerSecretsView.swift,\ WorkerTailView.swift,\ WorkerTriggersView.swift,\ WorkerUploadView.swift,\ AccessAppEditorView.swift,\ AccessAppsView.swift,\ GatewayRuleEditorView.swift,\ GatewayRulesView.swift,\ AccessRuleEditorView.swift,\ AddZoneView.swift,\ CacheRuleEditorView.swift,\ CacheRulesListView.swift,\ EmailRoutingView.swift,\ HealthCheckListView.swift,\ LoadBalancerListView.swift,\ ManagedHeadersView.swift,\ MonitorListView.swift,\ PoolListView.swift,\ PurgeCacheSheet.swift,\ BillingCycle.swift,\ ByteFormat.swift,\ DayBoundary.swift,\ FileProviderDomainID.swift,\ SharedAuth.swift,\ SkyPhase.swift,\ TailActivityAttributes.swift,\ Theme.swift,\ WatchBridgePayload.swift,\ WidgetConfigIntents.swift,\ WidgetSnapshot.swift,\ RateLimitRulesView.swift,\ TransformRuleEditorView.swift,\ ZoneAccessRulesView.swift,\ ZoneDetailView.swift,\ ZoneDNSSettingsView.swift,\ ZoneListView.swift,\ ZonePerformanceView.swift,\ ZoneRuleEditorView.swift,\ ZoneRulesHubView.swift,\ ZoneSSLCertsView.swift,\ ZoneSSLSettingsView.swift,\ ZoneTransformRulesView.swift,\ ContentView.swift,\ Orange_CloudApp.swift,\ GeneratedStringSymbols_WhatsNew.swift,\ GeneratedStringSymbols_AppShortcuts.swift,\ GeneratedAssetSymbols.swift,\ GeneratedStringSymbols_Localizable.swift /Users/runner/work/orange-cloud/orange-cloud/orange-cloud/apps/ios/Orange\ Cloud/Orange\ Cloud/Core/Auth/AuthDiagnostics.swift /Users/runner/work/orange-cloud/orange-cloud/orange-cloud/apps/ios/Orange\ Cloud/Orange\ Cloud/Core/Auth/AuthManager.swift /Users/runner/work/orange-cloud/orange-cloud/orange-cloud/apps/ios/Orange\ Cloud/Orange\ Cloud/Core/Auth/OAuthConfig.swift /Users/runner/work/orange-cloud/orange-cloud/orange-cloud/apps/ios/Orange\ Cloud/Orange\ Cloud/Core/Auth/PKCEHelper.swift /Users/runner/work/orange-cloud/orange-cloud/orange-cloud/apps/ios/Orange\ Cloud/Orange\ Cloud/Core/Auth/RefreshGate.swift /Users/runner/work/orange-cloud/orange-cloud/orange-cloud/apps/ios/Orange\ Cloud/Orange\ Cloud/Core/Auth/TokenStore.swift /Users/runner/work/orange-cloud/orange-cloud/orange-cloud/apps/ios/Orange\ Cloud/Orange\ Cloud/Core/Cache/CacheContainer.swift /Users/runner/work/orange-cloud/orange-cloud/orange-cloud/apps/ios/Orange\ Cloud/Orange\ Cloud/Core/Cache/CacheModels.swift /Users/runner/work/orange-cloud/orange-cloud/orange-cloud/apps/ios/Orange\ Cloud/Orange\ Cloud/Core/Cache/CachePolicy.swift /Users/runner/work/orange-cloud/orange-cloud/orange-cloud/apps/ios/Orange\ Cloud/Orange\ Cloud/Core/Cache/CacheSync.swift /Users/runner/work/orange-cloud/orange-cloud/orange-cloud/apps/ios/Orange\ Cloud/Orange\ Cloud/Core/Cache/SafeCache.swift /Users/runner/work/orange-cloud/orange-cloud/orange-cloud/apps/ios/Orange\ Cloud/Orange\ Cloud/Core/Connectivity/WatchSessionManager.swift /Users/runner/work/orange-cloud/orange-cloud/orange-cloud/apps/ios/Orange\ Cloud/Orange\ Cloud/Core/Crypto/AssetHash.swift /Users/runner/work/orange-cloud/orange-cloud/orange-cloud/apps/ios/Orange\ Cloud/Orange\ Cloud/Core/Crypto/Blake3.swift /Users/runner/work/orange-cloud/orange-cloud/orange-cloud/apps/ios/Orange\ Cloud/Orange\ Cloud/Core/Dashboard/DashboardAlerts.swift /Users/runner/work/orange-cloud/orange-cloud/orange-cloud/apps/ios/Orange\ Cloud/Orange\ Cloud/Core/Dashboard/DashboardResource.swift /Users/runner/work/orange-cloud/orange-cloud/orange-cloud/apps/ios/Orange\ Cloud/Orange\ Cloud/Core/Dashboard/PinnedResource.swift /Users/runner/work/orange-cloud/orange-cloud/orange-cloud/apps/ios/Orange\ Cloud/Orange\ Cloud/Core/Diagnostics/CrashReporter.swift /Users/runner/work/orange-cloud/orange-cloud/orange-cloud/apps/ios/Orange\ Cloud/Orange\ Cloud/Core/Diagnostics/DiagnosticsInfo.swift /Users/runner/work/orange-cloud/orange-cloud/orange-cloud/apps/ios/Orange\ Cloud/Orange\ Cloud/Core/Diagnostics/Telemetry.swift /Users/runner/work/orange-cloud/orange-cloud/orange-cloud/apps/ios/Orange\ Cloud/Orange\ Cloud/Core/Intelligence/AnalyticsIntelligence.swift /Users/runner/work/orange-cloud/orange-cloud/orange-cloud/apps/ios/Orange\ Cloud/Orange\ Cloud/Core/Intelligence/DNSIntelligence.swift /Users/runner/work/orange-cloud/orange-cloud/orange-cloud/apps/ios/Orange\ Cloud/Orange\ Cloud/Core/Intelligence/OnDeviceAI.swift /Users/runner/work/orange-cloud/orange-cloud/orange-cloud/apps/ios/Orange\ Cloud/Orange\ Cloud/Core/Intelligence/WAFIntelligence.swift /Users/runner/work/orange-cloud/orange-cloud/orange-cloud/apps/ios/Orange\ Cloud/Orange\ Cloud/Core/Intents/OrangeCloudIntents.swift /Users/runner/work/orange-cloud/orange-cloud/orange-cloud/apps/ios/Orange\ Cloud/Orange\ Cloud/Core/Intents/ZoneEntity.swift /Users/runner/work/orange-cloud/orange-cloud/orange-cloud/apps/ios/Orange\ Cloud/Orange\ Cloud/Core/Logging/AppLog.swift /Users/runner/work/orange-cloud/orange-cloud/orange-cloud/apps/ios/Orange\ Cloud/Orange\ Cloud/Core/Logging/LogFileStore.swift /Users/runner/work/orange-cloud/orange-cloud/orange-cloud/apps/ios/Orange\ Cloud/Orange\ Cloud/Core/Network/APIError.swift /Users/runner/work/orange-cloud/orange-cloud/orange-cloud/apps/ios/Orange\ Cloud/Orange\ Cloud/Core/Network/CFAPIClient.swift /Users/runner/work/orange-cloud/orange-cloud/orange-cloud/apps/ios/Orange\ Cloud/Orange\ Cloud/Core/Network/MockCloudflare.swift /Users/runner/work/orange-cloud/orange-cloud/orange-cloud/apps/ios/Orange\ Cloud/Orange\ Cloud/Core/Network/TailSocket.swift /Users/runner/work/orange-cloud/orange-cloud/orange-cloud/apps/ios/Orange\ Cloud/Orange\ Cloud/Core/Purchase/EntitlementStore.swift /Users/runner/work/orange-cloud/orange-cloud/orange-cloud/apps/ios/Orange\ Cloud/Orange\ Cloud/Core/Push/PushAppDelegate.swift /Users/runner/work/orange-cloud/orange-cloud/orange-cloud/apps/ios/Orange\ Cloud/Orange\ Cloud/Core/Push/PushCrypto.swift /Users/runner/work/orange-cloud/orange-cloud/orange-cloud/apps/ios/Orange\ Cloud/Orange\ Cloud/Core/Push/PushRegistrar.swift /Users/runner/work/orange-cloud/orange-cloud/orange-cloud/apps/ios/Orange\ Cloud/Orange\ Cloud/Core/Push/PushStore.swift /Users/runner/work/orange-cloud/orange-cloud/orange-cloud/apps/ios/Orange\ Cloud/Orange\ Cloud/Core/Push/QRCode.swift /Users/runner/work/orange-cloud/orange-cloud/orange-cloud/apps/ios/Orange\ Cloud/Orange\ Cloud/Core/Rating/RatingPrompt.swift /Users/runner/work/orange-cloud/orange-cloud/orange-cloud/apps/ios/Orange\ Cloud/Orange\ Cloud/Core/Storage/D1QueryHistoryStore.swift /Users/runner/work/orange-cloud/orange-cloud/orange-cloud/apps/ios/Orange\ Cloud/Orange\ Cloud/Core/System/AccountPrefsStore.swift /Users/runner/work/orange-cloud/orange-cloud/orange-cloud/apps/ios/Orange\ Cloud/Orange\ Cloud/Core/System/AppNotifications.swift /Users/runner/work/orange-cloud/orange-cloud/orange-cloud/apps/ios/Orange\ Cloud/Orange\ Cloud/Core/System/AppPreferences.swift /Users/runner/work/orange-cloud/orange-cloud/orange-cloud/apps/ios/Orange\ Cloud/Orange\ Cloud/Core/System/BackgroundRefresh.swift /Users/runner/work/orange-cloud/orange-cloud/orange-cloud/apps/ios/Orange\ Cloud/Orange\ Cloud/Core/System/ContinuedTaskRunner.swift /Users/runner/work/orange-cloud/orange-cloud/orange-cloud/apps/ios/Orange\ Cloud/Orange\ Cloud/Core/System/FileProviderMountManager.swift /Users/runner/work/orange-cloud/orange-cloud/orange-cloud/apps/ios/Orange\ Cloud/Orange\ Cloud/Core/System/SpotlightIndexer.swift /Users/runner/work/orange-cloud/orange-cloud/orange-cloud/apps/ios/Orange\ Cloud/Orange\ Cloud/Core/Tips/AppTips.swift /Users/runner/work/orange-cloud/orange-cloud/orange-cloud/apps/ios/Orange\ Cloud/Orange\ Cloud/Core/UI/AvailabilityCompat.swift /Users/runner/work/orange-cloud/orange-cloud/orange-cloud/apps/ios/Orange\ Cloud/Orange\ Cloud/Core/Util/CIDRCalculator.swift /Users/runner/work/orange-cloud/orange-cloud/orange-cloud/apps/ios/Orange\ Cloud/Orange\ Cloud/Core/Util/X509Lite.swift /Users/runner/work/orange-cloud/orange-cloud/orange-cloud/apps/ios/Orange\ Cloud/Orange\ Cloud/Core/Util/ZipReader.swift /Users/runner/work/orange-cloud/orange-cloud/orange-cloud/apps/ios/Orange\ Cloud/Orange\ Cloud/Core/WhatsNew/WhatsNew.swift /Users/runner/work/orange-cloud/orange-cloud/orange-cloud/apps/ios/Orange\ Cloud/Orange\ Cloud/Core/WhatsNew/WhatsNewReleases.generated.swift /Users/runner/work/orange-cloud/orange-cloud/orange-cloud/apps/ios/Orange\ Cloud/Orange\ Cloud/Models/Account.swift /Users/runner/work/orange-cloud/orange-cloud/orange-cloud/apps/ios/Orange\ Cloud/Orange\ Cloud/Models/AccountUsageModels.swift /Users/runner/work/orange-cloud/orange-cloud/orange-cloud/apps/ios/Orange\ Cloud/Orange\ Cloud/Models/AnalyticsModels.swift /Users/runner/work/orange-cloud/orange-cloud/orange-cloud/apps/ios/Orange\ Cloud/Orange\ Cloud/Models/AuditLogModels.swift /Users/runner/work/orange-cloud/orange-cloud/orange-cloud/apps/ios/Orange\ Cloud/Orange\ Cloud/Models/BotManagementModels.swift /Users/runner/work/orange-cloud/orange-cloud/orange-cloud/apps/ios/Orange\ Cloud/Orange\ Cloud/Models/BulkRedirectModels.swift /Users/runner/work/orange-cloud/orange-cloud/orange-cloud/apps/ios/Orange\ Cloud/Orange\ Cloud/Models/CacheRuleModels.swift /Users/runner/work/orange-cloud/orange-cloud/orange-cloud/apps/ios/Orange\ Cloud/Orange\ Cloud/Models/CFAlertingModels.swift /Users/runner/work/orange-cloud/orange-cloud/orange-cloud/apps/ios/Orange\ Cloud/Orange\ Cloud/Models/CFAPIResponse.swift /Users/runner/work/orange-cloud/orange-cloud/orange-cloud/apps/ios/Orange\ Cloud/Orange\ Cloud/Models/CountryGeo.swift /Users/runner/work/orange-cloud/orange-cloud/orange-cloud/apps/ios/Orange\ Cloud/Orange\ Cloud/Models/DeveloperPlatformModels.swift /Users/runner/work/orange-cloud/orange-cloud/orange-cloud/apps/ios/Orange\ Cloud/Orange\ Cloud/Models/DNSRecord.swift /Users/runner/work/orange-cloud/orange-cloud/orange-cloud/apps/ios/Orange\ Cloud/Orange\ Cloud/Models/DNSSettingsModels.swift /Users/runner/work/orange-cloud/orange-cloud/orange-cloud/apps/ios/Orange\ Cloud/Orange\ Cloud/Models/DurableObjectModels.swift /Users/runner/work/orange-cloud/orange-cloud/orange-cloud/apps/ios/Orange\ Cloud/Orange\ Cloud/Models/EmailRoutingModels.swift /Users/runner/work/orange-cloud/orange-cloud/orange-cloud/apps/ios/Orange\ Cloud/Orange\ Cloud/Models/FirewallAccessRuleModels.swift /Users/runner/work/orange-cloud/orange-cloud/orange-cloud/apps/ios/Orange\ Cloud/Orange\ Cloud/Models/GraphQLModels.swift /Users/runner/work/orange-cloud/orange-cloud/orange-cloud/apps/ios/Orange\ Cloud/Orange\ Cloud/Models/HealthCheckModels.swift /Users/runner/work/orange-cloud/orange-cloud/orange-cloud/apps/ios/Orange\ Cloud/Orange\ Cloud/Models/LoadBalancerModels.swift /Users/runner/work/orange-cloud/orange-cloud/orange-cloud/apps/ios/Orange\ Cloud/Orange\ Cloud/Models/ManagedHeaderModels.swift /Users/runner/work/orange-cloud/orange-cloud/orange-cloud/apps/ios/Orange\ Cloud/Orange\ Cloud/Models/PagesModels.swift /Users/runner/work/orange-cloud/orange-cloud/orange-cloud/apps/ios/Orange\ Cloud/Orange\ Cloud/Models/PermissionModels.swift /Users/runner/work/orange-cloud/orange-cloud/orange-cloud/apps/ios/Orange\ Cloud/Orange\ Cloud/Models/R2CatalogModels.swift /Users/runner/work/orange-cloud/orange-cloud/orange-cloud/apps/ios/Orange\ Cloud/Orange\ Cloud/Models/RateLimitModels.swift /Users/runner/work/orange-cloud/orange-cloud/orange-cloud/apps/ios/Orange\ Cloud/Orange\ Cloud/Models/RegistrarModels.swift /Users/runner/work/orange-cloud/orange-cloud/orange-cloud/apps/ios/Orange\ Cloud/Orange\ Cloud/Models/RequestTracerModels.swift /Users/runner/work/orange-cloud/orange-cloud/orange-cloud/apps/ios/Orange\ Cloud/Orange\ Cloud/Models/SnippetModels.swift /Users/runner/work/orange-cloud/orange-cloud/orange-cloud/apps/ios/Orange\ Cloud/Orange\ Cloud/Models/SSLCertificateModels.swift /Users/runner/work/orange-cloud/orange-cloud/orange-cloud/apps/ios/Orange\ Cloud/Orange\ Cloud/Models/StatusPageModels.swift /Users/runner/work/orange-cloud/orange-cloud/orange-cloud/apps/ios/Orange\ Cloud/Orange\ Cloud/Models/StorageModels.swift /Users/runner/work/orange-cloud/orange-cloud/orange-cloud/apps/ios/Orange\ Cloud/Orange\ Cloud/Models/SubscriptionModels.swift /Users/runner/work/orange-cloud/orange-cloud/orange-cloud/apps/ios/Orange\ Cloud/Orange\ Cloud/Models/ToolboxModels.swift /Users/runner/work/orange-cloud/orange-cloud/orange-cloud/apps/ios/Orange\ Cloud/Orange\ Cloud/Models/TransformRuleModels.swift /Users/runner/work/orange-cloud/orange-cloud/orange-cloud/apps/ios/Orange\ Cloud/Orange\ Cloud/Models/TunnelModels.swift /Users/runner/work/orange-cloud/orange-cloud/orange-cloud/apps/ios/Orange\ Cloud/Orange\ Cloud/Models/TurnstileModels.swift /Users/runner/work/orange-cloud/orange-cloud/orange-cloud/apps/ios/Orange\ Cloud/Orange\ Cloud/Models/URLScannerModels.swift /Users/runner/work/orange-cloud/orange-cloud/orange-cloud/apps/ios/Orange\ Cloud/Orange\ Cloud/Models/WAFModels.swift /Users/runner/work/orange-cloud/orange-cloud/orange-cloud/apps/ios/Orange\ Cloud/Orange\ Cloud/Models/WorkerBuildModels.swift /Users/runner/work/orange-cloud/orange-cloud/orange-cloud/apps/ios/Orange\ Cloud/Orange\ Cloud/Models/WorkerConfigModels.swift /Users/runner/work/orange-cloud/orange-cloud/orange-cloud/apps/ios/Orange\ Cloud/Orange\ Cloud/Models/WorkerMetricsModels.swift /Users/runner/work/orange-cloud/orange-cloud/orange-cloud/apps/ios/Orange\ Cloud/Orange\ Cloud/Models/WorkerRouteModels.swift /Users/runner/work/orange-cloud/orange-cloud/orange-cloud/apps/ios/Orange\ Cloud/Orange\ Cloud/Models/WorkerScript.swift /Users/runner/work/orange-cloud/orange-cloud/orange-cloud/apps/ios/Orange\ Cloud/Orange\ Cloud/Models/WorkerTailModels.swift /Users/runner/work/orange-cloud/orange-cloud/orange-cloud/apps/ios/Orange\ Cloud/Orange\ Cloud/Models/ZeroTrustModels.swift /Users/runner/work/orange-cloud/orange-cloud/orange-cloud/apps/ios/Orange\ Cloud/Orange\ Cloud/Models/Zone.swift /Users/runner/work/orange-cloud/orange-cloud/orange-cloud/apps/ios/Orange\ Cloud/Orange\ Cloud/Models/ZoneRuleModels.swift /Users/runner/work/orange-cloud/orange-cloud/orange-cloud/apps/ios/Orange\ Cloud/Orange\ Cloud/Models/ZoneSettingsModels.swift /Users/runner/work/orange-cloud/orange-cloud/orange-cloud/apps/ios/Orange\ Cloud/Orange\ Cloud/Services/AccountService.swift /Users/runner/work/orange-cloud/orange-cloud/orange-cloud/apps/ios/Orange\ Cloud/Orange\ Cloud/Services/AIGatewayService.swift /Users/runner/work/orange-cloud/orange-cloud/orange-cloud/apps/ios/Orange\ Cloud/Orange\ Cloud/Services/AlertingService.swift /Users/runner/work/orange-cloud/orange-cloud/orange-cloud/apps/ios/Orange\ Cloud/Orange\ Cloud/Services/AnalyticsService.swift /Users/runner/work/orange-cloud/orange-cloud/orange-cloud/apps/ios/Orange\ Cloud/Orange\ Cloud/Services/AuditLogService.swift /Users/runner/work/orange-cloud/orange-cloud/orange-cloud/apps/ios/Orange\ Cloud/Orange\ Cloud/Services/BotManagementService.swift /Users/runner/work/orange-cloud/orange-cloud/orange-cloud/apps/ios/Orange\ Cloud/Orange\ Cloud/Services/BulkRedirectService.swift /Users/runner/work/orange-cloud/orange-cloud/orange-cloud/apps/ios/Orange\ Cloud/Orange\ Cloud/Services/CacheRuleService.swift /Users/runner/work/orange-cloud/orange-cloud/orange-cloud/apps/ios/Orange\ Cloud/Orange\ Cloud/Services/CertInspectService.swift /Users/runner/work/orange-cloud/orange-cloud/orange-cloud/apps/ios/Orange\ Cloud/Orange\ Cloud/Services/D1Service.swift /Users/runner/work/orange-cloud/orange-cloud/orange-cloud/apps/ios/Orange\ Cloud/Orange\ Cloud/Services/DNSService.swift /Users/runner/work/orange-cloud/orange-cloud/orange-cloud/apps/ios/Orange\ Cloud/Orange\ Cloud/Services/DNSSettingsService.swift /Users/runner/work/orange-cloud/orange-cloud/orange-cloud/apps/ios/Orange\ Cloud/Orange\ Cloud/Services/DurableObjectService.swift /Users/runner/work/orange-cloud/orange-cloud/orange-cloud/apps/ios/Orange\ Cloud/Orange\ Cloud/Services/EmailRoutingService.swift /Users/runner/work/orange-cloud/orange-cloud/orange-cloud/apps/ios/Orange\ Cloud/Orange\ Cloud/Services/FirewallAccessRuleService.swift /Users/runner/work/orange-cloud/orange-cloud/orange-cloud/apps/ios/Orange\ Cloud/Orange\ Cloud/Services/HealthCheckService.swift /Users/runner/work/orange-cloud/orange-cloud/orange-cloud/apps/ios/Orange\ Cloud/Orange\ Cloud/Services/HyperdriveService.swift /Users/runner/work/orange-cloud/orange-cloud/orange-cloud/apps/ios/Orange\ Cloud/Orange\ Cloud/Services/KVService.swift /Users/runner/work/orange-cloud/orange-cloud/orange-cloud/apps/ios/Orange\ Cloud/Orange\ Cloud/Services/LoadBalancerService.swift /Users/runner/work/orange-cloud/orange-cloud/orange-cloud/apps/ios/Orange\ Cloud/Orange\ Cloud/Services/ManagedHeaderService.swift /Users/runner/work/orange-cloud/orange-cloud/orange-cloud/apps/ios/Orange\ Cloud/Orange\ Cloud/Services/PagesService.swift /Users/runner/work/orange-cloud/orange-cloud/orange-cloud/apps/ios/Orange\ Cloud/Orange\ Cloud/Services/PushService.swift /Users/runner/work/orange-cloud/orange-cloud/orange-cloud/apps/ios/Orange\ Cloud/Orange\ Cloud/Services/QueueService.swift /Users/runner/work/orange-cloud/orange-cloud/orange-cloud/apps/ios/Orange\ Cloud/Orange\ Cloud/Services/R2CatalogService.swift /Users/runner/work/orange-cloud/orange-cloud/orange-cloud/apps/ios/Orange\ Cloud/Orange\ Cloud/Services/R2Service.swift /Users/runner/work/orange-cloud/orange-cloud/orange-cloud/apps/ios/Orange\ Cloud/Orange\ Cloud/Services/R2SQLService.swift /Users/runner/work/orange-cloud/orange-cloud/orange-cloud/apps/ios/Orange\ Cloud/Orange\ Cloud/Services/RateLimitService.swift /Users/runner/work/orange-cloud/orange-cloud/orange-cloud/apps/ios/Orange\ Cloud/Orange\ Cloud/Services/RegistrarService.swift /Users/runner/work/orange-cloud/orange-cloud/orange-cloud/apps/ios/Orange\ Cloud/Orange\ Cloud/Services/RequestTracerService.swift /Users/runner/work/orange-cloud/orange-cloud/orange-cloud/apps/ios/Orange\ Cloud/Orange\ Cloud/Services/SnippetService.swift /Users/runner/work/orange-cloud/orange-cloud/orange-cloud/apps/ios/Orange\ Cloud/Orange\ Cloud/Services/SSLCertificateService.swift /Users/runner/work/orange-cloud/orange-cloud/orange-cloud/apps/ios/Orange\ Cloud/Orange\ Cloud/Services/StatusPageService.swift /Users/runner/work/orange-cloud/orange-cloud/orange-cloud/apps/ios/Orange\ Cloud/Orange\ Cloud/Services/ToolboxServices.swift /Users/runner/work/orange-cloud/orange-cloud/orange-cloud/apps/ios/Orange\ Cloud/Orange\ Cloud/Services/TransformRuleService.swift /Users/runner/work/orange-cloud/orange-cloud/orange-cloud/apps/ios/Orange\ Cloud/Orange\ Cloud/Services/TunnelService.swift /Users/runner/work/orange-cloud/orange-cloud/orange-cloud/apps/ios/Orange\ Cloud/Orange\ Cloud/Services/TurnstileService.swift /Users/runner/work/orange-cloud/orange-cloud/orange-cloud/apps/ios/Orange\ Cloud/Orange\ Cloud/Services/URLScannerService.swift /Users/runner/work/orange-cloud/orange-cloud/orange-cloud/apps/ios/Orange\ Cloud/Orange\ Cloud/Services/WAFService.swift /Users/runner/work/orange-cloud/orange-cloud/orange-cloud/apps/ios/Orange\ Cloud/Orange\ Cloud/Services/WorkerBuildService.swift /Users/runner/work/orange-cloud/orange-cloud/orange-cloud/apps/ios/Orange\ Cloud/Orange\ Cloud/Services/WorkersAIService.swift /Users/runner/work/orange-cloud/orange-cloud/orange-cloud/apps/ios/Orange\ Cloud/Orange\ Cloud/Services/WorkerService.swift /Users/runner/work/orange-cloud/orange-cloud/orange-cloud/apps/ios/Orange\ Cloud/Orange\ Cloud/Services/WorkerTailService.swift /Users/runner/work/orange-cloud/orange-cloud/orange-cloud/apps/ios/Orange\ Cloud/Orange\ Cloud/Services/ZeroTrustService.swift /Users/runner/work/orange-cloud/orange-cloud/orange-cloud/apps/ios/Orange\ Cloud/Orange\ Cloud/Services/ZoneRulesetService.swift /Users/runner/work/orange-cloud/orange-cloud/orange-cloud/apps/ios/Orange\ Cloud/Orange\ Cloud/Services/ZoneService.swift /Users/runner/work/orange-cloud/orange-cloud/orange-cloud/apps/ios/Orange\ Cloud/Orange\ Cloud/Services/ZoneSettingsService.swift /Users/runner/work/orange-cloud/orange-cloud/orange-cloud/apps/ios/Orange\ Cloud/Orange\ Cloud/ViewModels/AddZoneViewModel.swift /Users/runner/work/orange-cloud/orange-cloud/orange-cloud/apps/ios/Orange\ Cloud/Orange\ Cloud/ViewModels/AIImagePlaygroundViewModel.swift /Users/runner/work/orange-cloud/orange-cloud/orange-cloud/apps/ios/Orange\ Cloud/Orange\ Cloud/ViewModels/AuditLogViewModel.swift /Users/runner/work/orange-cloud/orange-cloud/orange-cloud/apps/ios/Orange\ Cloud/Orange\ Cloud/ViewModels/BulkRedirectViewModels.swift /Users/runner/work/orange-cloud/orange-cloud/orange-cloud/apps/ios/Orange\ Cloud/Orange\ Cloud/ViewModels/CacheRulesViewModel.swift /Users/runner/work/orange-cloud/orange-cloud/orange-cloud/apps/ios/Orange\ Cloud/Orange\ Cloud/ViewModels/CFAlertingViewModel.swift /Users/runner/work/orange-cloud/orange-cloud/orange-cloud/apps/ios/Orange\ Cloud/Orange\ Cloud/ViewModels/CloudflareStatusViewModel.swift /Users/runner/work/orange-cloud/orange-cloud/orange-cloud/apps/ios/Orange\ Cloud/Orange\ Cloud/ViewModels/D1IndexListViewModel.swift /Users/runner/work/orange-cloud/orange-cloud/orange-cloud/apps/ios/Orange\ Cloud/Orange\ Cloud/ViewModels/DashboardViewModel.swift /Users/runner/work/orange-cloud/orange-cloud/orange-cloud/apps/ios/Orange\ Cloud/Orange\ Cloud/ViewModels/DeveloperPlatformViewModels.swift /Users/runner/work/orange-cloud/orange-cloud/orange-cloud/apps/ios/Orange\ Cloud/Orange\ Cloud/ViewModels/DNSListViewModel.swift /Users/runner/work/orange-cloud/orange-cloud/orange-cloud/apps/ios/Orange\ Cloud/Orange\ Cloud/ViewModels/DNSSettingsViewModel.swift /Users/runner/work/orange-cloud/orange-cloud/orange-cloud/apps/ios/Orange\ Cloud/Orange\ Cloud/ViewModels/EmailRoutingViewModel.swift /Users/runner/work/orange-cloud/orange-cloud/orange-cloud/apps/ios/Orange\ Cloud/Orange\ Cloud/ViewModels/HealthCheckAlertViewModel.swift /Users/runner/work/orange-cloud/orange-cloud/orange-cloud/apps/ios/Orange\ Cloud/Orange\ Cloud/ViewModels/HealthCheckViewModel.swift /Users/runner/work/orange-cloud/orange-cloud/orange-cloud/apps/ios/Orange\ Cloud/Orange\ Cloud/ViewModels/LoadBalancerViewModels.swift /Users/runner/work/orange-cloud/orange-cloud/orange-cloud/apps/ios/Orange\ Cloud/Orange\ Cloud/ViewModels/ManagedHeadersViewModel.swift /Users/runner/work/orange-cloud/orange-cloud/orange-cloud/apps/ios/Orange\ Cloud/Orange\ Cloud/ViewModels/PagesViewModels.swift /Users/runner/work/orange-cloud/orange-cloud/orange-cloud/apps/ios/Orange\ Cloud/Orange\ Cloud/ViewModels/PermissionSelectionViewModel.swift /Users/runner/work/orange-cloud/orange-cloud/orange-cloud/apps/ios/Orange\ Cloud/Orange\ Cloud/ViewModels/PushCenterViewModel.swift /Users/runner/work/orange-cloud/orange-cloud/orange-cloud/apps/ios/Orange\ Cloud/Orange\ Cloud/ViewModels/R2CatalogViewModel.swift /Users/runner/work/orange-cloud/orange-cloud/orange-cloud/apps/ios/Orange\ Cloud/Orange\ Cloud/ViewModels/R2SQLViewModel.swift /Users/runner/work/orange-cloud/orange-cloud/orange-cloud/apps/ios/Orange\ Cloud/Orange\ Cloud/ViewModels/RateLimitViewModel.swift /Users/runner/work/orange-cloud/orange-cloud/orange-cloud/apps/ios/Orange\ Cloud/Orange\ Cloud/ViewModels/RegistrarViewModel.swift /Users/runner/work/orange-cloud/orange-cloud/orange-cloud/apps/ios/Orange\ Cloud/Orange\ Cloud/ViewModels/RequestTracerViewModel.swift /Users/runner/work/orange-cloud/orange-cloud/orange-cloud/apps/ios/Orange\ Cloud/Orange\ Cloud/ViewModels/SessionStore.swift /Users/runner/work/orange-cloud/orange-cloud/orange-cloud/apps/ios/Orange\ Cloud/Orange\ Cloud/ViewModels/SnippetsViewModel.swift /Users/runner/work/orange-cloud/orange-cloud/orange-cloud/apps/ios/Orange\ Cloud/Orange\ Cloud/ViewModels/StorageViewModels.swift /Users/runner/work/orange-cloud/orange-cloud/orange-cloud/apps/ios/Orange\ Cloud/Orange\ Cloud/ViewModels/ToolboxViewModels.swift /Users/runner/work/orange-cloud/orange-cloud/orange-cloud/apps/ios/Orange\ Cloud/Orange\ Cloud/ViewModels/TunnelWAFViewModels.swift /Users/runner/work/orange-cloud/orange-cloud/orange-cloud/apps/ios/Orange\ Cloud/Orange\ Cloud/ViewModels/TurnstileViewModel.swift /Users/runner/work/orange-cloud/orange-cloud/orange-cloud/apps/ios/Orange\ Cloud/Orange\ Cloud/ViewModels/URLScannerViewModel.swift /Users/runner/work/orange-cloud/orange-cloud/orange-cloud/apps/ios/Orange\ Cloud/Orange\ Cloud/ViewModels/WorkerBindingsViewModel.swift /Users/runner/work/orange-cloud/orange-cloud/orange-cloud/apps/ios/Orange\ Cloud/Orange\ Cloud/ViewModels/WorkerBuildViewModel.swift /Users/runner/work/orange-cloud/orange-cloud/orange-cloud/apps/ios/Orange\ Cloud/Orange\ Cloud/ViewModels/WorkerDeploymentsViewModel.swift /Users/runner/work/orange-cloud/orange-cloud/orange-cloud/apps/ios/Orange\ Cloud/Orange\ Cloud/ViewModels/WorkerListViewModel.swift /Users/runner/work/orange-cloud/orange-cloud/orange-cloud/apps/ios/Orange\ Cloud/Orange\ Cloud/ViewModels/WorkerMetricsViewModel.swift /Users/runner/work/orange-cloud/orange-cloud/orange-cloud/apps/ios/Orange\ Cloud/Orange\ Cloud/ViewModels/WorkerRoutesViewModel.swift /Users/runner/work/orange-cloud/orange-cloud/orange-cloud/apps/ios/Orange\ Cloud/Orange\ Cloud/ViewModels/WorkerTailViewModel.swift /Users/runner/work/orange-cloud/orange-cloud/orange-cloud/apps/ios/Orange\ Cloud/Orange\ Cloud/ViewModels/WorkerTriggersViewModel.swift /Users/runner/work/orange-cloud/orange-cloud/orange-cloud/apps/ios/Orange\ Cloud/Orange\ Cloud/ViewModels/WorkerUploadViewModel.swift /Users/runner/work/orange-cloud/orange-cloud/orange-cloud/apps/ios/Orange\ Cloud/Orange\ Cloud/ViewModels/ZeroTrustViewModels.swift /Users/runner/work/orange-cloud/orange-cloud/orange-cloud/apps/ios/Orange\ Cloud/Orange\ Cloud/ViewModels/ZoneAccessRulesViewModel.swift /Users/runner/work/orange-cloud/orange-cloud/orange-cloud/apps/ios/Orange\ Cloud/Orange\ Cloud/ViewModels/ZoneActionsViewModel.swift /Users/runner/work/orange-cloud/orange-cloud/orange-cloud/apps/ios/Orange\ Cloud/Orange\ Cloud/ViewModels/ZoneAnalyticsViewModel.swift /Users/runner/work/orange-cloud/orange-cloud/orange-cloud/apps/ios/Orange\ Cloud/Orange\ Cloud/ViewModels/ZoneListViewModel.swift /Users/runner/work/orange-cloud/orange-cloud/orange-cloud/apps/ios/Orange\ Cloud/Orange\ Cloud/ViewModels/ZonePerformanceViewModel.swift /Users/runner/work/orange-cloud/orange-cloud/orange-cloud/apps/ios/Orange\ Cloud/Orange\ Cloud/ViewModels/ZoneRulesViewModels.swift /Users/runner/work/orange-cloud/orange-cloud/orange-cloud/apps/ios/Orange\ Cloud/Orange\ Cloud/ViewModels/ZoneSSLCertsViewModel.swift /Users/runner/work/orange-cloud/orange-cloud/orange-cloud/apps/ios/Orange\ Cloud/Orange\ Cloud/ViewModels/ZoneSSLViewModel.swift /Users/runner/work/orange-cloud/orange-cloud/orange-cloud/apps/ios/Orange\ Cloud/Orange\ Cloud/ViewModels/ZoneTransformRulesViewModel.swift /Users/runner/work/orange-cloud/orange-cloud/orange-cloud/apps/ios/Orange\ Cloud/Orange\ Cloud/Views/Analytics/ZoneAnalyticsView.swift /Users/runner/work/orange-cloud/orange-cloud/orange-cloud/apps/ios/Orange\ Cloud/Orange\ Cloud/Views/Analytics/ZoneTrafficMapView.swift /Users/runner/work/orange-cloud/orange-cloud/orange-cloud/apps/ios/Orange\ Cloud/Orange\ Cloud/Views/Auth/LoginView.swift /Users/runner/work/orange-cloud/orange-cloud/orange-cloud/apps/ios/Orange\ Cloud/Orange\ Cloud/Views/Auth/PermissionSelectionView.swift /Users/runner/work/orange-cloud/orange-cloud/orange-cloud/apps/ios/Orange\ Cloud/Orange\ Cloud/Views/Components/Daybreak.swift /Users/runner/work/orange-cloud/orange-cloud/orange-cloud/apps/ios/Orange\ Cloud/Orange\ Cloud/Views/Components/PermissionDeniedView.swift /Users/runner/work/orange-cloud/orange-cloud/orange-cloud/apps/ios/Orange\ Cloud/Orange\ Cloud/Views/Components/PermissionGatedNavigationLink.swift /Users/runner/work/orange-cloud/orange-cloud/orange-cloud/apps/ios/Orange\ Cloud/Orange\ Cloud/Views/Components/PlanBadge.swift /Users/runner/work/orange-cloud/orange-cloud/orange-cloud/apps/ios/Orange\ Cloud/Orange\ Cloud/Views/Components/ProGate.swift /Users/runner/work/orange-cloud/orange-cloud/orange-cloud/apps/ios/Orange\ Cloud/Orange\ Cloud/Views/Components/ProxiedBadge.swift /Users/runner/work/orange-cloud/orange-cloud/orange-cloud/apps/ios/Orange\ Cloud/Orange\ Cloud/Views/Components/ReauthorizeButton.swift /Users/runner/work/orange-cloud/orange-cloud/orange-cloud/apps/ios/Orange\ Cloud/Orange\ Cloud/Views/Components/RefreshButton.swift /Users/runner/work/orange-cloud/orange-cloud/orange-cloud/apps/ios/Orange\ Cloud/Orange\ Cloud/Views/Components/ResourceSortMenu.swift /Users/runner/work/orange-cloud/orange-cloud/orange-cloud/apps/ios/Orange\ Cloud/Orange\ Cloud/Views/Components/Skeleton.swift /Users/runner/work/orange-cloud/orange-cloud/orange-cloud/apps/ios/Orange\ Cloud/Orange\ Cloud/Views/Components/StatusDot.swift /Users/runner/work/orange-cloud/orange-cloud/orange-cloud/apps/ios/Orange\ Cloud/Orange\ Cloud/Views/Components/TintIcon.swift /Users/runner/work/orange-cloud/orange-cloud/orange-cloud/apps/ios/Orange\ Cloud/Orange\ Cloud/Views/Components/ZoneAvatar.swift /Users/runner/work/orange-cloud/orange-cloud/orange-cloud/apps/ios/Orange\ Cloud/Orange\ Cloud/Views/Dashboard/AlertCenterCard.swift /Users/runner/work/orange-cloud/orange-cloud/orange-cloud/apps/ios/Orange\ Cloud/Orange\ Cloud/Views/Dashboard/DashboardView.swift /Users/runner/work/orange-cloud/orange-cloud/orange-cloud/apps/ios/Orange\ Cloud/Orange\ Cloud/Views/Dashboard/RegistrarView.swift /Users/runner/work/orange-cloud/orange-cloud/orange-cloud/apps/ios/Orange\ Cloud/Orange\ Cloud/Views/Dashboard/RequestTracerView.swift /Users/runner/work/orange-cloud/orange-cloud/orange-cloud/apps/ios/Orange\ Cloud/Orange\ Cloud/Views/Dashboard/ResourceSearchView.swift /Users/runner/work/orange-cloud/orange-cloud/orange-cloud/apps/ios/Orange\ Cloud/Orange\ Cloud/Views/Dashboard/URLScannerView.swift /Users/runner/work/orange-cloud/orange-cloud/orange-cloud/apps/ios/Orange\ Cloud/Orange\ Cloud/Views/DeveloperPlatform/AIGatewayView.swift /Users/runner/work/orange-cloud/orange-cloud/orange-cloud/apps/ios/Orange\ Cloud/Orange\ Cloud/Views/DeveloperPlatform/DeveloperHubView.swift /Users/runner/work/orange-cloud/orange-cloud/orange-cloud/apps/ios/Orange\ Cloud/Orange\ Cloud/Views/DeveloperPlatform/DurableObjectsView.swift /Users/runner/work/orange-cloud/orange-cloud/orange-cloud/apps/ios/Orange\ Cloud/Orange\ Cloud/Views/DeveloperPlatform/HyperdriveView.swift /Users/runner/work/orange-cloud/orange-cloud/orange-cloud/apps/ios/Orange\ Cloud/Orange\ Cloud/Views/DeveloperPlatform/QueuesView.swift /Users/runner/work/orange-cloud/orange-cloud/orange-cloud/apps/ios/Orange\ Cloud/Orange\ Cloud/Views/DeveloperPlatform/WorkersAIView.swift /Users/runner/work/orange-cloud/orange-cloud/orange-cloud/apps/ios/Orange\ Cloud/Orange\ Cloud/Views/DNS/DNSListView.swift /Users/runner/work/orange-cloud/orange-cloud/orange-cloud/apps/ios/Orange\ Cloud/Orange\ Cloud/Views/DNS/DNSRecordFormView.swift /Users/runner/work/orange-cloud/orange-cloud/orange-cloud/apps/ios/Orange\ Cloud/Orange\ Cloud/Views/Main/MainTabView.swift /Users/runner/work/orange-cloud/orange-cloud/orange-cloud/apps/ios/Orange\ Cloud/Orange\ Cloud/Views/Pages/PagesBuildConfigEditorView.swift /Users/runner/work/orange-cloud/orange-cloud/orange-cloud/apps/ios/Orange\ Cloud/Orange\ Cloud/Views/Pages/PagesCreateView.swift /Users/runner/work/orange-cloud/orange-cloud/orange-cloud/apps/ios/Orange\ Cloud/Orange\ Cloud/Views/Pages/PagesDeploymentDetailView.swift /Users/runner/work/orange-cloud/orange-cloud/orange-cloud/apps/ios/Orange\ Cloud/Orange\ Cloud/Views/Pages/PagesDeployView.swift /Users/runner/work/orange-cloud/orange-cloud/orange-cloud/apps/ios/Orange\ Cloud/Orange\ Cloud/Views/Pages/PagesDomainsView.swift /Users/runner/work/orange-cloud/orange-cloud/orange-cloud/apps/ios/Orange\ Cloud/Orange\ Cloud/Views/Pages/PagesProjectDetailView.swift /Users/runner/work/orange-cloud/orange-cloud/orange-cloud/apps/ios/Orange\ Cloud/Orange\ Cloud/Views/Pages/PagesProjectListView.swift /Users/runner/work/orange-cloud/orange-cloud/orange-cloud/apps/ios/Orange\ Cloud/Orange\ Cloud/Views/Paywall/PaywallView.swift /Users/runner/work/orange-cloud/orange-cloud/orange-cloud/apps/ios/Orange\ Cloud/Orange\ Cloud/Views/Push/CFAlertingView.swift /Users/runner/work/orange-cloud/orange-cloud/orange-cloud/apps/ios/Orange\ Cloud/Orange\ Cloud/Views/Push/PushCenterView.swift /Users/runner/work/orange-cloud/orange-cloud/orange-cloud/apps/ios/Orange\ Cloud/Orange\ Cloud/Views/Rating/RatingPromptModifier.swift /Users/runner/work/orange-cloud/orange-cloud/orange-cloud/apps/ios/Orange\ Cloud/Orange\ Cloud/Views/Redirects/BulkRedirectListsView.swift /Users/runner/work/orange-cloud/orange-cloud/orange-cloud/apps/ios/Orange\ Cloud/Orange\ Cloud/Views/Redirects/RedirectListDetailView.swift /Users/runner/work/orange-cloud/orange-cloud/orange-cloud/apps/ios/Orange\ Cloud/Orange\ Cloud/Views/Settings/AboutView.swift /Users/runner/work/orange-cloud/orange-cloud/orange-cloud/apps/ios/Orange\ Cloud/Orange\ Cloud/Views/Settings/AuditLogListView.swift /Users/runner/work/orange-cloud/orange-cloud/orange-cloud/apps/ios/Orange\ Cloud/Orange\ Cloud/Views/Settings/CloudflareStatusView.swift /Users/runner/work/orange-cloud/orange-cloud/orange-cloud/apps/ios/Orange\ Cloud/Orange\ Cloud/Views/Settings/FeedbackView.swift /Users/runner/work/orange-cloud/orange-cloud/orange-cloud/apps/ios/Orange\ Cloud/Orange\ Cloud/Views/Settings/IdentityDetailView.swift /Users/runner/work/orange-cloud/orange-cloud/orange-cloud/apps/ios/Orange\ Cloud/Orange\ Cloud/Views/Settings/SettingsView.swift /Users/runner/work/orange-cloud/orange-cloud/orange-cloud/apps/ios/Orange\ Cloud/Orange\ Cloud/Views/Snippets/SnippetDetailView.swift /Users/runner/work/orange-cloud/orange-cloud/orange-cloud/apps/ios/Orange\ Cloud/Orange\ Cloud/Views/Snippets/SnippetEditorView.swift /Users/runner/work/orange-cloud/orange-cloud/orange-cloud/apps/ios/Orange\ Cloud/Orange\ Cloud/Views/Snippets/SnippetsListView.swift /Users/runner/work/orange-cloud/orange-cloud/orange-cloud/apps/ios/Orange\ Cloud/Orange\ Cloud/Views/Storage/D1CreateView.swift /Users/runner/work/orange-cloud/orange-cloud/orange-cloud/apps/ios/Orange\ Cloud/Orange\ Cloud/Views/Storage/D1DeleteConfirmView.swift /Users/runner/work/orange-cloud/orange-cloud/orange-cloud/apps/ios/Orange\ Cloud/Orange\ Cloud/Views/Storage/D1DropTableConfirmView.swift /Users/runner/work/orange-cloud/orange-cloud/orange-cloud/apps/ios/Orange\ Cloud/Orange\ Cloud/Views/Storage/D1QueryView.swift /Users/runner/work/orange-cloud/orange-cloud/orange-cloud/apps/ios/Orange\ Cloud/Orange\ Cloud/Views/Storage/D1TableView.swift /Users/runner/work/orange-cloud/orange-cloud/orange-cloud/apps/ios/Orange\ Cloud/Orange\ Cloud/Views/Storage/KVCreateView.swift /Users/runner/work/orange-cloud/orange-cloud/orange-cloud/apps/ios/Orange\ Cloud/Orange\ Cloud/Views/Storage/KVKeyListView.swift /Users/runner/work/orange-cloud/orange-cloud/orange-cloud/apps/ios/Orange\ Cloud/Orange\ Cloud/Views/Storage/KVNamespaceDeleteConfirmView.swift /Users/runner/work/orange-cloud/orange-cloud/orange-cloud/apps/ios/Orange\ Cloud/Orange\ Cloud/Views/Storage/R2BucketDeleteConfirmView.swift /Users/runner/work/orange-cloud/orange-cloud/orange-cloud/apps/ios/Orange\ Cloud/Orange\ Cloud/Views/Storage/R2BucketSettingsView.swift /Users/runner/work/orange-cloud/orange-cloud/orange-cloud/apps/ios/Orange\ Cloud/Orange\ Cloud/Views/Storage/R2CreateView.swift /Users/runner/work/orange-cloud/orange-cloud/orange-cloud/apps/ios/Orange\ Cloud/Orange\ Cloud/Views/Storage/R2ObjectListView.swift /Users/runner/work/orange-cloud/orange-cloud/orange-cloud/apps/ios/Orange\ Cloud/Orange\ Cloud/Views/Storage/R2SQLQueryView.swift /Users/runner/work/orange-cloud/orange-cloud/orange-cloud/apps/ios/Orange\ Cloud/Orange\ Cloud/Views/Storage/StorageView.swift /Users/runner/work/orange-cloud/orange-cloud/orange-cloud/apps/ios/Orange\ Cloud/Orange\ Cloud/Views/Toolbox/CertInspectToolView.swift /Users/runner/work/orange-cloud/orange-cloud/orange-cloud/apps/ios/Orange\ Cloud/Orange\ Cloud/Views/Toolbox/CFTraceToolView.swift /Users/runner/work/orange-cloud/orange-cloud/orange-cloud/apps/ios/Orange\ Cloud/Orange\ Cloud/Views/Toolbox/CIDRToolView.swift /Users/runner/work/orange-cloud/orange-cloud/orange-cloud/apps/ios/Orange\ Cloud/Orange\ Cloud/Views/Toolbox/DNSLookupToolView.swift /Users/runner/work/orange-cloud/orange-cloud/orange-cloud/apps/ios/Orange\ Cloud/Orange\ Cloud/Views/Toolbox/GeoIPToolView.swift /Users/runner/work/orange-cloud/orange-cloud/orange-cloud/apps/ios/Orange\ Cloud/Orange\ Cloud/Views/Toolbox/HTTPProbeToolView.swift /Users/runner/work/orange-cloud/orange-cloud/orange-cloud/apps/ios/Orange\ Cloud/Orange\ Cloud/Views/Toolbox/ToolboxComponents.swift /Users/runner/work/orange-cloud/orange-cloud/orange-cloud/apps/ios/Orange\ Cloud/Orange\ Cloud/Views/Toolbox/ToolboxHubView.swift /Users/runner/work/orange-cloud/orange-cloud/orange-cloud/apps/ios/Orange\ Cloud/Orange\ Cloud/Views/Toolbox/WhoisToolView.swift /Users/runner/work/orange-cloud/orange-cloud/orange-cloud/apps/ios/Orange\ Cloud/Orange\ Cloud/Views/Tunnels/PublicHostnameFormView.swift /Users/runner/work/orange-cloud/orange-cloud/orange-cloud/apps/ios/Orange\ Cloud/Orange\ Cloud/Views/Tunnels/TunnelConnectView.swift /Users/runner/work/orange-cloud/orange-cloud/orange-cloud/apps/ios/Orange\ Cloud/Orange\ Cloud/Views/Tunnels/TunnelCreateView.swift /Users/runner/work/orange-cloud/orange-cloud/orange-cloud/apps/ios/Orange\ Cloud/Orange\ Cloud/Views/Tunnels/TunnelListView.swift /Users/runner/work/orange-cloud/orange-cloud/orange-cloud/apps/ios/Orange\ Cloud/Orange\ Cloud/Views/Turnstile/TurnstileDetailView.swift /Users/runner/work/orange-cloud/orange-cloud/orange-cloud/apps/ios/Orange\ Cloud/Orange\ Cloud/Views/Turnstile/TurnstileEditorSheet.swift /Users/runner/work/orange-cloud/orange-cloud/orange-cloud/apps/ios/Orange\ Cloud/Orange\ Cloud/Views/Turnstile/TurnstileListView.swift /Users/runner/work/orange-cloud/orange-cloud/orange-cloud/apps/ios/Orange\ Cloud/Orange\ Cloud/Views/WAF/WAFRuleListView.swift /Users/runner/work/orange-cloud/orange-cloud/orange-cloud/apps/ios/Orange\ Cloud/Orange\ Cloud/Views/WhatsNew/WhatsNewView.swift /Users/runner/work/orange-cloud/orange-cloud/orange-cloud/apps/ios/Orange\ Cloud/Orange\ Cloud/Views/Workers/WorkerBuildsView.swift /Users/runner/work/orange-cloud/orange-cloud/orange-cloud/apps/ios/Orange\ Cloud/Orange\ Cloud/Views/Workers/WorkerDeleteConfirmView.swift /Users/runner/work/orange-cloud/orange-cloud/orange-cloud/apps/ios/Orange\ Cloud/Orange\ Cloud/Views/Workers/WorkerDeploymentsView.swift /Users/runner/work/orange-cloud/orange-cloud/orange-cloud/apps/ios/Orange\ Cloud/Orange\ Cloud/Views/Workers/WorkerDetailView.swift /Users/runner/work/orange-cloud/orange-cloud/orange-cloud/apps/ios/Orange\ Cloud/Orange\ Cloud/Views/Workers/WorkerListView.swift /Users/runner/work/orange-cloud/orange-cloud/orange-cloud/apps/ios/Orange\ Cloud/Orange\ Cloud/Views/Workers/WorkerRoutesView.swift /Users/runner/work/orange-cloud/orange-cloud/orange-cloud/apps/ios/Orange\ Cloud/Orange\ Cloud/Views/Workers/WorkerSecretsView.swift /Users/runner/work/orange-cloud/orange-cloud/orange-cloud/apps/ios/Orange\ Cloud/Orange\ Cloud/Views/Workers/WorkerTailView.swift /Users/runner/work/orange-cloud/orange-cloud/orange-cloud/apps/ios/Orange\ Cloud/Orange\ Cloud/Views/Workers/WorkerTriggersView.swift /Users/runner/work/orange-cloud/orange-cloud/orange-cloud/apps/ios/Orange\ Cloud/Orange\ Cloud/Views/Workers/WorkerUploadView.swift /Users/runner/work/orange-cloud/orange-cloud/orange-cloud/apps/ios/Orange\ Cloud/Orange\ Cloud/Views/ZeroTrust/AccessAppEditorView.swift /Users/runner/work/orange-cloud/orange-cloud/orange-cloud/apps/ios/Orange\ Cloud/Orange\ Cloud/Views/ZeroTrust/AccessAppsView.swift /Users/runner/work/orange-cloud/orange-cloud/orange-cloud/apps/ios/Orange\ Cloud/Orange\ Cloud/Views/ZeroTrust/GatewayRuleEditorView.swift /Users/runner/work/orange-cloud/orange-cloud/orange-cloud/apps/ios/Orange\ Cloud/Orange\ Cloud/Views/ZeroTrust/GatewayRulesView.swift /Users/runner/work/orange-cloud/orange-cloud/orange-cloud/apps/ios/Orange\ Cloud/Orange\ Cloud/Views/Zones/AccessRuleEditorView.swift /Users/runner/work/orange-cloud/orange-cloud/orange-cloud/apps/ios/Orange\ Cloud/Orange\ Cloud/Views/Zones/AddZoneView.swift /Users/runner/work/orange-cloud/orange-cloud/orange-cloud/apps/ios/Orange\ Cloud/Orange\ Cloud/Views/Zones/CacheRuleEditorView.swift /Users/runner/work/orange-cloud/orange-cloud/orange-cloud/apps/ios/Orange\ Cloud/Orange\ Cloud/Views/Zones/CacheRulesListView.swift /Users/runner/work/orange-cloud/orange-cloud/orange-cloud/apps/ios/Orange\ Cloud/Orange\ Cloud/Views/Zones/EmailRoutingView.swift /Users/runner/work/orange-cloud/orange-cloud/orange-cloud/apps/ios/Orange\ Cloud/Orange\ Cloud/Views/Zones/HealthCheckListView.swift /Users/runner/work/orange-cloud/orange-cloud/orange-cloud/apps/ios/Orange\ Cloud/Orange\ Cloud/Views/Zones/LoadBalancerListView.swift /Users/runner/work/orange-cloud/orange-cloud/orange-cloud/apps/ios/Orange\ Cloud/Orange\ Cloud/Views/Zones/ManagedHeadersView.swift /Users/runner/work/orange-cloud/orange-cloud/orange-cloud/apps/ios/Orange\ Cloud/Orange\ Cloud/Views/Zones/MonitorListView.swift /Users/runner/work/orange-cloud/orange-cloud/orange-cloud/apps/ios/Orange\ Cloud/Orange\ Cloud/Views/Zones/PoolListView.swift /Users/runner/work/orange-cloud/orange-cloud/orange-cloud/apps/ios/Orange\ Cloud/Orange\ Cloud/Views/Zones/PurgeCacheSheet.swift /Users/runner/work/orange-cloud/orange-cloud/orange-cloud/apps/ios/Orange\ Cloud/Shared/BillingCycle.swift /Users/runner/work/orange-cloud/orange-cloud/orange-cloud/apps/ios/Orange\ Cloud/Shared/ByteFormat.swift /Users/runner/work/orange-cloud/orange-cloud/orange-cloud/apps/ios/Orange\ Cloud/Shared/DayBoundary.swift /Users/runner/work/orange-cloud/orange-cloud/orange-cloud/apps/ios/Orange\ Cloud/Shared/FileProviderDomainID.swift /Users/runner/work/orange-cloud/orange-cloud/orange-cloud/apps/ios/Orange\ Cloud/Shared/SharedAuth.swift /Users/runner/work/orange-cloud/orange-cloud/orange-cloud/apps/ios/Orange\ Cloud/Shared/SkyPhase.swift /Users/runner/work/orange-cloud/orange-cloud/orange-cloud/apps/ios/Orange\ Cloud/Shared/TailActivityAttributes.swift /Users/runner/work/orange-cloud/orange-cloud/orange-cloud/apps/ios/Orange\ Cloud/Shared/Theme.swift /Users/runner/work/orange-cloud/orange-cloud/orange-cloud/apps/ios/Orange\ Cloud/Shared/WatchBridgePayload.swift /Users/runner/work/orange-cloud/orange-cloud/orange-cloud/apps/ios/Orange\ Cloud/Shared/WidgetConfigIntents.swift /Users/runner/work/orange-cloud/orange-cloud/orange-cloud/apps/ios/Orange\ Cloud/Shared/WidgetSnapshot.swift /Users/runner/work/orange-cloud/orange-cloud/orange-cloud/apps/ios/Orange\ Cloud/Orange\ Cloud/Views/Zones/RateLimitRulesView.swift /Users/runner/work/orange-cloud/orange-cloud/orange-cloud/apps/ios/Orange\ Cloud/Orange\ Cloud/Views/Zones/TransformRuleEditorView.swift /Users/runner/work/orange-cloud/orange-cloud/orange-cloud/apps/ios/Orange\ Cloud/Orange\ Cloud/Views/Zones/ZoneAccessRulesView.swift /Users/runner/work/orange-cloud/orange-cloud/orange-cloud/apps/ios/Orange\ Cloud/Orange\ Cloud/Views/Zones/ZoneDetailView.swift /Users/runner/work/orange-cloud/orange-cloud/orange-cloud/apps/ios/Orange\ Cloud/Orange\ Cloud/Views/Zones/ZoneDNSSettingsView.swift /Users/runner/work/orange-cloud/orange-cloud/orange-cloud/apps/ios/Orange\ Cloud/Orange\ Cloud/Views/Zones/ZoneListView.swift /Users/runner/work/orange-cloud/orange-cloud/orange-cloud/apps/ios/Orange\ Cloud/Orange\ Cloud/Views/Zones/ZonePerformanceView.swift /Users/runner/work/orange-cloud/orange-cloud/orange-cloud/apps/ios/Orange\ Cloud/Orange\ Cloud/Views/Zones/ZoneRuleEditorView.swift /Users/runner/work/orange-cloud/orange-cloud/orange-cloud/apps/ios/Orange\ Cloud/Orange\ Cloud/Views/Zones/ZoneRulesHubView.swift /Users/runner/work/orange-cloud/orange-cloud/orange-cloud/apps/ios/Orange\ Cloud/Orange\ Cloud/Views/Zones/ZoneSSLCertsView.swift /Users/runner/work/orange-cloud/orange-cloud/orange-cloud/apps/ios/Orange\ Cloud/Orange\ Cloud/Views/Zones/ZoneSSLSettingsView.swift /Users/runner/work/orange-cloud/orange-cloud/orange-cloud/apps/ios/Orange\ Cloud/Orange\ Cloud/Views/Zones/ZoneTransformRulesView.swift /Users/runner/work/orange-cloud/orange-cloud/orange-cloud/apps/ios/Orange\ Cloud/Orange\ Cloud/ContentView.swift /Users/runner/work/orange-cloud/orange-cloud/orange-cloud/apps/ios/Orange\ Cloud/Orange\ Cloud/Orange_CloudApp.swift /Users/runner/work/orange-cloud/orange-cloud/orange-cloud/apps/ios/Orange\ Cloud/build/Build/Intermediates.noindex/Orange\ Cloud.build/Release-iphoneos/Orange\ Cloud.build/DerivedSources/GeneratedStringSymbols_WhatsNew.swift /Users/runner/work/orange-cloud/orange-cloud/orange-cloud/apps/ios/Orange\ Cloud/build/Build/Intermediates.noindex/Orange\ Cloud.build/Release-iphoneos/Orange\ Cloud.build/DerivedSources/GeneratedStringSymbols_AppShortcuts.swift /Users/runner/work/orange-cloud/orange-cloud/orange-cloud/apps/ios/Orange\ Cloud/build/Build/Intermediates.noindex/Orange\ Cloud.build/Release-iphoneos/Orange\ Cloud.build/DerivedSources/GeneratedAssetSymbols.swift /Users/runner/work/orange-cloud/orange-cloud/orange-cloud/apps/ios/Orange\ Cloud/build/Build/Intermediates.noindex/Orange\ Cloud.build/Release-iphoneos/Orange\ Cloud.build/DerivedSources/GeneratedStringSymbols_Localizable.swift /Applications/Xcode_26.6.app/Contents/Developer/Toolchains/XcodeDefault.xctoolchain/usr/lib/swift/iphoneos/prebuilt-modules/26.5/RelevanceKit.swiftmodule/arm64e-apple-ios.swiftmodule /Applications/Xcode_26.6.app/Contents/Developer/Toolchains/XcodeDefault.xctoolchain/usr/lib/swift/iphoneos/prebuilt-modules/26.5/Swift.swiftmodule/arm64e-apple-ios.swiftmodule /Applications/Xcode_26.6.app/Contents/Developer/Toolchains/XcodeDefault.xctoolchain/usr/lib/swift/iphoneos/prebuilt-modules/26.5/QuickLook.swiftmodule/arm64e-apple-ios.swiftmodule /Applications/Xcode_26.6.app/Contents/Developer/Toolchains/XcodeDefault.xctoolchain/usr/lib/swift/iphoneos/prebuilt-modules/26.5/_DarwinFoundation1.swiftmodule/arm64e-apple-ios.swiftmodule /Applications/Xcode_26.6.app/Contents/Developer/Toolchains/XcodeDefault.xctoolchain/usr/lib/swift/iphoneos/prebuilt-modules/26.5/LocalAuthentication.swiftmodule/arm64e-apple-ios.swiftmodule /Applications/Xcode_26.6.app/Contents/Developer/Toolchains/XcodeDefault.xctoolchain/usr/lib/swift/iphoneos/prebuilt-modules/26.5/_QuickLook_SwiftUI.swiftmodule/arm64e-apple-ios.swiftmodule /Applications/Xcode_26.6.app/Contents/Developer/Toolchains/XcodeDefault.xctoolchain/usr/lib/swift/iphoneos/prebuilt-modules/26.5/WebKit.swiftmodule/arm64e-apple-ios.swiftmodule /Applications/Xcode_26.6.app/Contents/Developer/Toolchains/XcodeDefault.xctoolchain/usr/lib/swift/iphoneos/prebuilt-modules/26.5/_Builtin_float.swiftmodule/arm64e-apple-ios.swiftmodule /Applications/Xcode_26.6.app/Contents/Developer/Toolchains/XcodeDefault.xctoolchain/usr/lib/swift/iphoneos/prebuilt-modules/26.5/CoreMIDI.swiftmodule/arm64e-apple-ios.swiftmodule /Applications/Xcode_26.6.app/Contents/Developer/Toolchains/XcodeDefault.xctoolchain/usr/lib/swift/iphoneos/prebuilt-modules/26.5/LightweightCodeRequirements.swiftmodule/arm64e-apple-ios.swiftmodule /Applications/Xcode_26.6.app/Contents/Developer/Toolchains/XcodeDefault.xctoolchain/usr/lib/swift/iphoneos/prebuilt-modules/26.5/_DarwinFoundation3.swiftmodule/arm64e-apple-ios.swiftmodule /Applications/Xcode_26.6.app/Contents/Developer/Toolchains/XcodeDefault.xctoolchain/usr/lib/swift/iphoneos/prebuilt-modules/26.5/CoreVideo.swiftmodule/arm64e-apple-ios.swiftmodule /Applications/Xcode_26.6.app/Contents/Developer/Toolchains/XcodeDefault.xctoolchain/usr/lib/swift/iphoneos/prebuilt-modules/26.5/Charts.swiftmodule/arm64e-apple-ios.swiftmodule /Applications/Xcode_26.6.app/Contents/Developer/Toolchains/XcodeDefault.xctoolchain/usr/lib/swift/iphoneos/prebuilt-modules/26.5/CoreData.swiftmodule/arm64e-apple-ios.swiftmodule /Applications/Xcode_26.6.app/Contents/Developer/Toolchains/XcodeDefault.xctoolchain/usr/lib/swift/iphoneos/prebuilt-modules/26.5/Compression.swiftmodule/arm64e-apple-ios.swiftmodule /Applications/Xcode_26.6.app/Contents/Developer/Toolchains/XcodeDefault.xctoolchain/usr/lib/swift/iphoneos/prebuilt-modules/26.5/SwiftOnoneSupport.swiftmodule/arm64e-apple-ios.swiftmodule /Applications/Xcode_26.6.app/Contents/Developer/Toolchains/XcodeDefault.xctoolchain/usr/lib/swift/iphoneos/prebuilt-modules/26.5/SwiftUI.swiftmodule/arm64e-apple-ios.swiftmodule /Applications/Xcode_26.6.app/Contents/Developer/Toolchains/XcodeDefault.xctoolchain/usr/lib/swift/iphoneos/prebuilt-modules/26.5/os.swiftmodule/arm64e-apple-ios.swiftmodule /Applications/Xcode_26.6.app/Contents/Developer/Toolchains/XcodeDefault.xctoolchain/usr/lib/swift/iphoneos/prebuilt-modules/26.5/Metal.swiftmodule/arm64e-apple-ios.swiftmodule /Applications/Xcode_26.6.app/Contents/Developer/Toolchains/XcodeDefault.xctoolchain/usr/lib/swift/iphoneos/prebuilt-modules/26.5/_DarwinFoundation2.swiftmodule/arm64e-apple-ios.swiftmodule /Applications/Xcode_26.6.app/Contents/Developer/Toolchains/XcodeDefault.xctoolchain/usr/lib/swift/iphoneos/prebuilt-modules/26.5/MetricKit.swiftmodule/arm64e-apple-ios.swiftmodule /Applications/Xcode_26.6.app/Contents/Developer/Toolchains/XcodeDefault.xctoolchain/usr/lib/swift/iphoneos/prebuilt-modules/26.5/SwiftData.swiftmodule/arm64e-apple-ios.swiftmodule /Applications/Xcode_26.6.app/Contents/Developer/Toolchains/XcodeDefault.xctoolchain/usr/lib/swift/iphoneos/prebuilt-modules/26.5/CoreText.swiftmodule/arm64e-apple-ios.swiftmodule /Applications/Xcode_26.6.app/Contents/Developer/Toolchains/XcodeDefault.xctoolchain/usr/lib/swift/iphoneos/prebuilt-modules/26.5/GeoToolbox.swiftmodule/arm64e-apple-ios.swiftmodule /Applications/Xcode_26.6.app/Contents/Developer/Toolchains/XcodeDefault.xctoolchain/usr/lib/swift/iphoneos/prebuilt-modules/26.5/CoreSpotlight.swiftmodule/arm64e-apple-ios.swiftmodule /Applications/Xcode_26.6.app/Contents/Developer/Toolchains/XcodeDefault.xctoolchain/usr/lib/swift/iphoneos/prebuilt-modules/26.5/SwiftUICore.swiftmodule/arm64e-apple-ios.swiftmodule /Applications/Xcode_26.6.app/Contents/Developer/Toolchains/XcodeDefault.xctoolchain/usr/lib/swift/iphoneos/prebuilt-modules/26.5/Synchronization.swiftmodule/arm64e-apple-ios.swiftmodule /Applications/Xcode_26.6.app/Contents/Developer/Toolchains/XcodeDefault.xctoolchain/usr/lib/swift/iphoneos/prebuilt-modules/26.5/Spatial.swiftmodule/arm64e-apple-ios.swiftmodule /Applications/Xcode_26.6.app/Contents/Developer/Toolchains/XcodeDefault.xctoolchain/usr/lib/swift/iphoneos/prebuilt-modules/26.5/_StoreKit_SwiftUI.swiftmodule/arm64e-apple-ios.swiftmodule /Applications/Xcode_26.6.app/Contents/Developer/Toolchains/XcodeDefault.xctoolchain/usr/lib/swift/iphoneos/prebuilt-modules/26.5/System.swiftmodule/arm64e-apple-ios.swiftmodule /Applications/Xcode_26.6.app/Contents/Developer/Toolchains/XcodeDefault.xctoolchain/usr/lib/swift/iphoneos/prebuilt-modules/26.5/Accessibility.swiftmodule/arm64e-apple-ios.swiftmodule /Applications/Xcode_26.6.app/Contents/Developer/Toolchains/XcodeDefault.xctoolchain/usr/lib/swift/iphoneos/prebuilt-modules/26.5/ObjectiveC.swiftmodule/arm64e-apple-ios.swiftmodule /Applications/Xcode_26.6.app/Contents/Developer/Toolchains/XcodeDefault.xctoolchain/usr/lib/swift/iphoneos/prebuilt-modules/26.5/Foundation.swiftmodule/arm64e-apple-ios.swiftmodule /Applications/Xcode_26.6.app/Contents/Developer/Toolchains/XcodeDefault.xctoolchain/usr/lib/swift/iphoneos/prebuilt-modules/26.5/UIKit.swiftmodule/arm64e-apple-ios.swiftmodule /Applications/Xcode_26.6.app/Contents/Developer/Toolchains/XcodeDefault.xctoolchain/usr/lib/swift/iphoneos/prebuilt-modules/26.5/FileProvider.swiftmodule/arm64e-apple-ios.swiftmodule /Applications/Xcode_26.6.app/Contents/Developer/Toolchains/XcodeDefault.xctoolchain/usr/lib/swift/iphoneos/prebuilt-modules/26.5/ExtensionKit.swiftmodule/arm64e-apple-ios.swiftmodule /Applications/Xcode_26.6.app/Contents/Developer/Toolchains/XcodeDefault.xctoolchain/usr/lib/swift/iphoneos/prebuilt-modules/26.5/ActivityKit.swiftmodule/arm64e-apple-ios.swiftmodule /Applications/Xcode_26.6.app/Contents/Developer/Toolchains/XcodeDefault.xctoolchain/usr/lib/swift/iphoneos/prebuilt-modules/26.5/TipKit.swiftmodule/arm64e-apple-ios.swiftmodule /Applications/Xcode_26.6.app/Contents/Developer/Toolchains/XcodeDefault.xctoolchain/usr/lib/swift/iphoneos/prebuilt-modules/26.5/AudioToolbox.swiftmodule/arm64e-apple-ios.swiftmodule /Applications/Xcode_26.6.app/Contents/Developer/Toolchains/XcodeDefault.xctoolchain/usr/lib/swift/iphoneos/prebuilt-modules/26.5/Dispatch.swiftmodule/arm64e-apple-ios.swiftmodule /Applications/Xcode_26.6.app/Contents/Developer/Toolchains/XcodeDefault.xctoolchain/usr/lib/swift/iphoneos/prebuilt-modules/26.5/_PhotosUI_SwiftUI.swiftmodule/arm64e-apple-ios.swiftmodule /Applications/Xcode_26.6.app/Contents/Developer/Toolchains/XcodeDefault.xctoolchain/usr/lib/swift/iphoneos/prebuilt-modules/26.5/PDFKit.swiftmodule/arm64e-apple-ios.swiftmodule /Applications/Xcode_26.6.app/Contents/Developer/Toolchains/XcodeDefault.xctoolchain/usr/lib/swift/iphoneos/prebuilt-modules/26.5/_Concurrency.swiftmodule/arm64e-apple-ios.swiftmodule /Applications/Xcode_26.6.app/Contents/Developer/Toolchains/XcodeDefault.xctoolchain/usr/lib/swift/iphoneos/prebuilt-modules/26.5/BackgroundAssets.swiftmodule/arm64e-apple-ios.swiftmodule /Applications/Xcode_26.6.app/Contents/Developer/Toolchains/XcodeDefault.xctoolchain/usr/lib/swift/iphoneos/prebuilt-modules/26.5/OSLog.swiftmodule/arm64e-apple-ios.swiftmodule /Applications/Xcode_26.6.app/Contents/Developer/Toolchains/XcodeDefault.xctoolchain/usr/lib/swift/iphoneos/prebuilt-modules/26.5/FoundationModels.swiftmodule/arm64e-apple-ios.swiftmodule /Applications/Xcode_26.6.app/Contents/Developer/Toolchains/XcodeDefault.xctoolchain/usr/lib/swift/iphoneos/prebuilt-modules/26.5/_MapKit_SwiftUI.swiftmodule/arm64e-apple-ios.swiftmodule /Applications/Xcode_26.6.app/Contents/Developer/Toolchains/XcodeDefault.xctoolchain/usr/lib/swift/iphoneos/prebuilt-modules/26.5/CoreGraphics.swiftmodule/arm64e-apple-ios.swiftmodule /Applications/Xcode_26.6.app/Contents/Developer/Toolchains/XcodeDefault.xctoolchain/usr/lib/swift/iphoneos/prebuilt-modules/26.5/CryptoKit.swiftmodule/arm64e-apple-ios.swiftmodule /Applications/Xcode_26.6.app/Contents/Developer/Toolchains/XcodeDefault.xctoolchain/usr/lib/swift/iphoneos/prebuilt-modules/26.5/AppIntents.swiftmodule/arm64e-apple-ios.swiftmodule /Applications/Xcode_26.6.app/Contents/Developer/Toolchains/XcodeDefault.xctoolchain/usr/lib/swift/iphoneos/prebuilt-modules/26.5/AuthenticationServices.swiftmodule/arm64e-apple-ios.swiftmodule /Applications/Xcode_26.6.app/Contents/Developer/Toolchains/XcodeDefault.xctoolchain/usr/lib/swift/iphoneos/prebuilt-modules/26.5/DataDetection.swiftmodule/arm64e-apple-ios.swiftmodule /Applications/Xcode_26.6.app/Contents/Developer/Toolchains/XcodeDefault.xctoolchain/usr/lib/swift/iphoneos/prebuilt-modules/26.5/Photos.swiftmodule/arm64e-apple-ios.swiftmodule /Applications/Xcode_26.6.app/Contents/Developer/Toolchains/XcodeDefault.xctoolchain/usr/lib/swift/iphoneos/prebuilt-modules/26.5/UniformTypeIdentifiers.swiftmodule/arm64e-apple-ios.swiftmodule /Users/runner/work/orange-cloud/orange-cloud/orange-cloud/apps/ios/Orange\ Cloud/build/Build/Intermediates.noindex/SwiftExplicitPrecompiledModules/Sentry-BX6OGN76MWNN.swiftmodule /Applications/Xcode_26.6.app/Contents/Developer/Toolchains/XcodeDefault.xctoolchain/usr/lib/swift/iphoneos/prebuilt-modules/26.5/ExtensionFoundation.swiftmodule/arm64e-apple-ios.swiftmodule /Applications/Xcode_26.6.app/Contents/Developer/Toolchains/XcodeDefault.xctoolchain/usr/lib/swift/iphoneos/prebuilt-modules/26.5/Distributed.swiftmodule/arm64e-apple-ios.swiftmodule /Applications/Xcode_26.6.app/Contents/Developer/Toolchains/XcodeDefault.xctoolchain/usr/lib/swift/iphoneos/prebuilt-modules/26.5/Symbols.swiftmodule/arm64e-apple-ios.swiftmodule /Applications/Xcode_26.6.app/Contents/Developer/Toolchains/XcodeDefault.xctoolchain/usr/lib/swift/iphoneos/prebuilt-modules/26.5/XPC.swiftmodule/arm64e-apple-ios.swiftmodule /Applications/Xcode_26.6.app/Contents/Developer/Toolchains/XcodeDefault.xctoolchain/usr/lib/swift/iphoneos/prebuilt-modules/26.5/_StringProcessing.swiftmodule/arm64e-apple-ios.swiftmodule /Applications/Xcode_26.6.app/Contents/Developer/Toolchains/XcodeDefault.xctoolchain/usr/lib/swift/iphoneos/prebuilt-modules/26.5/CoreMedia.swiftmodule/arm64e-apple-ios.swiftmodule /Applications/Xcode_26.6.app/Contents/Developer/Toolchains/XcodeDefault.xctoolchain/usr/lib/swift/iphoneos/prebuilt-modules/26.5/CoreImage.swiftmodule/arm64e-apple-ios.swiftmodule /Applications/Xcode_26.6.app/Contents/Developer/Toolchains/XcodeDefault.xctoolchain/usr/lib/swift/iphoneos/prebuilt-modules/26.5/CoreAudio.swiftmodule/arm64e-apple-ios.swiftmodule /Applications/Xcode_26.6.app/Contents/Developer/Toolchains/XcodeDefault.xctoolchain/usr/lib/swift/iphoneos/prebuilt-modules/26.5/StoreKit.swiftmodule/arm64e-apple-ios.swiftmodule /Applications/Xcode_26.6.app/Contents/Developer/Toolchains/XcodeDefault.xctoolchain/usr/lib/swift/iphoneos/prebuilt-modules/26.5/PhotosUI.swiftmodule/arm64e-apple-ios.swiftmodule /Applications/Xcode_26.6.app/Contents/Developer/Toolchains/XcodeDefault.xctoolchain/usr/lib/swift/iphoneos/prebuilt-modules/26.5/AVFAudio.swiftmodule/arm64e-apple-ios.swiftmodule /Applications/Xcode_26.6.app/Contents/Developer/Toolchains/XcodeDefault.xctoolchain/usr/lib/swift/iphoneos/prebuilt-modules/26.5/CoreLocation.swiftmodule/arm64e-apple-ios.swiftmodule /Applications/Xcode_26.6.app/Contents/Developer/Toolchains/XcodeDefault.xctoolchain/usr/lib/swift/iphoneos/prebuilt-modules/26.5/Intents.swiftmodule/arm64e-apple-ios.swiftmodule /Applications/Xcode_26.6.app/Contents/Developer/Toolchains/XcodeDefault.xctoolchain/usr/lib/swift/iphoneos/prebuilt-modules/26.5/MapKit.swiftmodule/arm64e-apple-ios.swiftmodule /Applications/Xcode_26.6.app/Contents/Developer/Toolchains/XcodeDefault.xctoolchain/usr/lib/swift/iphoneos/prebuilt-modules/26.5/Combine.swiftmodule/arm64e-apple-ios.swiftmodule /Applications/Xcode_26.6.app/Contents/Developer/Toolchains/XcodeDefault.xctoolchain/usr/lib/swift/iphoneos/prebuilt-modules/26.5/_AppIntents_SwiftUI.swiftmodule/arm64e-apple-ios.swiftmodule /Applications/Xcode_26.6.app/Contents/Developer/Toolchains/XcodeDefault.xctoolchain/usr/lib/swift/iphoneos/prebuilt-modules/26.5/CoreTransferable.swiftmodule/arm64e-apple-ios.swiftmodule /Applications/Xcode_26.6.app/Contents/Developer/Toolchains/XcodeDefault.xctoolchain/usr/lib/swift/iphoneos/prebuilt-modules/26.5/AVFoundation.swiftmodule/arm64e-apple-ios.swiftmodule /Applications/Xcode_26.6.app/Contents/Developer/Toolchains/XcodeDefault.xctoolchain/usr/lib/swift/iphoneos/prebuilt-modules/26.5/simd.swiftmodule/arm64e-apple-ios.swiftmodule /Applications/Xcode_26.6.app/Contents/Developer/Toolchains/XcodeDefault.xctoolchain/usr/lib/swift/iphoneos/prebuilt-modules/26.5/Observation.swiftmodule/arm64e-apple-ios.swiftmodule /Applications/Xcode_26.6.app/Contents/Developer/Toolchains/XcodeDefault.xctoolchain/usr/lib/swift/iphoneos/prebuilt-modules/26.5/WidgetKit.swiftmodule/arm64e-apple-ios.swiftmodule /Applications/Xcode_26.6.app/Contents/Developer/Toolchains/XcodeDefault.xctoolchain/usr/lib/swift/iphoneos/prebuilt-modules/26.5/CoreFoundation.swiftmodule/arm64e-apple-ios.swiftmodule /Applications/Xcode_26.6.app/Contents/Developer/Toolchains/XcodeDefault.xctoolchain/usr/lib/swift/iphoneos/prebuilt-modules/26.5/DeveloperToolsSupport.swiftmodule/arm64e-apple-ios.swiftmodule /Applications/Xcode_26.6.app/Contents/Developer/Toolchains/XcodeDefault.xctoolchain/usr/lib/swift/iphoneos/prebuilt-modules/26.5/Network.swiftmodule/arm64e-apple-ios.swiftmodule /Applications/Xcode_26.6.app/Contents/Developer/Toolchains/XcodeDefault.xctoolchain/usr/lib/swift/iphoneos/prebuilt-modules/26.5/QuartzCore.swiftmodule/arm64e-apple-ios.swiftmodule /Applications/Xcode_26.6.app/Contents/Developer/Toolchains/XcodeDefault.xctoolchain/usr/lib/swift/iphoneos/prebuilt-modules/26.5/Darwin.swiftmodule/arm64e-apple-ios.swiftmodule /Applications/Xcode_26.6.app/Contents/Developer/Toolchains/XcodeDefault.xctoolchain/usr/lib/swift/iphoneos/prebuilt-modules/26.5/QuickLookThumbnailing.swiftmodule/arm64e-apple-ios.swiftmodule /Applications/Xcode_26.6.app/Contents/Developer/Toolchains/XcodeDefault.xctoolchain/usr/lib/swift/iphoneos/prebuilt-modules/26.5/MessageUI.swiftmodule/arm64e-apple-ios.swiftmodule /Applications/Xcode_26.6.app/Contents/Developer/Toolchains/XcodeDefault.xctoolchain/usr/lib/swift/iphoneos/prebuilt-modules/26.5/_SwiftData_SwiftUI.swiftmodule/arm64e-apple-ios.swiftmodule /Users/runner/work/orange-cloud/orange-cloud/orange-cloud/apps/ios/Orange\ Cloud/build/ModuleCache.noindex/Intents-3PMRIE6010NUOHE4KOVKO9EKY.pcm /Users/runner/work/orange-cloud/orange-cloud/orange-cloud/apps/ios/Orange\ Cloud/build/ModuleCache.noindex/_Builtin_stdatomic-2OONYAVACT1A2U76194F3U6US.pcm /Users/runner/work/orange-cloud/orange-cloud/orange-cloud/apps/ios/Orange\ Cloud/build/ModuleCache.noindex/Photos-D1KTG6Y1UQAH7GXIHCPMVD4OX.pcm /Users/runner/work/orange-cloud/orange-cloud/orange-cloud/apps/ios/Orange\ Cloud/build/ModuleCache.noindex/SwiftShims-8H9LPS7V5GWA2QZL4KGOBYY2Z.pcm /Users/runner/work/orange-cloud/orange-cloud/orange-cloud/apps/ios/Orange\ Cloud/build/ModuleCache.noindex/ImageIO-6OA17BXQGPE38LKDM05P0HWH2.pcm /Users/runner/work/orange-cloud/orange-cloud/orange-cloud/apps/ios/Orange\ Cloud/build/ModuleCache.noindex/_DarwinFoundation2-9BZ3T7Z7YAYZW9Q0ZR6ODHD52.pcm /Users/runner/work/orange-cloud/orange-cloud/orange-cloud/apps/ios/Orange\ Cloud/build/ModuleCache.noindex/_Builtin_stdbool-B5CGTSCJT4VCO6A9DHZF61V7F.pcm /Users/runner/work/orange-cloud/orange-cloud/orange-cloud/apps/ios/Orange\ Cloud/build/ModuleCache.noindex/UniformTypeIdentifiers-72QPVSAPVYC12VF3ZJVPF36UG.pcm /Users/runner/work/orange-cloud/orange-cloud/orange-cloud/apps/ios/Orange\ Cloud/build/ModuleCache.noindex/CoreImage-UCH1AC15L5QJAO6D2XYCQAES.pcm /Users/runner/work/orange-cloud/orange-cloud/orange-cloud/apps/ios/Orange\ Cloud/build/ModuleCache.noindex/XPC-93K26PUB2WD6TZ4XJG407PULZ.pcm /Users/runner/work/orange-cloud/orange-cloud/orange-cloud/apps/ios/Orange\ Cloud/build/ModuleCache.noindex/CoreFoundation-1ZCRX3DSU1LSEIG8JO9W4DVJI.pcm /Users/runner/work/orange-cloud/orange-cloud/orange-cloud/apps/ios/Orange\ Cloud/build/ModuleCache.noindex/CoreVideo-31SOLBOJPRKENLINVXH7I9L9R.pcm /Users/runner/work/orange-cloud/orange-cloud/orange-cloud/apps/ios/Orange\ Cloud/build/ModuleCache.noindex/ExtensionFoundation-6OM6JE1E44G1TVBCVTJZXJ8RO.pcm /Users/runner/work/orange-cloud/orange-cloud/orange-cloud/apps/ios/Orange\ Cloud/build/ModuleCache.noindex/_DarwinFoundation3-153WYT5P33EQZ82NNTW8RWUUS.pcm /Users/runner/work/orange-cloud/orange-cloud/orange-cloud/apps/ios/Orange\ Cloud/build/ModuleCache.noindex/AVFoundation-8VHYYXCHKZEXP41MMWY8NOZ2N.pcm /Users/runner/work/orange-cloud/orange-cloud/orange-cloud/apps/ios/Orange\ Cloud/build/ModuleCache.noindex/ExtensionKit-4Q9VJGGH840860QQOG5ML5ZUM.pcm /Users/runner/work/orange-cloud/orange-cloud/orange-cloud/apps/ios/Orange\ Cloud/build/ModuleCache.noindex/PhotosUI-DKGWKYBMLHOJ180FSTYIQBWT2.pcm /Users/runner/work/orange-cloud/orange-cloud/orange-cloud/apps/ios/Orange\ Cloud/build/ModuleCache.noindex/_Builtin_tgmath-67KNMPU8R46KT34AZTN0ENRH2.pcm /Users/runner/work/orange-cloud/orange-cloud/orange-cloud/apps/ios/Orange\ Cloud/build/ModuleCache.noindex/Compression-99J5U4CBDXRQAJ8T13T1BMFUC.pcm /Users/runner/work/orange-cloud/orange-cloud/orange-cloud/apps/ios/Orange\ Cloud/build/ModuleCache.noindex/BackgroundTasks-8Q9G39UDCEUOHZ4IYEF632R50.pcm /Users/runner/work/orange-cloud/orange-cloud/orange-cloud/apps/ios/Orange\ Cloud/build/ModuleCache.noindex/PDFKit-E43NM7CEEFG7I61421E7H7COU.pcm /Users/runner/work/orange-cloud/orange-cloud/orange-cloud/apps/ios/Orange\ Cloud/build/ModuleCache.noindex/os_object-27WITQDS0F2XZJRBS2DS6R4ES.pcm /Users/runner/work/orange-cloud/orange-cloud/orange-cloud/apps/ios/Orange\ Cloud/build/ModuleCache.noindex/FileProvider-DJVZTMKMZRPF6PNLIQXIMR3QP.pcm /Users/runner/work/orange-cloud/orange-cloud/orange-cloud/apps/ios/Orange\ Cloud/build/ModuleCache.noindex/CoreMIDI-DHKPQ06LFYA6AOFB2C0HXB99V.pcm /Users/runner/work/orange-cloud/orange-cloud/orange-cloud/apps/ios/Orange\ Cloud/build/ModuleCache.noindex/Metal-CM488AVY2RIPS71A8645EK2ZQ.pcm /Users/runner/work/orange-cloud/orange-cloud/orange-cloud/apps/ios/Orange\ Cloud/build/ModuleCache.noindex/AudioToolbox-DMJPH4PIT3AF08LKQV705BG0C.pcm /Users/runner/work/orange-cloud/orange-cloud/orange-cloud/apps/ios/Orange\ Cloud/build/ModuleCache.noindex/ObjectiveC-8KE4OLPMSRFGNRFILUJ9GWKXB.pcm /Users/runner/work/orange-cloud/orange-cloud/orange-cloud/apps/ios/Orange\ Cloud/build/ModuleCache.noindex/ptrcheck-6J47K7UT7FFX235XQJD9QGCCP.pcm /Users/runner/work/orange-cloud/orange-cloud/orange-cloud/apps/ios/Orange\ Cloud/build/ModuleCache.noindex/Dispatch-C9O46SMRJZSEQSMCNYWLQ6YEH.pcm /Users/runner/work/orange-cloud/orange-cloud/orange-cloud/apps/ios/Orange\ Cloud/build/ModuleCache.noindex/_DarwinFoundation1-AJ77LABH59JD6SZ4U8IALNUC5.pcm /Users/runner/work/orange-cloud/orange-cloud/orange-cloud/apps/ios/Orange\ Cloud/build/ModuleCache.noindex/OSLog-1C52MTKNCJ70RVXU21W7PWSG7.pcm /Users/runner/work/orange-cloud/orange-cloud/orange-cloud/apps/ios/Orange\ Cloud/build/ModuleCache.noindex/BackgroundAssets-3SHZN357TTJU1OGSWXH4ORZ2W.pcm /Users/runner/work/orange-cloud/orange-cloud/orange-cloud/apps/ios/Orange\ Cloud/build/ModuleCache.noindex/OpenGLES-36DXYV9CB52CZ48Z9F49IBROB.pcm /Users/runner/work/orange-cloud/orange-cloud/orange-cloud/apps/ios/Orange\ Cloud/build/ModuleCache.noindex/_LocationEssentials-2I1U9KL8JWH2E2QWURHZVJ3C0.pcm /Users/runner/work/orange-cloud/orange-cloud/orange-cloud/apps/ios/Orange\ Cloud/build/ModuleCache.noindex/RelevanceKit-9NCZ5MKK2DWJ1K80TZKZASAA6.pcm /Users/runner/work/orange-cloud/orange-cloud/orange-cloud/apps/ios/Orange\ Cloud/build/ModuleCache.noindex/MetricKit-2XPS0V0HLRWVYZV6RR9VXKX0M.pcm /Users/runner/work/orange-cloud/orange-cloud/orange-cloud/apps/ios/Orange\ Cloud/build/ModuleCache.noindex/MachO-1ROBVR6MXFV6Y0EJDI7OQK6EG.pcm /Users/runner/work/orange-cloud/orange-cloud/orange-cloud/apps/ios/Orange\ Cloud/build/ModuleCache.noindex/WebKit-DMQD47C0EBE3AL94GAIZIBJ3Y.pcm /Users/runner/work/orange-cloud/orange-cloud/orange-cloud/apps/ios/Orange\ Cloud/build/ModuleCache.noindex/ptrauth-5ZWVI6KLVWAZWVGBVSIBIGRLZ.pcm /Users/runner/work/orange-cloud/orange-cloud/orange-cloud/apps/ios/Orange\ Cloud/build/ModuleCache.noindex/_Builtin_stdint-3480PT7ZFHU2IRP6MXOURPQUV.pcm /Users/runner/work/orange-cloud/orange-cloud/orange-cloud/apps/ios/Orange\ Cloud/build/ModuleCache.noindex/CoreAudio-16CW285UOBVVGLZ6I1D1PNATE.pcm /Users/runner/work/orange-cloud/orange-cloud/orange-cloud/apps/ios/Orange\ Cloud/build/ModuleCache.noindex/_Builtin_limits-7ZGUAYP9SUFU88KIOPKFY6SSD.pcm /Users/runner/work/orange-cloud/orange-cloud/orange-cloud/apps/ios/Orange\ Cloud/build/ModuleCache.noindex/os-1MEQWELJJD45CP20292HICNKT.pcm /Users/runner/work/orange-cloud/orange-cloud/orange-cloud/apps/ios/Orange\ Cloud/build/ModuleCache.noindex/Darwin-AZ3TGPTVUXO5K3ILXQ5LV6HET.pcm /Users/runner/work/orange-cloud/orange-cloud/orange-cloud/apps/ios/Orange\ Cloud/build/ModuleCache.noindex/os_workgroup-3C8U0N564Z01AQDU28YMV8U00.pcm /Users/runner/work/orange-cloud/orange-cloud/orange-cloud/apps/ios/Orange\ Cloud/build/ModuleCache.noindex/SwiftUICore-3VPPWVP12SAZ0K1809ZDOZXF0.pcm /Users/runner/work/orange-cloud/orange-cloud/orange-cloud/apps/ios/Orange\ Cloud/build/ModuleCache.noindex/_Builtin_stddef-2D8TFQ1MGJIYHFC3BM5FEP8QF.pcm /Users/runner/work/orange-cloud/orange-cloud/orange-cloud/apps/ios/Orange\ Cloud/build/ModuleCache.noindex/UIKit-E5HD0NMFVEIGUCF2BOSIO28B.pcm /Users/runner/work/orange-cloud/orange-cloud/orange-cloud/apps/ios/Orange\ Cloud/build/ModuleCache.noindex/_SwiftConcurrencyShims-1S8HK9D7BX1F7SMUJ039HA87A.pcm /Users/runner/work/orange-cloud/orange-cloud/orange-cloud/apps/ios/Orange\ Cloud/build/ModuleCache.noindex/_Builtin_inttypes-2MNHLP3BGGOZPOXWINVUA6RQP.pcm /Users/runner/work/orange-cloud/orange-cloud/orange-cloud/apps/ios/Orange\ Cloud/build/ModuleCache.noindex/CoreData-D5CZX4A0QLLVJ17UAC645YY1J.pcm /Users/runner/work/orange-cloud/orange-cloud/orange-cloud/apps/ios/Orange\ Cloud/build/ModuleCache.noindex/AppIntents-E4K89N9ATFBQOP4UYXYTMBQSF.pcm /Users/runner/work/orange-cloud/orange-cloud/orange-cloud/apps/ios/Orange\ Cloud/build/ModuleCache.noindex/CoreAudioTypes-CIJXTS8HDZNWR04X3YAJ975N.pcm /Users/runner/work/orange-cloud/orange-cloud/orange-cloud/apps/ios/Orange\ Cloud/build/ModuleCache.noindex/Accessibility-DKTC68W63DZAVXTPC96JQL8HN.pcm /Users/runner/work/orange-cloud/orange-cloud/orange-cloud/apps/ios/Orange\ Cloud/build/ModuleCache.noindex/SwiftUI-2ZEZ6WEKNFLTPF42IYDEZECG8.pcm /Users/runner/work/orange-cloud/orange-cloud/orange-cloud/apps/ios/Orange\ Cloud/build/ModuleCache.noindex/Symbols-AI237YZ5GM77EHOHQVKHNOANV.pcm /Users/runner/work/orange-cloud/orange-cloud/orange-cloud/apps/ios/Orange\ Cloud/build/ModuleCache.noindex/CoreLocation-AQR1M13WE7SG4BJI94DV4E6EE.pcm /Users/runner/work/orange-cloud/orange-cloud/orange-cloud/apps/ios/Orange\ Cloud/build/ModuleCache.noindex/Spatial-E234VXEZGQSL3TB9YXWVH37P6.pcm /Users/runner/work/orange-cloud/orange-cloud/orange-cloud/apps/ios/Orange\ Cloud/build/ModuleCache.noindex/WatchConnectivity-1357BRXF74TWKTBCMEMPJM8D3.pcm /Users/runner/work/orange-cloud/orange-cloud/orange-cloud/apps/ios/Orange\ Cloud/build/ModuleCache.noindex/Security-C44PGUUZLEUGX8VMH6Z5IOEZR.pcm /Users/runner/work/orange-cloud/orange-cloud/orange-cloud/apps/ios/Orange\ Cloud/build/ModuleCache.noindex/_Builtin_stdarg-7VNNV12P14H0SCL8LES2UNIPF.pcm /Users/runner/work/orange-cloud/orange-cloud/orange-cloud/apps/ios/Orange\ Cloud/build/ModuleCache.noindex/AuthenticationServices-E3GABGPEX4FM338P95XVY6EXI.pcm /Users/runner/work/orange-cloud/orange-cloud/orange-cloud/apps/ios/Orange\ Cloud/build/ModuleCache.noindex/ActivityKit-7EPD7KJ7SZKTJJUYEOOBPY6E8.pcm /Users/runner/work/orange-cloud/orange-cloud/orange-cloud/apps/ios/Orange\ Cloud/build/ModuleCache.noindex/MessageUI-7HYMQT4D1UCDYN1YY8BNB4TY9.pcm /Users/runner/work/orange-cloud/orange-cloud/orange-cloud/apps/ios/Orange\ Cloud/build/ModuleCache.noindex/CoreGraphics-5JIXF5GBCCD893J1V1Z50O5A3.pcm /Users/runner/work/orange-cloud/orange-cloud/orange-cloud/apps/ios/Orange\ Cloud/build/ModuleCache.noindex/_Builtin_intrinsics-B63BEEAUC5YTWTF8NIJQH0XSJ.pcm /Users/runner/work/orange-cloud/orange-cloud/orange-cloud/apps/ios/Orange\ Cloud/build/ModuleCache.noindex/simd-7UYHE1SEQOSNZ1TLO83XS3UVN.pcm /Users/runner/work/orange-cloud/orange-cloud/orange-cloud/apps/ios/Orange\ Cloud/build/ModuleCache.noindex/DataDetection-9A0OOB8FIR17QBA6ET82E1F7.pcm /Users/runner/work/orange-cloud/orange-cloud/orange-cloud/apps/ios/Orange\ Cloud/build/ModuleCache.noindex/QuickLookThumbnailing-8MOJI0AES2NKMGXT2BV3SJIOK.pcm /Users/runner/work/orange-cloud/orange-cloud/orange-cloud/apps/ios/Orange\ Cloud/build/ModuleCache.noindex/MapKit-45UVUR24RT711KJYEADVVZ24S.pcm /Users/runner/work/orange-cloud/orange-cloud/orange-cloud/apps/ios/Orange\ Cloud/build/ModuleCache.noindex/StoreKit-9BEEVQ8U1UTZSWOVY9MZP5L1M.pcm /Users/runner/work/orange-cloud/orange-cloud/orange-cloud/apps/ios/Orange\ Cloud/build/ModuleCache.noindex/CFNetwork-EY3NOKD0UF8BVG9P7C3OST86Y.pcm /Users/runner/work/orange-cloud/orange-cloud/orange-cloud/apps/ios/Orange\ Cloud/build/ModuleCache.noindex/QuartzCore-DL2SCH90ZQ3GIWRFGCM20PWGE.pcm /Users/runner/work/orange-cloud/orange-cloud/orange-cloud/apps/ios/Orange\ Cloud/build/ModuleCache.noindex/_Builtin_float-23NBEL2KLO4CRL103EUXJZBR5.pcm /Users/runner/work/orange-cloud/orange-cloud/orange-cloud/apps/ios/Orange\ Cloud/build/ModuleCache.noindex/CoreText-4V6FPG5GHRB7LAX99PO0VBNNP.pcm /Users/runner/work/orange-cloud/orange-cloud/orange-cloud/apps/ios/Orange\ Cloud/build/ModuleCache.noindex/UIUtilities-6MUG3UW9HM9CPASD144OCYOLS.pcm /Users/runner/work/orange-cloud/orange-cloud/orange-cloud/apps/ios/Orange\ Cloud/build/ModuleCache.noindex/DeveloperToolsSupport-A9EFNA0BN8EJIJM9UBUEVRKA1.pcm /Users/runner/work/orange-cloud/orange-cloud/orange-cloud/apps/ios/Orange\ Cloud/build/ModuleCache.noindex/AVRouting-DMQ3C3A4Y36W12Y6L3RJZ9VYM.pcm /Users/runner/work/orange-cloud/orange-cloud/orange-cloud/apps/ios/Orange\ Cloud/build/ModuleCache.noindex/MediaToolbox-63IF910Q3C7PR7ZNC7VJ7BN4D.pcm /Users/runner/work/orange-cloud/orange-cloud/orange-cloud/apps/ios/Orange\ Cloud/build/ModuleCache.noindex/UserNotifications-DCEQRJI1O9JYNS7B9SL2QZ0CA.pcm /Users/runner/work/orange-cloud/orange-cloud/orange-cloud/apps/ios/Orange\ Cloud/build/ModuleCache.noindex/LocalAuthentication-73P11I0B6G4YOR458Y9NW7VHQ.pcm /Users/runner/work/orange-cloud/orange-cloud/orange-cloud/apps/ios/Orange\ Cloud/build/ModuleCache.noindex/CoreSpotlight-17PDXWXU2RZ687SK3B2QFIGOI.pcm /Users/runner/work/orange-cloud/orange-cloud/orange-cloud/apps/ios/Orange\ Cloud/build/ModuleCache.noindex/WidgetKit-CLW3NBVSYYWZQ4GPU7X69U6DE.pcm /Users/runner/work/orange-cloud/orange-cloud/orange-cloud/apps/ios/Orange\ Cloud/build/ModuleCache.noindex/QuickLook-87CNNE8ZA6CMIK8JHIX3IO1QS.pcm /Users/runner/work/orange-cloud/orange-cloud/orange-cloud/apps/ios/Orange\ Cloud/build/ModuleCache.noindex/CoreMedia-83S3ZATZB072EXZ89YB2S8SR7.pcm /Users/runner/work/orange-cloud/orange-cloud/orange-cloud/apps/ios/Orange\ Cloud/build/ModuleCache.noindex/_AvailabilityInternal-95HMTCZDON8JARBEK87SQTN9V.pcm /Users/runner/work/orange-cloud/orange-cloud/orange-cloud/apps/ios/Orange\ Cloud/build/ModuleCache.noindex/_StoreKit_SwiftUI-3SCHL54POMPXBAL56HDZMH3CB.pcm /Users/runner/work/orange-cloud/orange-cloud/orange-cloud/apps/ios/Orange\ Cloud/build/ModuleCache.noindex/AVFAudio-1UJS50D13H03WODQKX7ZN38V1.pcm /Users/runner/work/orange-cloud/orange-cloud/orange-cloud/apps/ios/Orange\ Cloud/build/ModuleCache.noindex/IOSurface-1OCBDDIS1EFKUM480FVN1ADU7.pcm /Users/runner/work/orange-cloud/orange-cloud/orange-cloud/apps/ios/Orange\ Cloud/build/ModuleCache.noindex/sys_types-84BMCVHITGQ74G7QJHOMARDYJ.pcm /Users/runner/work/orange-cloud/orange-cloud/orange-cloud/apps/ios/Orange\ Cloud/build/ModuleCache.noindex/dnssd-DFJSHBTG24H9JNMF9NLDA1PA3.pcm /Users/runner/work/orange-cloud/orange-cloud/orange-cloud/apps/ios/Orange\ Cloud/build/ModuleCache.noindex/Foundation-1ZJGRL30I5Q8FLDGZ94W0AFFM.pcm /Users/runner/work/orange-cloud/orange-cloud/orange-cloud/apps/ios/Orange\ Cloud/build/ModuleCache.noindex/Network-EV1CJ207TUW7DV0CELA0AO6VZ.pcm /Users/runner/work/orange-cloud/orange-cloud/orange-cloud/apps/ios/Orange\ Cloud/build/Build/Intermediates.noindex/SwiftExplicitPrecompiledModules/Sentry-14NTGJ1OQSV01Q8SIRS9AHF3A.pcm /Users/runner/work/orange-cloud/orange-cloud/orange-cloud/apps/ios/Orange\ Cloud/build/ModuleCache.noindex/CoreTransferable-6BK06V40XT21FRH87Q5U32IMA.pcm /Users/runner/work/orange-cloud/orange-cloud/orange-cloud/apps/ios/Orange\ Cloud/build/Build/Intermediates.noindex/Orange\ Cloud.build/Release-iphoneos/Orange\ Cloud.build/Objects-normal/arm64/Orange_Cloud-dependencies-1.json /Users/runner/work/orange-cloud/orange-cloud/orange-cloud/apps/ios/Orange\ Cloud/build/Build/Intermediates.noindex/Orange\ Cloud.build/Release-iphoneos/Orange\ Cloud.build/Objects-normal/arm64/Orange\ Cloud-primary-Bridging-header.pch (in target 'Orange Cloud' from project 'Orange Cloud')

CompileSwift normal arm64 (in target 'Orange Cloud' from project 'Orange Cloud')
    cd /Users/runner/work/orange-cloud/orange-cloud/orange-cloud/apps/ios/Orange\ Cloud
    
/Users/runner/work/orange-cloud/orange-cloud/orange-cloud/apps/ios/Orange Cloud/Orange Cloud/Services/R2SQLService.swift:107:71: warning: expression implicitly coerced from 'Any?' to 'Any'
            if let data = try? JSONSerialization.data(withJSONObject: other, options: [.fragmentsAllowed]),
                                                                      ^~~~~
/Users/runner/work/orange-cloud/orange-cloud/orange-cloud/apps/ios/Orange Cloud/Orange Cloud/Services/R2SQLService.swift:107:71: note: provide a default value to avoid this warning
            if let data = try? JSONSerialization.data(withJSONObject: other, options: [.fragmentsAllowed]),
                                                                      ^~~~~
                                                                            ?? <#default value#>
/Users/runner/work/orange-cloud/orange-cloud/orange-cloud/apps/ios/Orange Cloud/Orange Cloud/Services/R2SQLService.swift:107:71: note: force-unwrap the value to avoid this warning
            if let data = try? JSONSerialization.data(withJSONObject: other, options: [.fragmentsAllowed]),
                                                                      ^~~~~
                                                                           !
/Users/runner/work/orange-cloud/orange-cloud/orange-cloud/apps/ios/Orange Cloud/Orange Cloud/Services/R2SQLService.swift:107:71: note: explicitly cast to 'Any' with 'as Any' to silence this warning
            if let data = try? JSONSerialization.data(withJSONObject: other, options: [.fragmentsAllowed]),
                                                                      ^~~~~
                                                                            as Any
/Users/runner/work/orange-cloud/orange-cloud/orange-cloud/apps/ios/Orange Cloud/Orange Cloud/ViewModels/StorageViewModels.swift:733:25: warning: main actor-isolated static property 'cellLimit' can not be referenced from a nonisolated context; this is an error in the Swift 6 language mode
        if text.count > cellLimit { return String(text.prefix(cellLimit)) + "…" }
/Users/runner/work/orange-cloud/orange-cloud/orange-cloud/apps/ios/Orange Cloud/Orange Cloud/ViewModels/StorageViewModels.swift:628:16: note: static property declared here
    static let cellLimit = 256
               ^
/Users/runner/work/orange-cloud/orange-cloud/orange-cloud/apps/ios/Orange Cloud/Orange Cloud/ViewModels/StorageViewModels.swift:733:63: warning: main actor-isolated static property 'cellLimit' can not be referenced from a nonisolated context; this is an error in the Swift 6 language mode
        if text.count > cellLimit { return String(text.prefix(cellLimit)) + "…" }
/Users/runner/work/orange-cloud/orange-cloud/orange-cloud/apps/ios/Orange Cloud/Orange Cloud/ViewModels/StorageViewModels.swift:628:16: note: static property declared here
    static let cellLimit = 256
               ^

SwiftDriverJobDiscovery normal arm64 Compiling AuthDiagnostics.swift, AuthManager.swift, OAuthConfig.swift, PKCEHelper.swift, RefreshGate.swift, TokenStore.swift, CacheContainer.swift, CacheModels.swift, CachePolicy.swift, CacheSync.swift, SafeCache.swift, WatchSessionManager.swift, AssetHash.swift, Blake3.swift, DashboardAlerts.swift, DashboardResource.swift, PinnedResource.swift, CrashReporter.swift, DiagnosticsInfo.swift, Telemetry.swift, AnalyticsIntelligence.swift, DNSIntelligence.swift, OnDeviceAI.swift, WAFIntelligence.swift, OrangeCloudIntents.swift, ZoneEntity.swift, AppLog.swift, LogFileStore.swift, APIError.swift, CFAPIClient.swift, MockCloudflare.swift, TailSocket.swift, EntitlementStore.swift, PushAppDelegate.swift, PushCrypto.swift, PushRegistrar.swift, PushStore.swift, QRCode.swift, RatingPrompt.swift, D1QueryHistoryStore.swift, AccountPrefsStore.swift, AppNotifications.swift, AppPreferences.swift, BackgroundRefresh.swift, ContinuedTaskRunner.swift, FileProviderMountManager.swift, SpotlightIndexer.swift, AppTips.swift, AvailabilityCompat.swift, CIDRCalculator.swift, X509Lite.swift, ZipReader.swift, WhatsNew.swift, WhatsNewReleases.generated.swift, Account.swift, AccountUsageModels.swift, AnalyticsModels.swift, AuditLogModels.swift, BotManagementModels.swift, BulkRedirectModels.swift, CacheRuleModels.swift, CFAlertingModels.swift, CFAPIResponse.swift, CountryGeo.swift, DeveloperPlatformModels.swift, DNSRecord.swift, DNSSettingsModels.swift, DurableObjectModels.swift, EmailRoutingModels.swift, FirewallAccessRuleModels.swift, GraphQLModels.swift, HealthCheckModels.swift, LoadBalancerModels.swift, ManagedHeaderModels.swift, PagesModels.swift, PermissionModels.swift, R2CatalogModels.swift, RateLimitModels.swift, RegistrarModels.swift, RequestTracerModels.swift, SnippetModels.swift, SSLCertificateModels.swift, StatusPageModels.swift, StorageModels.swift, SubscriptionModels.swift, ToolboxModels.swift, TransformRuleModels.swift, TunnelModels.swift, TurnstileModels.swift, URLScannerModels.swift, WAFModels.swift, WorkerBuildModels.swift, WorkerConfigModels.swift, WorkerMetricsModels.swift, WorkerRouteModels.swift, WorkerScript.swift, WorkerTailModels.swift, ZeroTrustModels.swift, Zone.swift, ZoneRuleModels.swift, ZoneSettingsModels.swift, AccountService.swift, AIGatewayService.swift, AlertingService.swift, AnalyticsService.swift, AuditLogService.swift, BotManagementService.swift, BulkRedirectService.swift, CacheRuleService.swift, CertInspectService.swift, D1Service.swift, DNSService.swift, DNSSettingsService.swift, DurableObjectService.swift, EmailRoutingService.swift, FirewallAccessRuleService.swift, HealthCheckService.swift, HyperdriveService.swift, KVService.swift, LoadBalancerService.swift, ManagedHeaderService.swift, PagesService.swift, PushService.swift, QueueService.swift, R2CatalogService.swift, R2Service.swift, R2SQLService.swift, RateLimitService.swift, RegistrarService.swift, RequestTracerService.swift, SnippetService.swift, SSLCertificateService.swift, StatusPageService.swift, ToolboxServices.swift, TransformRuleService.swift, TunnelService.swift, TurnstileService.swift, URLScannerService.swift, WAFService.swift, WorkerBuildService.swift, WorkersAIService.swift, WorkerService.swift, WorkerTailService.swift, ZeroTrustService.swift, ZoneRulesetService.swift, ZoneService.swift, ZoneSettingsService.swift, AddZoneViewModel.swift, AIImagePlaygroundViewModel.swift, AuditLogViewModel.swift, BulkRedirectViewModels.swift, CacheRulesViewModel.swift, CFAlertingViewModel.swift, CloudflareStatusViewModel.swift, D1IndexListViewModel.swift, DashboardViewModel.swift, DeveloperPlatformViewModels.swift, DNSListViewModel.swift, DNSSettingsViewModel.swift, EmailRoutingViewModel.swift, HealthCheckAlertViewModel.swift, HealthCheckViewModel.swift, LoadBalancerViewModels.swift, ManagedHeadersViewModel.swift, PagesViewModels.swift, PermissionSelectionViewModel.swift, PushCenterViewModel.swift, R2CatalogViewModel.swift, R2SQLViewModel.swift, RateLimitViewModel.swift, RegistrarViewModel.swift, RequestTracerViewModel.swift, SessionStore.swift, SnippetsViewModel.swift, StorageViewModels.swift, ToolboxViewModels.swift, TunnelWAFViewModels.swift, TurnstileViewModel.swift, URLScannerViewModel.swift, WorkerBindingsViewModel.swift, WorkerBuildViewModel.swift, WorkerDeploymentsViewModel.swift, WorkerListViewModel.swift, WorkerMetricsViewModel.swift, WorkerRoutesViewModel.swift, WorkerTailViewModel.swift, WorkerTriggersViewModel.swift, WorkerUploadViewModel.swift, ZeroTrustViewModels.swift, ZoneAccessRulesViewModel.swift, ZoneActionsViewModel.swift, ZoneAnalyticsViewModel.swift, ZoneListViewModel.swift, ZonePerformanceViewModel.swift, ZoneRulesViewModels.swift, ZoneSSLCertsViewModel.swift, ZoneSSLViewModel.swift, ZoneTransformRulesViewModel.swift, ZoneAnalyticsView.swift, ZoneTrafficMapView.swift, LoginView.swift, PermissionSelectionView.swift, Daybreak.swift, PermissionDeniedView.swift, PermissionGatedNavigationLink.swift, PlanBadge.swift, ProGate.swift, ProxiedBadge.swift, ReauthorizeButton.swift, RefreshButton.swift, ResourceSortMenu.swift, Skeleton.swift, StatusDot.swift, TintIcon.swift, ZoneAvatar.swift, AlertCenterCard.swift, DashboardView.swift, RegistrarView.swift, RequestTracerView.swift, ResourceSearchView.swift, URLScannerView.swift, AIGatewayView.swift, DeveloperHubView.swift, DurableObjectsView.swift, HyperdriveView.swift, QueuesView.swift, WorkersAIView.swift, DNSListView.swift, DNSRecordFormView.swift, MainTabView.swift, PagesBuildConfigEditorView.swift, PagesCreateView.swift, PagesDeploymentDetailView.swift, PagesDeployView.swift, PagesDomainsView.swift, PagesProjectDetailView.swift, PagesProjectListView.swift, PaywallView.swift, CFAlertingView.swift, PushCenterView.swift, RatingPromptModifier.swift, BulkRedirectListsView.swift, RedirectListDetailView.swift, AboutView.swift, AuditLogListView.swift, CloudflareStatusView.swift, FeedbackView.swift, IdentityDetailView.swift, SettingsView.swift, SnippetDetailView.swift, SnippetEditorView.swift, SnippetsListView.swift, D1CreateView.swift, D1DeleteConfirmView.swift, D1DropTableConfirmView.swift, D1QueryView.swift, D1TableView.swift, KVCreateView.swift, KVKeyListView.swift, KVNamespaceDeleteConfirmView.swift, R2BucketDeleteConfirmView.swift, R2BucketSettingsView.swift, R2CreateView.swift, R2ObjectListView.swift, R2SQLQueryView.swift, StorageView.swift, CertInspectToolView.swift, CFTraceToolView.swift, CIDRToolView.swift, DNSLookupToolView.swift, GeoIPToolView.swift, HTTPProbeToolView.swift, ToolboxComponents.swift, ToolboxHubView.swift, WhoisToolView.swift, PublicHostnameFormView.swift, TunnelConnectView.swift, TunnelCreateView.swift, TunnelListView.swift, TurnstileDetailView.swift, TurnstileEditorSheet.swift, TurnstileListView.swift, WAFRuleListView.swift, WhatsNewView.swift, WorkerBuildsView.swift, WorkerDeleteConfirmView.swift, WorkerDeploymentsView.swift, WorkerDetailView.swift, WorkerListView.swift, WorkerRoutesView.swift, WorkerSecretsView.swift, WorkerTailView.swift, WorkerTriggersView.swift, WorkerUploadView.swift, AccessAppEditorView.swift, AccessAppsView.swift, GatewayRuleEditorView.swift, GatewayRulesView.swift, AccessRuleEditorView.swift, AddZoneView.swift, CacheRuleEditorView.swift, CacheRulesListView.swift, EmailRoutingView.swift, HealthCheckListView.swift, LoadBalancerListView.swift, ManagedHeadersView.swift, MonitorListView.swift, PoolListView.swift, PurgeCacheSheet.swift, BillingCycle.swift, ByteFormat.swift, DayBoundary.swift, FileProviderDomainID.swift, SharedAuth.swift, SkyPhase.swift, TailActivityAttributes.swift, Theme.swift, WatchBridgePayload.swift, WidgetConfigIntents.swift, WidgetSnapshot.swift, RateLimitRulesView.swift, TransformRuleEditorView.swift, ZoneAccessRulesView.swift, ZoneDetailView.swift, ZoneDNSSettingsView.swift, ZoneListView.swift, ZonePerformanceView.swift, ZoneRuleEditorView.swift, ZoneRulesHubView.swift, ZoneSSLCertsView.swift, ZoneSSLSettingsView.swift, ZoneTransformRulesView.swift, ContentView.swift, Orange_CloudApp.swift, GeneratedStringSymbols_WhatsNew.swift, GeneratedStringSymbols_AppShortcuts.swift, GeneratedAssetSymbols.swift, GeneratedStringSymbols_Localizable.swift (in target 'Orange Cloud' from project 'Orange Cloud')

SwiftDriver\ Compilation\ Requirements Orange\ Cloud normal arm64 com.apple.xcode.tools.swift.compiler (in target 'Orange Cloud' from project 'Orange Cloud')
    cd /Users/runner/work/orange-cloud/orange-cloud/orange-cloud/apps/ios/Orange\ Cloud
    builtin-Swift-Compilation-Requirements -- /Applications/Xcode_26.6.app/Contents/Developer/Toolchains/XcodeDefault.xctoolchain/usr/bin/swiftc -module-name Orange_Cloud -O -whole-module-optimization @/Users/runner/work/orange-cloud/orange-cloud/orange-cloud/apps/ios/Orange\ Cloud/build/Build/Intermediates.noindex/Orange\ Cloud.build/Release-iphoneos/Orange\ Cloud.build/Objects-normal/arm64/Orange\ Cloud.SwiftFileList -DOPENSOURCE_UNLOCKED -D OPENSOURCE_UNLOCKED -default-isolation\=MainActor -enable-bare-slash-regex -enable-upcoming-feature DisableOutwardActorInference -enable-upcoming-feature InferSendableFromCaptures -enable-upcoming-feature GlobalActorIsolatedTypesUsability -enable-upcoming-feature MemberImportVisibility -enable-upcoming-feature InferIsolatedConformances -enable-upcoming-feature NonisolatedNonsendingByDefault -enable-experimental-feature DebugDescriptionMacro -sdk /Applications/Xcode_26.6.app/Contents/Developer/Platforms/iPhoneOS.platform/Developer/SDKs/iPhoneOS26.5.sdk -target arm64-apple-ios17.0 -g -module-cache-path /Users/runner/work/orange-cloud/orange-cloud/orange-cloud/apps/ios/Orange\ Cloud/build/ModuleCache.noindex -Xfrontend -serialize-debugging-options -swift-version 5 -I /Users/runner/work/orange-cloud/orange-cloud/orange-cloud/apps/ios/Orange\ Cloud/build/Build/Products/Release-iphoneos -F /Users/runner/work/orange-cloud/orange-cloud/orange-cloud/apps/ios/Orange\ Cloud/build/Build/Products/Release-iphoneos/PackageFrameworks -F /Users/runner/work/orange-cloud/orange-cloud/orange-cloud/apps/ios/Orange\ Cloud/build/Build/Products/Release-iphoneos -emit-localized-strings -emit-localized-strings-path /Users/runner/work/orange-cloud/orange-cloud/orange-cloud/apps/ios/Orange\ Cloud/build/Build/Intermediates.noindex/Orange\ Cloud.build/Release-iphoneos/Orange\ Cloud.build/Objects-normal/arm64 -c -num-threads 3 -Xcc -ivfsstatcache -Xcc /Users/runner/work/orange-cloud/orange-cloud/orange-cloud/apps/ios/Orange\ Cloud/build/SDKStatCaches.noindex/iphoneos26.5-23F81a-688ef53f1462e2c8f657fdc38a81448fee66e23052a0157c865c76b268046726.sdkstatcache -output-file-map /Users/runner/work/orange-cloud/orange-cloud/orange-cloud/apps/ios/Orange\ Cloud/build/Build/Intermediates.noindex/Orange\ Cloud.build/Release-iphoneos/Orange\ Cloud.build/Objects-normal/arm64/Orange\ Cloud-OutputFileMap.json -use-frontend-parseable-output -save-temps -no-color-diagnostics -explicit-module-build -module-cache-path /Users/runner/work/orange-cloud/orange-cloud/orange-cloud/apps/ios/Orange\ Cloud/build/Build/Intermediates.noindex/SwiftExplicitPrecompiledModules -clang-scanner-module-cache-path /Users/runner/work/orange-cloud/orange-cloud/orange-cloud/apps/ios/Orange\ Cloud/build/ModuleCache.noindex -sdk-module-cache-path /Users/runner/work/orange-cloud/orange-cloud/orange-cloud/apps/ios/Orange\ Cloud/build/ModuleCache.noindex -serialize-diagnostics -emit-dependencies -emit-module -emit-module-path /Users/runner/work/orange-cloud/orange-cloud/orange-cloud/apps/ios/Orange\ Cloud/build/Build/Intermediates.noindex/Orange\ Cloud.build/Release-iphoneos/Orange\ Cloud.build/Objects-normal/arm64/Orange_Cloud.swiftmodule -validate-clang-modules-once -clang-build-session-file /Users/runner/work/orange-cloud/orange-cloud/orange-cloud/apps/ios/Orange\ Cloud/build/ModuleCache.noindex/Session.modulevalidation -Xcc -I/Users/runner/work/orange-cloud/orange-cloud/orange-cloud/apps/ios/Orange\ Cloud/build/Build/Intermediates.noindex/Orange\ Cloud.build/Release-iphoneos/Orange\ Cloud.build/swift-overrides.hmap -emit-const-values -Xfrontend -const-gather-protocols-file -Xfrontend /Users/runner/work/orange-cloud/orange-cloud/orange-cloud/apps/ios/Orange\ Cloud/build/Build/Intermediates.noindex/Orange\ Cloud.build/Release-iphoneos/Orange\ Cloud.build/Objects-normal/arm64/Orange\ Cloud_const_extract_protocols.json -Xcc -iquote -Xcc /Users/runner/work/orange-cloud/orange-cloud/orange-cloud/apps/ios/Orange\ Cloud/build/Build/Intermediates.noindex/Orange\ Cloud.build/Release-iphoneos/Orange\ Cloud.build/Orange\ Cloud-generated-files.hmap -Xcc -I/Users/runner/work/orange-cloud/orange-cloud/orange-cloud/apps/ios/Orange\ Cloud/build/Build/Intermediates.noindex/Orange\ Cloud.build/Release-iphoneos/Orange\ Cloud.build/Orange\ Cloud-own-target-headers.hmap -Xcc -I/Users/runner/work/orange-cloud/orange-cloud/orange-cloud/apps/ios/Orange\ Cloud/build/Build/Intermediates.noindex/Orange\ Cloud.build/Release-iphoneos/Orange\ Cloud.build/Orange\ Cloud-all-non-framework-target-headers.hmap -Xcc -ivfsoverlay -Xcc /Users/runner/work/orange-cloud/orange-cloud/orange-cloud/apps/ios/Orange\ Cloud/build/Build/Intermediates.noindex/Orange\ Cloud.build/Release-iphoneos/Orange\ Cloud-caa53a888f9e6677ffee03f20a1a9cdb-VFS-iphoneos/all-product-headers.yaml -Xcc -iquote -Xcc /Users/runner/work/orange-cloud/orange-cloud/orange-cloud/apps/ios/Orange\ Cloud/build/Build/Intermediates.noindex/Orange\ Cloud.build/Release-iphoneos/Orange\ Cloud.build/Orange\ Cloud-project-headers.hmap -Xcc -I/Users/runner/work/orange-cloud/orange-cloud/orange-cloud/apps/ios/Orange\ Cloud/build/Build/Products/Release-iphoneos/include -Xcc -I/Users/runner/work/orange-cloud/orange-cloud/orange-cloud/apps/ios/Orange\ Cloud/build/Build/Intermediates.noindex/Orange\ Cloud.build/Release-iphoneos/Orange\ Cloud.build/DerivedSources-normal/arm64 -Xcc -I/Users/runner/work/orange-cloud/orange-cloud/orange-cloud/apps/ios/Orange\ Cloud/build/Build/Intermediates.noindex/Orange\ Cloud.build/Release-iphoneos/Orange\ Cloud.build/DerivedSources/arm64 -Xcc -I/Users/runner/work/orange-cloud/orange-cloud/orange-cloud/apps/ios/Orange\ Cloud/build/Build/Intermediates.noindex/Orange\ Cloud.build/Release-iphoneos/Orange\ Cloud.build/DerivedSources -emit-objc-header -emit-objc-header-path /Users/runner/work/orange-cloud/orange-cloud/orange-cloud/apps/ios/Orange\ Cloud/build/Build/Intermediates.noindex/Orange\ Cloud.build/Release-iphoneos/Orange\ Cloud.build/Objects-normal/arm64/Orange_Cloud-Swift.h -import-objc-header /Users/runner/work/orange-cloud/orange-cloud/orange-cloud/apps/ios/Orange\ Cloud/Orange\ Cloud/OrangeCloud-Bridging-Header.h -working-directory /Users/runner/work/orange-cloud/orange-cloud/orange-cloud/apps/ios/Orange\ Cloud -no-emit-module-separately-wmo

SwiftMergeGeneratedHeaders /Users/runner/work/orange-cloud/orange-cloud/orange-cloud/apps/ios/Orange\ Cloud/build/Build/Intermediates.noindex/Orange\ Cloud.build/Release-iphoneos/Orange\ Cloud.build/DerivedSources/Orange_Cloud-Swift.h /Users/runner/work/orange-cloud/orange-cloud/orange-cloud/apps/ios/Orange\ Cloud/build/Build/Intermediates.noindex/Orange\ Cloud.build/Release-iphoneos/Orange\ Cloud.build/Objects-normal/arm64/Orange_Cloud-Swift.h (in target 'Orange Cloud' from project 'Orange Cloud')
    cd /Users/runner/work/orange-cloud/orange-cloud/orange-cloud/apps/ios/Orange\ Cloud
    builtin-swiftHeaderTool -arch arm64 /Users/runner/work/orange-cloud/orange-cloud/orange-cloud/apps/ios/Orange\ Cloud/build/Build/Intermediates.noindex/Orange\ Cloud.build/Release-iphoneos/Orange\ Cloud.build/Objects-normal/arm64/Orange_Cloud-Swift.h -o /Users/runner/work/orange-cloud/orange-cloud/orange-cloud/apps/ios/Orange\ Cloud/build/Build/Intermediates.noindex/Orange\ Cloud.build/Release-iphoneos/Orange\ Cloud.build/DerivedSources/Orange_Cloud-Swift.h

Copy /Users/runner/work/orange-cloud/orange-cloud/orange-cloud/apps/ios/Orange\ Cloud/build/Build/Products/Release-iphoneos/Orange_Cloud.swiftmodule/arm64-apple-ios.swiftmodule /Users/runner/work/orange-cloud/orange-cloud/orange-cloud/apps/ios/Orange\ Cloud/build/Build/Intermediates.noindex/Orange\ Cloud.build/Release-iphoneos/Orange\ Cloud.build/Objects-normal/arm64/Orange_Cloud.swiftmodule (in target 'Orange Cloud' from project 'Orange Cloud')
    cd /Users/runner/work/orange-cloud/orange-cloud/orange-cloud/apps/ios/Orange\ Cloud
    builtin-copy -exclude .DS_Store -exclude CVS -exclude .svn -exclude .git -exclude .hg -resolve-src-symlinks -rename /Users/runner/work/orange-cloud/orange-cloud/orange-cloud/apps/ios/Orange\ Cloud/build/Build/Intermediates.noindex/Orange\ Cloud.build/Release-iphoneos/Orange\ Cloud.build/Objects-normal/arm64/Orange_Cloud.swiftmodule /Users/runner/work/orange-cloud/orange-cloud/orange-cloud/apps/ios/Orange\ Cloud/build/Build/Products/Release-iphoneos/Orange_Cloud.swiftmodule/arm64-apple-ios.swiftmodule

Copy /Users/runner/work/orange-cloud/orange-cloud/orange-cloud/apps/ios/Orange\ Cloud/build/Build/Products/Release-iphoneos/Orange_Cloud.swiftmodule/arm64-apple-ios.swiftdoc /Users/runner/work/orange-cloud/orange-cloud/orange-cloud/apps/ios/Orange\ Cloud/build/Build/Intermediates.noindex/Orange\ Cloud.build/Release-iphoneos/Orange\ Cloud.build/Objects-normal/arm64/Orange_Cloud.swiftdoc (in target 'Orange Cloud' from project 'Orange Cloud')
    cd /Users/runner/work/orange-cloud/orange-cloud/orange-cloud/apps/ios/Orange\ Cloud
    builtin-copy -exclude .DS_Store -exclude CVS -exclude .svn -exclude .git -exclude .hg -resolve-src-symlinks -rename /Users/runner/work/orange-cloud/orange-cloud/orange-cloud/apps/ios/Orange\ Cloud/build/Build/Intermediates.noindex/Orange\ Cloud.build/Release-iphoneos/Orange\ Cloud.build/Objects-normal/arm64/Orange_Cloud.swiftdoc /Users/runner/work/orange-cloud/orange-cloud/orange-cloud/apps/ios/Orange\ Cloud/build/Build/Products/Release-iphoneos/Orange_Cloud.swiftmodule/arm64-apple-ios.swiftdoc

Copy /Users/runner/work/orange-cloud/orange-cloud/orange-cloud/apps/ios/Orange\ Cloud/build/Build/Products/Release-iphoneos/Orange_Cloud.swiftmodule/arm64-apple-ios.abi.json /Users/runner/work/orange-cloud/orange-cloud/orange-cloud/apps/ios/Orange\ Cloud/build/Build/Intermediates.noindex/Orange\ Cloud.build/Release-iphoneos/Orange\ Cloud.build/Objects-normal/arm64/Orange_Cloud.abi.json (in target 'Orange Cloud' from project 'Orange Cloud')
    cd /Users/runner/work/orange-cloud/orange-cloud/orange-cloud/apps/ios/Orange\ Cloud
    builtin-copy -exclude .DS_Store -exclude CVS -exclude .svn -exclude .git -exclude .hg -resolve-src-symlinks -rename /Users/runner/work/orange-cloud/orange-cloud/orange-cloud/apps/ios/Orange\ Cloud/build/Build/Intermediates.noindex/Orange\ Cloud.build/Release-iphoneos/Orange\ Cloud.build/Objects-normal/arm64/Orange_Cloud.abi.json /Users/runner/work/orange-cloud/orange-cloud/orange-cloud/apps/ios/Orange\ Cloud/build/Build/Products/Release-iphoneos/Orange_Cloud.swiftmodule/arm64-apple-ios.abi.json

Copy /Users/runner/work/orange-cloud/orange-cloud/orange-cloud/apps/ios/Orange\ Cloud/build/Build/Products/Release-iphoneos/Orange_Cloud.swiftmodule/Project/arm64-apple-ios.swiftsourceinfo /Users/runner/work/orange-cloud/orange-cloud/orange-cloud/apps/ios/Orange\ Cloud/build/Build/Intermediates.noindex/Orange\ Cloud.build/Release-iphoneos/Orange\ Cloud.build/Objects-normal/arm64/Orange_Cloud.swiftsourceinfo (in target 'Orange Cloud' from project 'Orange Cloud')
    cd /Users/runner/work/orange-cloud/orange-cloud/orange-cloud/apps/ios/Orange\ Cloud
    builtin-copy -exclude .DS_Store -exclude CVS -exclude .svn -exclude .git -exclude .hg -resolve-src-symlinks -rename /Users/runner/work/orange-cloud/orange-cloud/orange-cloud/apps/ios/Orange\ Cloud/build/Build/Intermediates.noindex/Orange\ Cloud.build/Release-iphoneos/Orange\ Cloud.build/Objects-normal/arm64/Orange_Cloud.swiftsourceinfo /Users/runner/work/orange-cloud/orange-cloud/orange-cloud/apps/ios/Orange\ Cloud/build/Build/Products/Release-iphoneos/Orange_Cloud.swiftmodule/Project/arm64-apple-ios.swiftsourceinfo

ScanDependencies /Users/runner/work/orange-cloud/orange-cloud/orange-cloud/apps/ios/Orange\ Cloud/build/Build/Intermediates.noindex/Orange\ Cloud.build/Release-iphoneos/Orange\ Cloud.build/Objects-normal/arm64/OCExceptionCatcher.o /Users/runner/work/orange-cloud/orange-cloud/orange-cloud/apps/ios/Orange\ Cloud/Orange\ Cloud/Core/System/OCExceptionCatcher.m normal arm64 objective-c com.apple.compilers.llvm.clang.1_0.compiler (in target 'Orange Cloud' from project 'Orange Cloud')
    cd /Users/runner/work/orange-cloud/orange-cloud/orange-cloud/apps/ios/Orange\ Cloud
    
    Using response file: /Users/runner/work/orange-cloud/orange-cloud/orange-cloud/apps/ios/Orange Cloud/build/Build/Intermediates.noindex/Orange Cloud.build/Release-iphoneos/Orange Cloud.build/Objects-normal/arm64/e6072d4f65d7061329687fe24e3d63a7-common-args.resp
    
    builtin-ScanDependencies -o /Users/runner/work/orange-cloud/orange-cloud/orange-cloud/apps/ios/Orange\ Cloud/build/Build/Intermediates.noindex/Orange\ Cloud.build/Release-iphoneos/Orange\ Cloud.build/Objects-normal/arm64/OCExceptionCatcher.o.scan -- /Applications/Xcode_26.6.app/Contents/Developer/Toolchains/XcodeDefault.xctoolchain/usr/bin/clang -x objective-c -ivfsstatcache /Users/runner/work/orange-cloud/orange-cloud/orange-cloud/apps/ios/Orange\ Cloud/build/SDKStatCaches.noindex/iphoneos26.5-23F81a-688ef53f1462e2c8f657fdc38a81448fee66e23052a0157c865c76b268046726.sdkstatcache -target arm64-apple-ios17.0 -fmessage-length\=0 -fdiagnostics-show-note-include-stack -fmacro-backtrace-limit\=0 -fno-color-diagnostics -fmodules-prune-interval\=86400 -fmodules-prune-after\=345600 -fbuild-session-file\=/Users/runner/work/orange-cloud/orange-cloud/orange-cloud/apps/ios/Orange\ Cloud/build/ModuleCache.noindex/Session.modulevalidation -fmodules-validate-once-per-build-session -Wnon-modular-include-in-framework-module -Werror\=non-modular-include-in-framework-module -Wno-trigraphs -Wno-missing-field-initializers -Wno-missing-prototypes -Werror\=return-type -Wdocumentation -Wunreachable-code -Wquoted-include-in-framework-header -Wno-implicit-atomic-properties -Werror\=deprecated-objc-isa-usage -Wno-objc-interface-ivars -Werror\=objc-root-class -Wno-arc-repeated-use-of-weak -Wimplicit-retain-self -Wduplicate-method-match -Wno-missing-braces -Wparentheses -Wswitch -Wunused-function -Wno-unused-label -Wno-unused-parameter -Wunused-variable -Wunused-value -Wempty-body -Wuninitialized -Wconditional-uninitialized -Wno-unknown-pragmas -Wno-shadow -Wno-four-char-constants -Wno-conversion -Wconstant-conversion -Wint-conversion -Wbool-conversion -Wenum-conversion -Wno-float-conversion -Wnon-literal-null-conversion -Wobjc-literal-conversion -Wshorten-64-to-32 -Wpointer-sign -Wno-newline-eof -Wno-selector -Wno-strict-selector-match -Wundeclared-selector -Wdeprecated-implementations -Wno-implicit-fallthrough -isysroot /Applications/Xcode_26.6.app/Contents/Developer/Platforms/iPhoneOS.platform/Developer/SDKs/iPhoneOS26.5.sdk -fstrict-aliasing -Wprotocol -Wdeprecated-declarations -Wno-sign-conversion -Winfinite-recursion -Wcomma -Wblock-capture-autoreleasing -Wstrict-prototypes -Wno-semicolon-before-method-body -Wunguarded-availability @/Users/runner/work/orange-cloud/orange-cloud/orange-cloud/apps/ios/Orange\ Cloud/build/Build/Intermediates.noindex/Orange\ Cloud.build/Release-iphoneos/Orange\ Cloud.build/Objects-normal/arm64/e6072d4f65d7061329687fe24e3d63a7-common-args.resp -MMD -MT dependencies -MF /Users/runner/work/orange-cloud/orange-cloud/orange-cloud/apps/ios/Orange\ Cloud/build/Build/Intermediates.noindex/Orange\ Cloud.build/Release-iphoneos/Orange\ Cloud.build/Objects-normal/arm64/OCExceptionCatcher.d --serialize-diagnostics /Users/runner/work/orange-cloud/orange-cloud/orange-cloud/apps/ios/Orange\ Cloud/build/Build/Intermediates.noindex/Orange\ Cloud.build/Release-iphoneos/Orange\ Cloud.build/Objects-normal/arm64/OCExceptionCatcher.dia -c /Users/runner/work/orange-cloud/orange-cloud/orange-cloud/apps/ios/Orange\ Cloud/Orange\ Cloud/Core/System/OCExceptionCatcher.m -o /Users/runner/work/orange-cloud/orange-cloud/orange-cloud/apps/ios/Orange\ Cloud/build/Build/Intermediates.noindex/Orange\ Cloud.build/Release-iphoneos/Orange\ Cloud.build/Objects-normal/arm64/OCExceptionCatcher.o

PrecompileModule /Users/runner/work/orange-cloud/orange-cloud/orange-cloud/apps/ios/Orange\ Cloud/build/Build/Intermediates.noindex/ExplicitPrecompiledModules/ptrauth-DXR7DSKNUY66NJ7T34E0AJAA8.scan
    cd /
    builtin-precompileModule /Users/runner/work/orange-cloud/orange-cloud/orange-cloud/apps/ios/Orange\ Cloud/build/Build/Intermediates.noindex/ExplicitPrecompiledModules/ptrauth-DXR7DSKNUY66NJ7T34E0AJAA8.scan

PrecompileModule /Users/runner/work/orange-cloud/orange-cloud/orange-cloud/apps/ios/Orange\ Cloud/build/Build/Intermediates.noindex/ExplicitPrecompiledModules/_Builtin_float-DS3UV98IA10WTQ9VFVOR0M6KU.scan
    cd /
    builtin-precompileModule /Users/runner/work/orange-cloud/orange-cloud/orange-cloud/apps/ios/Orange\ Cloud/build/Build/Intermediates.noindex/ExplicitPrecompiledModules/_Builtin_float-DS3UV98IA10WTQ9VFVOR0M6KU.scan

PrecompileModule /Users/runner/work/orange-cloud/orange-cloud/orange-cloud/apps/ios/Orange\ Cloud/build/Build/Intermediates.noindex/ExplicitPrecompiledModules/_AvailabilityInternal-18RK6WBEYO1E7PS9DU9FQPOKL.scan
    cd /
    builtin-precompileModule /Users/runner/work/orange-cloud/orange-cloud/orange-cloud/apps/ios/Orange\ Cloud/build/Build/Intermediates.noindex/ExplicitPrecompiledModules/_AvailabilityInternal-18RK6WBEYO1E7PS9DU9FQPOKL.scan

PrecompileModule /Users/runner/work/orange-cloud/orange-cloud/orange-cloud/apps/ios/Orange\ Cloud/build/Build/Intermediates.noindex/ExplicitPrecompiledModules/_Builtin_stddef-4TEYP8CI7B02MB2348EBVV02R.scan
    cd /
    builtin-precompileModule /Users/runner/work/orange-cloud/orange-cloud/orange-cloud/apps/ios/Orange\ Cloud/build/Build/Intermediates.noindex/ExplicitPrecompiledModules/_Builtin_stddef-4TEYP8CI7B02MB2348EBVV02R.scan

PrecompileModule /Users/runner/work/orange-cloud/orange-cloud/orange-cloud/apps/ios/Orange\ Cloud/build/Build/Intermediates.noindex/ExplicitPrecompiledModules/ptrcheck-2P7E0AE03368M4HD1MU55BPQG.scan
    cd /
    builtin-precompileModule /Users/runner/work/orange-cloud/orange-cloud/orange-cloud/apps/ios/Orange\ Cloud/build/Build/Intermediates.noindex/ExplicitPrecompiledModules/ptrcheck-2P7E0AE03368M4HD1MU55BPQG.scan

PrecompileModule /Users/runner/work/orange-cloud/orange-cloud/orange-cloud/apps/ios/Orange\ Cloud/build/Build/Intermediates.noindex/ExplicitPrecompiledModules/_Builtin_stdbool-7DS9ZG7XVTBE1KF0JONQAP1VR.scan
    cd /
    builtin-precompileModule /Users/runner/work/orange-cloud/orange-cloud/orange-cloud/apps/ios/Orange\ Cloud/build/Build/Intermediates.noindex/ExplicitPrecompiledModules/_Builtin_stdbool-7DS9ZG7XVTBE1KF0JONQAP1VR.scan

PrecompileModule /Users/runner/work/orange-cloud/orange-cloud/orange-cloud/apps/ios/Orange\ Cloud/build/Build/Intermediates.noindex/ExplicitPrecompiledModules/_Builtin_stdarg-1Q286LMJQPH5M7K7AVNX7M3ZV.scan
    cd /
    builtin-precompileModule /Users/runner/work/orange-cloud/orange-cloud/orange-cloud/apps/ios/Orange\ Cloud/build/Build/Intermediates.noindex/ExplicitPrecompiledModules/_Builtin_stdarg-1Q286LMJQPH5M7K7AVNX7M3ZV.scan

PrecompileModule /Users/runner/work/orange-cloud/orange-cloud/orange-cloud/apps/ios/Orange\ Cloud/build/Build/Intermediates.noindex/ExplicitPrecompiledModules/_DarwinFoundation1-5FKUQOJTB3SSSWUHEYYY486DL.scan
    cd /
    builtin-precompileModule /Users/runner/work/orange-cloud/orange-cloud/orange-cloud/apps/ios/Orange\ Cloud/build/Build/Intermediates.noindex/ExplicitPrecompiledModules/_DarwinFoundation1-5FKUQOJTB3SSSWUHEYYY486DL.scan

PrecompileModule /Users/runner/work/orange-cloud/orange-cloud/orange-cloud/apps/ios/Orange\ Cloud/build/Build/Intermediates.noindex/ExplicitPrecompiledModules/_DarwinFoundation2-BV2WM41QT1KMP6ICVZZC7J4OQ.scan
    cd /
    builtin-precompileModule /Users/runner/work/orange-cloud/orange-cloud/orange-cloud/apps/ios/Orange\ Cloud/build/Build/Intermediates.noindex/ExplicitPrecompiledModules/_DarwinFoundation2-BV2WM41QT1KMP6ICVZZC7J4OQ.scan

PrecompileModule /Users/runner/work/orange-cloud/orange-cloud/orange-cloud/apps/ios/Orange\ Cloud/build/Build/Intermediates.noindex/ExplicitPrecompiledModules/_Builtin_limits-ANT3S45MMQ7GP3GZKX73SU3X1.scan
    cd /
    builtin-precompileModule /Users/runner/work/orange-cloud/orange-cloud/orange-cloud/apps/ios/Orange\ Cloud/build/Build/Intermediates.noindex/ExplicitPrecompiledModules/_Builtin_limits-ANT3S45MMQ7GP3GZKX73SU3X1.scan

PrecompileModule /Users/runner/work/orange-cloud/orange-cloud/orange-cloud/apps/ios/Orange\ Cloud/build/Build/Intermediates.noindex/ExplicitPrecompiledModules/_Builtin_stdint-9ZDZT0CMYSAPOLJVPHTCNG65G.scan
    cd /
    builtin-precompileModule /Users/runner/work/orange-cloud/orange-cloud/orange-cloud/apps/ios/Orange\ Cloud/build/Build/Intermediates.noindex/ExplicitPrecompiledModules/_Builtin_stdint-9ZDZT0CMYSAPOLJVPHTCNG65G.scan

PrecompileModule /Users/runner/work/orange-cloud/orange-cloud/orange-cloud/apps/ios/Orange\ Cloud/build/Build/Intermediates.noindex/ExplicitPrecompiledModules/_DarwinFoundation3-760A1DJVKX03RSU0EQ2XH12O4.scan
    cd /
    builtin-precompileModule /Users/runner/work/orange-cloud/orange-cloud/orange-cloud/apps/ios/Orange\ Cloud/build/Build/Intermediates.noindex/ExplicitPrecompiledModules/_DarwinFoundation3-760A1DJVKX03RSU0EQ2XH12O4.scan

PrecompileModule /Users/runner/work/orange-cloud/orange-cloud/orange-cloud/apps/ios/Orange\ Cloud/build/Build/Intermediates.noindex/ExplicitPrecompiledModules/_Builtin_inttypes-E0KJ10HRUR3RMEPAYJJ9NZDML.scan
    cd /
    builtin-precompileModule /Users/runner/work/orange-cloud/orange-cloud/orange-cloud/apps/ios/Orange\ Cloud/build/Build/Intermediates.noindex/ExplicitPrecompiledModules/_Builtin_inttypes-E0KJ10HRUR3RMEPAYJJ9NZDML.scan

PrecompileModule /Users/runner/work/orange-cloud/orange-cloud/orange-cloud/apps/ios/Orange\ Cloud/build/Build/Intermediates.noindex/ExplicitPrecompiledModules/Darwin-EGKVUQV1AJSNRH5J71JUN5X7J.scan
    cd /
    builtin-precompileModule /Users/runner/work/orange-cloud/orange-cloud/orange-cloud/apps/ios/Orange\ Cloud/build/Build/Intermediates.noindex/ExplicitPrecompiledModules/Darwin-EGKVUQV1AJSNRH5J71JUN5X7J.scan

PrecompileModule /Users/runner/work/orange-cloud/orange-cloud/orange-cloud/apps/ios/Orange\ Cloud/build/Build/Intermediates.noindex/ExplicitPrecompiledModules/ObjectiveC-F5A6O9EUGH8LTATMA4LUAUHWG.scan
    cd /
    builtin-precompileModule /Users/runner/work/orange-cloud/orange-cloud/orange-cloud/apps/ios/Orange\ Cloud/build/Build/Intermediates.noindex/ExplicitPrecompiledModules/ObjectiveC-F5A6O9EUGH8LTATMA4LUAUHWG.scan

PrecompileModule /Users/runner/work/orange-cloud/orange-cloud/orange-cloud/apps/ios/Orange\ Cloud/build/Build/Intermediates.noindex/ExplicitPrecompiledModules/os_object-A6WD5M0HNQ2PJKRF49AP11LWM.scan
    cd /
    builtin-precompileModule /Users/runner/work/orange-cloud/orange-cloud/orange-cloud/apps/ios/Orange\ Cloud/build/Build/Intermediates.noindex/ExplicitPrecompiledModules/os_object-A6WD5M0HNQ2PJKRF49AP11LWM.scan

PrecompileModule /Users/runner/work/orange-cloud/orange-cloud/orange-cloud/apps/ios/Orange\ Cloud/build/Build/Intermediates.noindex/ExplicitPrecompiledModules/os_workgroup-EOZYSWEAGGMEDTTGP1H9D5BL3.scan
    cd /
    builtin-precompileModule /Users/runner/work/orange-cloud/orange-cloud/orange-cloud/apps/ios/Orange\ Cloud/build/Build/Intermediates.noindex/ExplicitPrecompiledModules/os_workgroup-EOZYSWEAGGMEDTTGP1H9D5BL3.scan

PrecompileModule /Users/runner/work/orange-cloud/orange-cloud/orange-cloud/apps/ios/Orange\ Cloud/build/Build/Intermediates.noindex/ExplicitPrecompiledModules/Dispatch-3JIMUYTCABJDI5W9IQXSNP1RW.scan
    cd /
    builtin-precompileModule /Users/runner/work/orange-cloud/orange-cloud/orange-cloud/apps/ios/Orange\ Cloud/build/Build/Intermediates.noindex/ExplicitPrecompiledModules/Dispatch-3JIMUYTCABJDI5W9IQXSNP1RW.scan

PrecompileModule /Users/runner/work/orange-cloud/orange-cloud/orange-cloud/apps/ios/Orange\ Cloud/build/Build/Intermediates.noindex/ExplicitPrecompiledModules/CoreFoundation-1DBD4AT3TFFUHAQLWE8VLLKJP.scan
    cd /
    builtin-precompileModule /Users/runner/work/orange-cloud/orange-cloud/orange-cloud/apps/ios/Orange\ Cloud/build/Build/Intermediates.noindex/ExplicitPrecompiledModules/CoreFoundation-1DBD4AT3TFFUHAQLWE8VLLKJP.scan

PrecompileModule /Users/runner/work/orange-cloud/orange-cloud/orange-cloud/apps/ios/Orange\ Cloud/build/Build/Intermediates.noindex/ExplicitPrecompiledModules/XPC-EFS39ZK6TQFLGBJWTUHXOUFVH.scan
    cd /
    builtin-precompileModule /Users/runner/work/orange-cloud/orange-cloud/orange-cloud/apps/ios/Orange\ Cloud/build/Build/Intermediates.noindex/ExplicitPrecompiledModules/XPC-EFS39ZK6TQFLGBJWTUHXOUFVH.scan

PrecompileModule /Users/runner/work/orange-cloud/orange-cloud/orange-cloud/apps/ios/Orange\ Cloud/build/Build/Intermediates.noindex/ExplicitPrecompiledModules/CFNetwork-CN6FM7GHXSB657PRLVLG9T9EM.scan
    cd /
    builtin-precompileModule /Users/runner/work/orange-cloud/orange-cloud/orange-cloud/apps/ios/Orange\ Cloud/build/Build/Intermediates.noindex/ExplicitPrecompiledModules/CFNetwork-CN6FM7GHXSB657PRLVLG9T9EM.scan

PrecompileModule /Users/runner/work/orange-cloud/orange-cloud/orange-cloud/apps/ios/Orange\ Cloud/build/Build/Intermediates.noindex/ExplicitPrecompiledModules/Security-CWYEL04CGW1JIK2V7TSBQ4JTY.scan
    cd /
    builtin-precompileModule /Users/runner/work/orange-cloud/orange-cloud/orange-cloud/apps/ios/Orange\ Cloud/build/Build/Intermediates.noindex/ExplicitPrecompiledModules/Security-CWYEL04CGW1JIK2V7TSBQ4JTY.scan

PrecompileModule /Users/runner/work/orange-cloud/orange-cloud/orange-cloud/apps/ios/Orange\ Cloud/build/Build/Intermediates.noindex/ExplicitPrecompiledModules/Foundation-BXI8D6B8H8V169CC93FTEKSLW.scan
    cd /
    builtin-precompileModule /Users/runner/work/orange-cloud/orange-cloud/orange-cloud/apps/ios/Orange\ Cloud/build/Build/Intermediates.noindex/ExplicitPrecompiledModules/Foundation-BXI8D6B8H8V169CC93FTEKSLW.scan

CompileC /Users/runner/work/orange-cloud/orange-cloud/orange-cloud/apps/ios/Orange\ Cloud/build/Build/Intermediates.noindex/Orange\ Cloud.build/Release-iphoneos/Orange\ Cloud.build/Objects-normal/arm64/OCExceptionCatcher.o /Users/runner/work/orange-cloud/orange-cloud/orange-cloud/apps/ios/Orange\ Cloud/Orange\ Cloud/Core/System/OCExceptionCatcher.m normal arm64 objective-c com.apple.compilers.llvm.clang.1_0.compiler (in target 'Orange Cloud' from project 'Orange Cloud')
    cd /Users/runner/work/orange-cloud/orange-cloud/orange-cloud/apps/ios/Orange\ Cloud
    
    Using response file: /Users/runner/work/orange-cloud/orange-cloud/orange-cloud/apps/ios/Orange Cloud/build/Build/Intermediates.noindex/Orange Cloud.build/Release-iphoneos/Orange Cloud.build/Objects-normal/arm64/e6072d4f65d7061329687fe24e3d63a7-common-args.resp
    
    /Applications/Xcode_26.6.app/Contents/Developer/Toolchains/XcodeDefault.xctoolchain/usr/bin/clang -x objective-c -ivfsstatcache /Users/runner/work/orange-cloud/orange-cloud/orange-cloud/apps/ios/Orange\ Cloud/build/SDKStatCaches.noindex/iphoneos26.5-23F81a-688ef53f1462e2c8f657fdc38a81448fee66e23052a0157c865c76b268046726.sdkstatcache -target arm64-apple-ios17.0 -fmessage-length\=0 -fdiagnostics-show-note-include-stack -fmacro-backtrace-limit\=0 -fno-color-diagnostics -fmodules-prune-interval\=86400 -fmodules-prune-after\=345600 -fbuild-session-file\=/Users/runner/work/orange-cloud/orange-cloud/orange-cloud/apps/ios/Orange\ Cloud/build/ModuleCache.noindex/Session.modulevalidation -fmodules-validate-once-per-build-session -Wnon-modular-include-in-framework-module -Werror\=non-modular-include-in-framework-module -Wno-trigraphs -Wno-missing-field-initializers -Wno-missing-prototypes -Werror\=return-type -Wdocumentation -Wunreachable-code -Wquoted-include-in-framework-header -Wno-implicit-atomic-properties -Werror\=deprecated-objc-isa-usage -Wno-objc-interface-ivars -Werror\=objc-root-class -Wno-arc-repeated-use-of-weak -Wimplicit-retain-self -Wduplicate-method-match -Wno-missing-braces -Wparentheses -Wswitch -Wunused-function -Wno-unused-label -Wno-unused-parameter -Wunused-variable -Wunused-value -Wempty-body -Wuninitialized -Wconditional-uninitialized -Wno-unknown-pragmas -Wno-shadow -Wno-four-char-constants -Wno-conversion -Wconstant-conversion -Wint-conversion -Wbool-conversion -Wenum-conversion -Wno-float-conversion -Wnon-literal-null-conversion -Wobjc-literal-conversion -Wshorten-64-to-32 -Wpointer-sign -Wno-newline-eof -Wno-selector -Wno-strict-selector-match -Wundeclared-selector -Wdeprecated-implementations -Wno-implicit-fallthrough -isysroot /Applications/Xcode_26.6.app/Contents/Developer/Platforms/iPhoneOS.platform/Developer/SDKs/iPhoneOS26.5.sdk -fstrict-aliasing -Wprotocol -Wdeprecated-declarations -Wno-sign-conversion -Winfinite-recursion -Wcomma -Wblock-capture-autoreleasing -Wstrict-prototypes -Wno-semicolon-before-method-body -Wunguarded-availability @/Users/runner/work/orange-cloud/orange-cloud/orange-cloud/apps/ios/Orange\ Cloud/build/Build/Intermediates.noindex/Orange\ Cloud.build/Release-iphoneos/Orange\ Cloud.build/Objects-normal/arm64/e6072d4f65d7061329687fe24e3d63a7-common-args.resp -MMD -MT dependencies -MF /Users/runner/work/orange-cloud/orange-cloud/orange-cloud/apps/ios/Orange\ Cloud/build/Build/Intermediates.noindex/Orange\ Cloud.build/Release-iphoneos/Orange\ Cloud.build/Objects-normal/arm64/OCExceptionCatcher.d --serialize-diagnostics /Users/runner/work/orange-cloud/orange-cloud/orange-cloud/apps/ios/Orange\ Cloud/build/Build/Intermediates.noindex/Orange\ Cloud.build/Release-iphoneos/Orange\ Cloud.build/Objects-normal/arm64/OCExceptionCatcher.dia -c /Users/runner/work/orange-cloud/orange-cloud/orange-cloud/apps/ios/Orange\ Cloud/Orange\ Cloud/Core/System/OCExceptionCatcher.m -o /Users/runner/work/orange-cloud/orange-cloud/orange-cloud/apps/ios/Orange\ Cloud/build/Build/Intermediates.noindex/Orange\ Cloud.build/Release-iphoneos/Orange\ Cloud.build/Objects-normal/arm64/OCExceptionCatcher.o

Ld /Users/runner/work/orange-cloud/orange-cloud/orange-cloud/apps/ios/Orange\ Cloud/build/Build/Products/Release-iphoneos/Orange\ Cloud.app/Orange\ Cloud normal (in target 'Orange Cloud' from project 'Orange Cloud')
    cd /Users/runner/work/orange-cloud/orange-cloud/orange-cloud/apps/ios/Orange\ Cloud
    /Applications/Xcode_26.6.app/Contents/Developer/Toolchains/XcodeDefault.xctoolchain/usr/bin/clang -Xlinker -reproducible -target arm64-apple-ios17.0 -isysroot /Applications/Xcode_26.6.app/Contents/Developer/Platforms/iPhoneOS.platform/Developer/SDKs/iPhoneOS26.5.sdk -Os -L/Users/runner/work/orange-cloud/orange-cloud/orange-cloud/apps/ios/Orange\ Cloud/build/Build/Intermediates.noindex/EagerLinkingTBDs/Release-iphoneos -L/Users/runner/work/orange-cloud/orange-cloud/orange-cloud/apps/ios/Orange\ Cloud/build/Build/Products/Release-iphoneos -F/Users/runner/work/orange-cloud/orange-cloud/orange-cloud/apps/ios/Orange\ Cloud/build/Build/Intermediates.noindex/EagerLinkingTBDs/Release-iphoneos -F/Users/runner/work/orange-cloud/orange-cloud/orange-cloud/apps/ios/Orange\ Cloud/build/Build/Products/Release-iphoneos/PackageFrameworks -F/Users/runner/work/orange-cloud/orange-cloud/orange-cloud/apps/ios/Orange\ Cloud/build/Build/Products/Release-iphoneos -filelist /Users/runner/work/orange-cloud/orange-cloud/orange-cloud/apps/ios/Orange\ Cloud/build/Build/Intermediates.noindex/Orange\ Cloud.build/Release-iphoneos/Orange\ Cloud.build/Objects-normal/arm64/Orange\ Cloud.LinkFileList -Xlinker -rpath -Xlinker /usr/lib/swift -Xlinker -rpath -Xlinker @executable_path/Frameworks -Xlinker -dead_strip -Xlinker -object_path_lto -Xlinker /Users/runner/work/orange-cloud/orange-cloud/orange-cloud/apps/ios/Orange\ Cloud/build/Build/Intermediates.noindex/Orange\ Cloud.build/Release-iphoneos/Orange\ Cloud.build/Objects-normal/arm64/Orange\ Cloud_lto.o -Xlinker -dependency_info -Xlinker /Users/runner/work/orange-cloud/orange-cloud/orange-cloud/apps/ios/Orange\ Cloud/build/Build/Intermediates.noindex/Orange\ Cloud.build/Release-iphoneos/Orange\ Cloud.build/Objects-normal/arm64/Orange\ Cloud_dependency_info.dat -fobjc-arc -fobjc-link-runtime -L/Applications/Xcode_26.6.app/Contents/Developer/Toolchains/XcodeDefault.xctoolchain/usr/lib/swift/iphoneos -L/usr/lib/swift -Xlinker -add_ast_path -Xlinker /Users/runner/work/orange-cloud/orange-cloud/orange-cloud/apps/ios/Orange\ Cloud/build/Build/Intermediates.noindex/Orange\ Cloud.build/Release-iphoneos/Orange\ Cloud.build/Objects-normal/arm64/Orange_Cloud.swiftmodule @/Users/runner/work/orange-cloud/orange-cloud/orange-cloud/apps/ios/Orange\ Cloud/build/Build/Intermediates.noindex/Orange\ Cloud.build/Release-iphoneos/Orange\ Cloud.build/Objects-normal/arm64/Orange_Cloud-linker-args.resp -Wl,-no_warn_duplicate_libraries -lc++ -framework Sentry -o /Users/runner/work/orange-cloud/orange-cloud/orange-cloud/apps/ios/Orange\ Cloud/build/Build/Products/Release-iphoneos/Orange\ Cloud.app/Orange\ Cloud -Xlinker -add_ast_path -Xlinker /Users/runner/work/orange-cloud/orange-cloud/orange-cloud/apps/ios/Orange\ Cloud/build/Build/Intermediates.noindex/Sentry.build/Release-iphoneos/SentryCppHelper.build/Objects-normal/arm64/SentryCppHelper.swiftmodule @/Users/runner/work/orange-cloud/orange-cloud/orange-cloud/apps/ios/Orange\ Cloud/build/Build/Intermediates.noindex/Sentry.build/Release-iphoneos/SentryCppHelper.build/Objects-normal/arm64/SentryCppHelper-linker-args.resp

Copy /Users/runner/work/orange-cloud/orange-cloud/orange-cloud/apps/ios/Orange\ Cloud/build/Build/Products/Release-iphoneos/Orange\ Cloud.app/PlugIns/OrangeCloudWidgetsExtension.appex /Users/runner/work/orange-cloud/orange-cloud/orange-cloud/apps/ios/Orange\ Cloud/build/Build/Products/Release-iphoneos/OrangeCloudWidgetsExtension.appex (in target 'Orange Cloud' from project 'Orange Cloud')
    cd /Users/runner/work/orange-cloud/orange-cloud/orange-cloud/apps/ios/Orange\ Cloud
    builtin-copy -exclude .DS_Store -exclude CVS -exclude .svn -exclude .git -exclude .hg -exclude Headers -exclude PrivateHeaders -exclude Modules -exclude \*.tbd -resolve-src-symlinks -remove-static-executable /Users/runner/work/orange-cloud/orange-cloud/orange-cloud/apps/ios/Orange\ Cloud/build/Build/Products/Release-iphoneos/OrangeCloudWidgetsExtension.appex /Users/runner/work/orange-cloud/orange-cloud/orange-cloud/apps/ios/Orange\ Cloud/build/Build/Products/Release-iphoneos/Orange\ Cloud.app/PlugIns

Copy /Users/runner/work/orange-cloud/orange-cloud/orange-cloud/apps/ios/Orange\ Cloud/build/Build/Products/Release-iphoneos/Orange\ Cloud.app/PlugIns/Orange\ Cloud\ File.appex /Users/runner/work/orange-cloud/orange-cloud/orange-cloud/apps/ios/Orange\ Cloud/build/Build/Products/Release-iphoneos/Orange\ Cloud\ File.appex (in target 'Orange Cloud' from project 'Orange Cloud')
    cd /Users/runner/work/orange-cloud/orange-cloud/orange-cloud/apps/ios/Orange\ Cloud
    builtin-copy -exclude .DS_Store -exclude CVS -exclude .svn -exclude .git -exclude .hg -exclude Headers -exclude PrivateHeaders -exclude Modules -exclude \*.tbd -resolve-src-symlinks -remove-static-executable /Users/runner/work/orange-cloud/orange-cloud/orange-cloud/apps/ios/Orange\ Cloud/build/Build/Products/Release-iphoneos/Orange\ Cloud\ File.appex /Users/runner/work/orange-cloud/orange-cloud/orange-cloud/apps/ios/Orange\ Cloud/build/Build/Products/Release-iphoneos/Orange\ Cloud.app/PlugIns

Copy /Users/runner/work/orange-cloud/orange-cloud/orange-cloud/apps/ios/Orange\ Cloud/build/Build/Products/Release-iphoneos/Orange\ Cloud.app/PlugIns/notification.appex /Users/runner/work/orange-cloud/orange-cloud/orange-cloud/apps/ios/Orange\ Cloud/build/Build/Products/Release-iphoneos/notification.appex (in target 'Orange Cloud' from project 'Orange Cloud')
    cd /Users/runner/work/orange-cloud/orange-cloud/orange-cloud/apps/ios/Orange\ Cloud
    builtin-copy -exclude .DS_Store -exclude CVS -exclude .svn -exclude .git -exclude .hg -exclude Headers -exclude PrivateHeaders -exclude Modules -exclude \*.tbd -resolve-src-symlinks -remove-static-executable /Users/runner/work/orange-cloud/orange-cloud/orange-cloud/apps/ios/Orange\ Cloud/build/Build/Products/Release-iphoneos/notification.appex /Users/runner/work/orange-cloud/orange-cloud/orange-cloud/apps/ios/Orange\ Cloud/build/Build/Products/Release-iphoneos/Orange\ Cloud.app/PlugIns

Copy /Users/runner/work/orange-cloud/orange-cloud/orange-cloud/apps/ios/Orange\ Cloud/build/Build/Products/Release-iphoneos/Orange\ Cloud.app/Watch/Orange\ Cloud\ Watch\ Watch\ App.app /Users/runner/work/orange-cloud/orange-cloud/orange-cloud/apps/ios/Orange\ Cloud/build/Build/Products/Release-watchos/Orange\ Cloud\ Watch\ Watch\ App.app (in target 'Orange Cloud' from project 'Orange Cloud')
    cd /Users/runner/work/orange-cloud/orange-cloud/orange-cloud/apps/ios/Orange\ Cloud
    builtin-copy -exclude .DS_Store -exclude CVS -exclude .svn -exclude .git -exclude .hg -exclude Headers -exclude PrivateHeaders -exclude Modules -exclude \*.tbd -resolve-src-symlinks -remove-static-executable /Users/runner/work/orange-cloud/orange-cloud/orange-cloud/apps/ios/Orange\ Cloud/build/Build/Products/Release-watchos/Orange\ Cloud\ Watch\ Watch\ App.app /Users/runner/work/orange-cloud/orange-cloud/orange-cloud/apps/ios/Orange\ Cloud/build/Build/Products/Release-iphoneos/Orange\ Cloud.app/Watch

ProcessInfoPlistFile /Users/runner/work/orange-cloud/orange-cloud/orange-cloud/apps/ios/Orange\ Cloud/build/Build/Products/Release-iphoneos/Orange\ Cloud.app/Info.plist /Users/runner/work/orange-cloud/orange-cloud/orange-cloud/apps/ios/Orange\ Cloud/Orange\ Cloud/Info.plist (in target 'Orange Cloud' from project 'Orange Cloud')
    cd /Users/runner/work/orange-cloud/orange-cloud/orange-cloud/apps/ios/Orange\ Cloud
    builtin-infoPlistUtility /Users/runner/work/orange-cloud/orange-cloud/orange-cloud/apps/ios/Orange\ Cloud/Orange\ Cloud/Info.plist -producttype com.apple.product-type.application -genpkginfo /Users/runner/work/orange-cloud/orange-cloud/orange-cloud/apps/ios/Orange\ Cloud/build/Build/Products/Release-iphoneos/Orange\ Cloud.app/PkgInfo -expandbuildsettings -format binary -platform iphoneos -additionalcontentfile /Users/runner/work/orange-cloud/orange-cloud/orange-cloud/apps/ios/Orange\ Cloud/build/Build/Intermediates.noindex/Orange\ Cloud.build/Release-iphoneos/Orange\ Cloud.build/assetcatalog_generated_info.plist -scanforprivacyfile /Users/runner/work/orange-cloud/orange-cloud/orange-cloud/apps/ios/Orange\ Cloud/build/Build/Products/Release-iphoneos/Orange\ Cloud.app/Frameworks/Sentry.framework -scanforprivacyfile /Users/runner/work/orange-cloud/orange-cloud/orange-cloud/apps/ios/Orange\ Cloud/build/Build/Products/Release-iphoneos/Orange\ Cloud.app/PlugIns/Orange\ Cloud\ File.appex -scanforprivacyfile /Users/runner/work/orange-cloud/orange-cloud/orange-cloud/apps/ios/Orange\ Cloud/build/Build/Products/Release-iphoneos/Orange\ Cloud.app/PlugIns/OrangeCloudWidgetsExtension.appex -scanforprivacyfile /Users/runner/work/orange-cloud/orange-cloud/orange-cloud/apps/ios/Orange\ Cloud/build/Build/Products/Release-iphoneos/Orange\ Cloud.app/PlugIns/notification.appex -scanforprivacyfile /Users/runner/work/orange-cloud/orange-cloud/orange-cloud/apps/ios/Orange\ Cloud/build/Build/Products/Release-iphoneos/Orange\ Cloud.app/Watch/Orange\ Cloud\ Watch\ Watch\ App.app -requiredArchitecture arm64 -o /Users/runner/work/orange-cloud/orange-cloud/orange-cloud/apps/ios/Orange\ Cloud/build/Build/Products/Release-iphoneos/Orange\ Cloud.app/Info.plist

ExtractAppIntentsMetadata (in target 'Orange Cloud' from project 'Orange Cloud')
    cd /Users/runner/work/orange-cloud/orange-cloud/orange-cloud/apps/ios/Orange\ Cloud
    /Applications/Xcode_26.6.app/Contents/Developer/Toolchains/XcodeDefault.xctoolchain/usr/bin/appintentsmetadataprocessor --toolchain-dir /var/run/com.apple.security.cryptexd/mnt/com.apple.MobileAsset.MetalToolchain-v17.6.109.0.1I2beg/Metal.xctoolchain --module-name Orange_Cloud --sdk-root /Applications/Xcode_26.6.app/Contents/Developer/Platforms/iPhoneOS.platform/Developer/SDKs/iPhoneOS26.5.sdk --xcode-version 17F113 --platform-family iOS --deployment-target 17.0 --bundle-identifier jiamin.chen.orange-cloud --output /Users/runner/work/orange-cloud/orange-cloud/orange-cloud/apps/ios/Orange\ Cloud/build/Build/Products/Release-iphoneos/Orange\ Cloud.app --target-triple arm64-apple-ios17.0 --binary-file /Users/runner/work/orange-cloud/orange-cloud/orange-cloud/apps/ios/Orange\ Cloud/build/Build/Products/Release-iphoneos/Orange\ Cloud.app/Orange\ Cloud --dependency-file /Users/runner/work/orange-cloud/orange-cloud/orange-cloud/apps/ios/Orange\ Cloud/build/Build/Intermediates.noindex/Orange\ Cloud.build/Release-iphoneos/Orange\ Cloud.build/Objects-normal/arm64/Orange\ Cloud_dependency_info.dat --stringsdata-file /Users/runner/work/orange-cloud/orange-cloud/orange-cloud/apps/ios/Orange\ Cloud/build/Build/Intermediates.noindex/Orange\ Cloud.build/Release-iphoneos/Orange\ Cloud.build/Objects-normal/arm64/ExtractedAppShortcutsMetadata.stringsdata --source-file-list /Users/runner/work/orange-cloud/orange-cloud/orange-cloud/apps/ios/Orange\ Cloud/build/Build/Intermediates.noindex/Orange\ Cloud.build/Release-iphoneos/Orange\ Cloud.build/Objects-normal/arm64/Orange\ Cloud.SwiftFileList --metadata-file-list /Users/runner/work/orange-cloud/orange-cloud/orange-cloud/apps/ios/Orange\ Cloud/build/Build/Intermediates.noindex/Orange\ Cloud.build/Release-iphoneos/Orange\ Cloud.build/Orange\ Cloud.DependencyMetadataFileList --static-metadata-file-list /Users/runner/work/orange-cloud/orange-cloud/orange-cloud/apps/ios/Orange\ Cloud/build/Build/Intermediates.noindex/Orange\ Cloud.build/Release-iphoneos/Orange\ Cloud.build/Orange\ Cloud.DependencyStaticMetadataFileList --swift-const-vals-list /Users/runner/work/orange-cloud/orange-cloud/orange-cloud/apps/ios/Orange\ Cloud/build/Build/Intermediates.noindex/Orange\ Cloud.build/Release-iphoneos/Orange\ Cloud.build/Objects-normal/arm64/Orange\ Cloud.SwiftConstValuesFileList --compile-time-extraction --deployment-aware-processing --validate-assistant-intents
2026-08-23 03:32:57.345 appintentsmetadataprocessor[13952:42330] Starting appintentsmetadataprocessor export
2026-08-23 03:32:57.464 appintentsmetadataprocessor[13952:42330] Writing Metadata.appintents
2026-08-23 03:32:57.465 appintentsmetadataprocessor[13952:42330] Metadata root: /Users/runner/work/orange-cloud/orange-cloud/orange-cloud/apps/ios/Orange Cloud/build/Build/Products/Release-iphoneos/Orange Cloud.app/Metadata.appintents

CopySwiftLibs /Users/runner/work/orange-cloud/orange-cloud/orange-cloud/apps/ios/Orange\ Cloud/build/Build/Products/Release-iphoneos/Orange\ Cloud.app (in target 'Orange Cloud' from project 'Orange Cloud')
    cd /Users/runner/work/orange-cloud/orange-cloud/orange-cloud/apps/ios/Orange\ Cloud
    builtin-swiftStdLibTool --copy --verbose --scan-executable /Users/runner/work/orange-cloud/orange-cloud/orange-cloud/apps/ios/Orange\ Cloud/build/Build/Products/Release-iphoneos/Orange\ Cloud.app/Orange\ Cloud --scan-folder /Users/runner/work/orange-cloud/orange-cloud/orange-cloud/apps/ios/Orange\ Cloud/build/Build/Products/Release-iphoneos/Orange\ Cloud.app/Frameworks --scan-folder /Users/runner/work/orange-cloud/orange-cloud/orange-cloud/apps/ios/Orange\ Cloud/build/Build/Products/Release-iphoneos/Orange\ Cloud.app/PlugIns --scan-folder /Users/runner/work/orange-cloud/orange-cloud/orange-cloud/apps/ios/Orange\ Cloud/build/Build/Products/Release-iphoneos/Orange\ Cloud.app/SystemExtensions --scan-folder /Users/runner/work/orange-cloud/orange-cloud/orange-cloud/apps/ios/Orange\ Cloud/build/Build/Products/Release-iphoneos/Orange\ Cloud.app/Extensions --platform iphoneos --toolchain /var/run/com.apple.security.cryptexd/mnt/com.apple.MobileAsset.MetalToolchain-v17.6.109.0.1I2beg/Metal.xctoolchain --toolchain /Applications/Xcode_26.6.app/Contents/Developer/Toolchains/XcodeDefault.xctoolchain --destination /Users/runner/work/orange-cloud/orange-cloud/orange-cloud/apps/ios/Orange\ Cloud/build/Build/Products/Release-iphoneos/Orange\ Cloud.app/Frameworks --strip-bitcode --strip-bitcode-tool /Applications/Xcode_26.6.app/Contents/Developer/Toolchains/XcodeDefault.xctoolchain/usr/bin/bitcode_strip --emit-dependency-info /Users/runner/work/orange-cloud/orange-cloud/orange-cloud/apps/ios/Orange\ Cloud/build/Build/Intermediates.noindex/Orange\ Cloud.build/Release-iphoneos/Orange\ Cloud.build/SwiftStdLibToolInputDependencies.dep --filter-for-swift-os --back-deploy-swift-span
Ignoring --strip-bitcode because --sign was not passed

ValidateEmbeddedBinary /Users/runner/work/orange-cloud/orange-cloud/orange-cloud/apps/ios/Orange\ Cloud/build/Build/Products/Release-iphoneos/Orange\ Cloud.app/Watch/Orange\ Cloud\ Watch\ Watch\ App.app (in target 'Orange Cloud' from project 'Orange Cloud')
    cd /Users/runner/work/orange-cloud/orange-cloud/orange-cloud/apps/ios/Orange\ Cloud
    /Applications/Xcode_26.6.app/Contents/Developer/usr/bin/embeddedBinaryValidationUtility /Users/runner/work/orange-cloud/orange-cloud/orange-cloud/apps/ios/Orange\ Cloud/build/Build/Products/Release-iphoneos/Orange\ Cloud.app/Watch/Orange\ Cloud\ Watch\ Watch\ App.app -info-plist-path /Users/runner/work/orange-cloud/orange-cloud/orange-cloud/apps/ios/Orange\ Cloud/build/Build/Products/Release-iphoneos/Orange\ Cloud.app/Info.plist

ValidateEmbeddedBinary /Users/runner/work/orange-cloud/orange-cloud/orange-cloud/apps/ios/Orange\ Cloud/build/Build/Products/Release-iphoneos/Orange\ Cloud.app/PlugIns/notification.appex (in target 'Orange Cloud' from project 'Orange Cloud')
    cd /Users/runner/work/orange-cloud/orange-cloud/orange-cloud/apps/ios/Orange\ Cloud
    /Applications/Xcode_26.6.app/Contents/Developer/usr/bin/embeddedBinaryValidationUtility /Users/runner/work/orange-cloud/orange-cloud/orange-cloud/apps/ios/Orange\ Cloud/build/Build/Products/Release-iphoneos/Orange\ Cloud.app/PlugIns/notification.appex -info-plist-path /Users/runner/work/orange-cloud/orange-cloud/orange-cloud/apps/ios/Orange\ Cloud/build/Build/Products/Release-iphoneos/Orange\ Cloud.app/Info.plist

ValidateEmbeddedBinary /Users/runner/work/orange-cloud/orange-cloud/orange-cloud/apps/ios/Orange\ Cloud/build/Build/Products/Release-iphoneos/Orange\ Cloud.app/PlugIns/OrangeCloudWidgetsExtension.appex (in target 'Orange Cloud' from project 'Orange Cloud')
    cd /Users/runner/work/orange-cloud/orange-cloud/orange-cloud/apps/ios/Orange\ Cloud
    /Applications/Xcode_26.6.app/Contents/Developer/usr/bin/embeddedBinaryValidationUtility /Users/runner/work/orange-cloud/orange-cloud/orange-cloud/apps/ios/Orange\ Cloud/build/Build/Products/Release-iphoneos/Orange\ Cloud.app/PlugIns/OrangeCloudWidgetsExtension.appex -info-plist-path /Users/runner/work/orange-cloud/orange-cloud/orange-cloud/apps/ios/Orange\ Cloud/build/Build/Products/Release-iphoneos/Orange\ Cloud.app/Info.plist

ValidateEmbeddedBinary /Users/runner/work/orange-cloud/orange-cloud/orange-cloud/apps/ios/Orange\ Cloud/build/Build/Products/Release-iphoneos/Orange\ Cloud.app/PlugIns/Orange\ Cloud\ File.appex (in target 'Orange Cloud' from project 'Orange Cloud')
    cd /Users/runner/work/orange-cloud/orange-cloud/orange-cloud/apps/ios/Orange\ Cloud
    /Applications/Xcode_26.6.app/Contents/Developer/usr/bin/embeddedBinaryValidationUtility /Users/runner/work/orange-cloud/orange-cloud/orange-cloud/apps/ios/Orange\ Cloud/build/Build/Products/Release-iphoneos/Orange\ Cloud.app/PlugIns/Orange\ Cloud\ File.appex -info-plist-path /Users/runner/work/orange-cloud/orange-cloud/orange-cloud/apps/ios/Orange\ Cloud/build/Build/Products/Release-iphoneos/Orange\ Cloud.app/Info.plist

ValidateAppShortcutStringsMetadata (in target 'Orange Cloud' from project 'Orange Cloud')
    cd /Users/runner/work/orange-cloud/orange-cloud/orange-cloud/apps/ios/Orange\ Cloud
    /Applications/Xcode_26.6.app/Contents/Developer/Toolchains/XcodeDefault.xctoolchain/usr/bin/appshortcutstringsprocessor --source-file /Users/runner/work/orange-cloud/orange-cloud/orange-cloud/apps/ios/Orange\ Cloud/Orange\ Cloud/AppShortcuts.xcstrings --input-data-path /Users/runner/work/orange-cloud/orange-cloud/orange-cloud/apps/ios/Orange\ Cloud/build/Build/Products/Release-iphoneos/Orange\ Cloud.app/Metadata.appintents --platform-family iOS --deployment-target 17.0 --validate-assistant-intents --metadata-file-list /Users/runner/work/orange-cloud/orange-cloud/orange-cloud/apps/ios/Orange\ Cloud/build/Build/Intermediates.noindex/Orange\ Cloud.build/Release-iphoneos/Orange\ Cloud.build/Orange\ Cloud.DependencyMetadataFileList

GenerateDSYMFile /Users/runner/work/orange-cloud/orange-cloud/orange-cloud/apps/ios/Orange\ Cloud/build/Build/Products/Release-iphoneos/Orange\ Cloud.app.dSYM /Users/runner/work/orange-cloud/orange-cloud/orange-cloud/apps/ios/Orange\ Cloud/build/Build/Products/Release-iphoneos/Orange\ Cloud.app/Orange\ Cloud (in target 'Orange Cloud' from project 'Orange Cloud')
    cd /Users/runner/work/orange-cloud/orange-cloud/orange-cloud/apps/ios/Orange\ Cloud
    /Applications/Xcode_26.6.app/Contents/Developer/Toolchains/XcodeDefault.xctoolchain/usr/bin/dsymutil /Users/runner/work/orange-cloud/orange-cloud/orange-cloud/apps/ios/Orange\ Cloud/build/Build/Products/Release-iphoneos/Orange\ Cloud.app/Orange\ Cloud -o /Users/runner/work/orange-cloud/orange-cloud/orange-cloud/apps/ios/Orange\ Cloud/build/Build/Products/Release-iphoneos/Orange\ Cloud.app.dSYM

AppIntentsSSUTraining (in target 'Orange Cloud' from project 'Orange Cloud')
    cd /Users/runner/work/orange-cloud/orange-cloud/orange-cloud/apps/ios/Orange\ Cloud
    /Applications/Xcode_26.6.app/Contents/Developer/Toolchains/XcodeDefault.xctoolchain/usr/bin/appintentsnltrainingprocessor --infoplist-path /Users/runner/work/orange-cloud/orange-cloud/orange-cloud/apps/ios/Orange\ Cloud/build/Build/Products/Release-iphoneos/Orange\ Cloud.app/Info.plist --temp-dir-path /Users/runner/work/orange-cloud/orange-cloud/orange-cloud/apps/ios/Orange\ Cloud/build/Build/Intermediates.noindex/Orange\ Cloud.build/Release-iphoneos/Orange\ Cloud.build/ssu --bundle-id jiamin.chen.orange-cloud --product-path /Users/runner/work/orange-cloud/orange-cloud/orange-cloud/apps/ios/Orange\ Cloud/build/Build/Products/Release-iphoneos/Orange\ Cloud.app --extracted-metadata-path /Users/runner/work/orange-cloud/orange-cloud/orange-cloud/apps/ios/Orange\ Cloud/build/Build/Products/Release-iphoneos/Orange\ Cloud.app/Metadata.appintents --metadata-file-list /Users/runner/work/orange-cloud/orange-cloud/orange-cloud/apps/ios/Orange\ Cloud/build/Build/Intermediates.noindex/Orange\ Cloud.build/Release-iphoneos/Orange\ Cloud.build/Orange\ Cloud.DependencyMetadataFileList --source-file /Users/runner/work/orange-cloud/orange-cloud/orange-cloud/apps/ios/Orange\ Cloud/build/Build/Products/Release-iphoneos/Orange\ Cloud.app/Info.plist --source-file /Users/runner/work/orange-cloud/orange-cloud/orange-cloud/apps/ios/Orange\ Cloud/Orange\ Cloud/AppShortcuts.xcstrings --archive-ssu-assets
2026-08-23 03:32:59.770 appintentsnltrainingprocessor[13963:42396] Parsing options for appintentsnltrainingprocessor
2026-08-23 03:32:59.771 appintentsnltrainingprocessor[13963:42396] Starting AppIntents SSU YAML Generation
2026-08-23 03:32:59.812 appintentsnltrainingprocessor[13963:42396] Training '用 ${+applicationName} 查網域|查詢 ${+applicationName} 網域狀態' for zh-Hant
2026-08-23 03:32:59.814 appintentsnltrainingprocessor[13963:42396] Training '${+applicationName}에서 도메인 확인|${+applicationName} 도메인 상태 확인' for ko
2026-08-23 03:32:59.815 appintentsnltrainingprocessor[13963:42396] Training 'Consultar domínios com o ${+applicationName}|Ver estado dos domínios no ${+applicationName}' for pt-PT
2026-08-23 03:32:59.816 appintentsnltrainingprocessor[13963:42396] Training 'تحقق من النطاقات باستخدام ${+applicationName}|تحقق من حالة النطاقات في ${+applicationName}' for ar
2026-08-23 03:32:59.817 appintentsnltrainingprocessor[13963:42396] Training '用 ${+applicationName} 查域名|查询 ${+applicationName} 域名状态' for zh-Hans
2026-08-23 03:32:59.818 appintentsnltrainingprocessor[13963:42396] Training 'Domains mit ${+applicationName} prüfen|Domain-Status in ${+applicationName} prüfen' for de
2026-08-23 03:32:59.818 appintentsnltrainingprocessor[13963:42396] Training 'Check domains with ${+applicationName}|Check ${+applicationName} domain status' for en
2026-08-23 03:32:59.818 appintentsnltrainingprocessor[13963:42396] Training 'Vérifier les domaines avec ${+applicationName}|Vérifier l’état des domaines dans ${+applicationName}' for fr
2026-08-23 03:32:59.819 appintentsnltrainingprocessor[13963:42396] Training 'Consultar domínios com o ${+applicationName}|Ver status dos domínios no ${+applicationName}' for pt-BR
2026-08-23 03:32:59.819 appintentsnltrainingprocessor[13963:42396] Training 'Consultar dominios con ${+applicationName}|Ver estado del dominio en ${+applicationName}' for es-MX
2026-08-23 03:32:59.820 appintentsnltrainingprocessor[13963:42396] Training '${+applicationName}でドメインを確認|${+applicationName}のドメイン状態を確認' for ja
2026-08-23 03:32:59.820 appintentsnltrainingprocessor[13963:42396] Training '${+applicationName} ile alan adlarını kontrol et|${+applicationName} ile alan adı durumunu kontrol et' for tr
2026-08-23 03:32:59.821 appintentsnltrainingprocessor[13963:42396] Training '用 ${+applicationName} 查域名|查詢 ${+applicationName} 域名狀態' for zh-HK
2026-08-23 03:32:59.821 appintentsnltrainingprocessor[13963:42396] Training '開啟 ${+applicationName}' for zh-Hant
2026-08-23 03:32:59.821 appintentsnltrainingprocessor[13963:42396] Training '${+applicationName} 열기' for ko
2026-08-23 03:32:59.821 appintentsnltrainingprocessor[13963:42396] Training 'Abrir o ${+applicationName}' for pt-PT
2026-08-23 03:32:59.821 appintentsnltrainingprocessor[13963:42396] Training 'افتح ${+applicationName}' for ar
2026-08-23 03:32:59.821 appintentsnltrainingprocessor[13963:42396] Training '打开 ${+applicationName}' for zh-Hans
2026-08-23 03:32:59.822 appintentsnltrainingprocessor[13963:42396] Training '${+applicationName} öffnen' for de
2026-08-23 03:32:59.822 appintentsnltrainingprocessor[13963:42396] Training 'Open ${+applicationName}' for en
2026-08-23 03:32:59.822 appintentsnltrainingprocessor[13963:42396] Training 'Ouvrir ${+applicationName}' for fr
2026-08-23 03:32:59.822 appintentsnltrainingprocessor[13963:42396] Training 'Abrir o ${+applicationName}' for pt-BR
2026-08-23 03:32:59.822 appintentsnltrainingprocessor[13963:42396] Training 'Abrir ${+applicationName}' for es-MX
2026-08-23 03:32:59.822 appintentsnltrainingprocessor[13963:42396] Training '${+applicationName}を開く' for ja
2026-08-23 03:32:59.823 appintentsnltrainingprocessor[13963:42396] Training '${+applicationName} uygulamasını aç' for tr
2026-08-23 03:32:59.823 appintentsnltrainingprocessor[13963:42396] Training '開啟 ${+applicationName}' for zh-HK
2026-08-23 03:32:59.823 appintentsnltrainingprocessor[13963:42396] Training Negative Phrases '' for zh-Hant
2026-08-23 03:32:59.823 appintentsnltrainingprocessor[13963:42396] Training Negative Phrases '' for ko
2026-08-23 03:32:59.823 appintentsnltrainingprocessor[13963:42396] Training Negative Phrases '' for pt-PT
2026-08-23 03:32:59.823 appintentsnltrainingprocessor[13963:42396] Training Negative Phrases '' for ar
2026-08-23 03:32:59.823 appintentsnltrainingprocessor[13963:42396] Training Negative Phrases '' for zh-Hans
2026-08-23 03:32:59.823 appintentsnltrainingprocessor[13963:42396] Training Negative Phrases '' for de
2026-08-23 03:32:59.823 appintentsnltrainingprocessor[13963:42396] Training Negative Phrases '' for en
2026-08-23 03:32:59.823 appintentsnltrainingprocessor[13963:42396] Training Negative Phrases '' for fr
2026-08-23 03:32:59.823 appintentsnltrainingprocessor[13963:42396] Training Negative Phrases '' for pt-BR
2026-08-23 03:32:59.824 appintentsnltrainingprocessor[13963:42396] Training Negative Phrases '' for es-MX
2026-08-23 03:32:59.824 appintentsnltrainingprocessor[13963:42396] Training Negative Phrases '' for ja
2026-08-23 03:32:59.824 appintentsnltrainingprocessor[13963:42396] Training Negative Phrases '' for tr
2026-08-23 03:32:59.824 appintentsnltrainingprocessor[13963:42396] Training Negative Phrases '' for zh-HK
2026-08-23 03:32:59.824 appintentsnltrainingprocessor[13963:42396] Application name 'Orange Cloud' for zh-Hant
2026-08-23 03:32:59.824 appintentsnltrainingprocessor[13963:42396] Application name 'Orange Cloud' for ko
2026-08-23 03:32:59.824 appintentsnltrainingprocessor[13963:42396] Application name 'Orange Cloud' for pt-PT
2026-08-23 03:32:59.824 appintentsnltrainingprocessor[13963:42396] Application name 'Orange Cloud' for ar
2026-08-23 03:32:59.824 appintentsnltrainingprocessor[13963:42396] Application name 'Orange Cloud' for zh-Hans
2026-08-23 03:32:59.824 appintentsnltrainingprocessor[13963:42396] Application name 'Orange Cloud' for de
2026-08-23 03:32:59.824 appintentsnltrainingprocessor[13963:42396] Application name 'Orange Cloud' for en
2026-08-23 03:32:59.824 appintentsnltrainingprocessor[13963:42396] Application name 'Orange Cloud' for fr
2026-08-23 03:32:59.824 appintentsnltrainingprocessor[13963:42396] Application name 'Orange Cloud' for pt-BR
2026-08-23 03:32:59.824 appintentsnltrainingprocessor[13963:42396] Application name 'Orange Cloud' for es-MX
2026-08-23 03:32:59.824 appintentsnltrainingprocessor[13963:42396] Application name 'Orange Cloud' for ja
2026-08-23 03:32:59.824 appintentsnltrainingprocessor[13963:42396] Application name 'Orange Cloud' for tr
2026-08-23 03:32:59.824 appintentsnltrainingprocessor[13963:42396] Application name 'Orange Cloud' for zh-HK
2026-08-23 03:33:00.305 appintentsnltrainingprocessor[13963:42396] Generated AppIntents SSU YAML files in file:///Users/runner/work/orange-cloud/orange-cloud/orange-cloud/apps/ios/Orange
2026-08-23 03:33:00.305 appintentsnltrainingprocessor[13963:42396] Copied AppIntents SSU YAML files to file:///Users/runner/work/orange-cloud/orange-cloud/orange-cloud/apps/ios/Orange
Archiving all locales.
[------------------------------------------------------------] 0% archiving de[🁢🁢🁢🁢--------------------------------------------------------] 7% archived de[🁢🁢🁢🁢--------------------------------------------------------] 7% archiving en[🁢🁢🁢🁢🁢🁢🁢🁢🁢---------------------------------------------------] 15% archived en[🁢🁢🁢🁢🁢🁢🁢🁢🁢---------------------------------------------------] 15% archiving es-MX[🁢🁢🁢🁢🁢🁢🁢🁢🁢🁢🁢🁢🁢-----------------------------------------------] 23% archived es-MX[🁢🁢🁢🁢🁢🁢🁢🁢🁢🁢🁢🁢🁢-----------------------------------------------] 23% archiving fr[🁢🁢🁢🁢🁢🁢🁢🁢🁢🁢🁢🁢🁢🁢🁢🁢🁢🁢------------------------------------------] 30% archived fr[🁢🁢🁢🁢🁢🁢🁢🁢🁢🁢🁢🁢🁢🁢🁢🁢🁢🁢------------------------------------------] 30% archiving ja[🁢🁢🁢🁢🁢🁢🁢🁢🁢🁢🁢🁢🁢🁢🁢🁢🁢🁢🁢🁢🁢🁢🁢-------------------------------------] 38% archived ja[🁢🁢🁢🁢🁢🁢🁢🁢🁢🁢🁢🁢🁢🁢🁢🁢🁢🁢🁢🁢🁢🁢🁢-------------------------------------] 38% archiving zh-Hans[🁢🁢🁢🁢🁢🁢🁢🁢🁢🁢🁢🁢🁢🁢🁢🁢🁢🁢🁢🁢🁢🁢🁢🁢🁢🁢🁢---------------------------------] 46% archived zh-Hans[🁢🁢🁢🁢🁢🁢🁢🁢🁢🁢🁢🁢🁢🁢🁢🁢🁢🁢🁢🁢🁢🁢🁢🁢🁢🁢🁢---------------------------------] 46% archiving ko[🁢🁢🁢🁢🁢🁢🁢🁢🁢🁢🁢🁢🁢🁢🁢🁢🁢🁢🁢🁢🁢🁢🁢🁢🁢🁢🁢🁢🁢🁢🁢🁢----------------------------] 53% archived ko[🁢🁢🁢🁢🁢🁢🁢🁢🁢🁢🁢🁢🁢🁢🁢🁢🁢🁢🁢🁢🁢🁢🁢🁢🁢🁢🁢🁢🁢🁢🁢🁢----------------------------] 53% archiving zh-Hant[🁢🁢🁢🁢🁢🁢🁢🁢🁢🁢🁢🁢🁢🁢🁢🁢🁢🁢🁢🁢🁢🁢🁢🁢🁢🁢🁢🁢🁢🁢🁢🁢🁢🁢🁢🁢------------------------] 61% archived zh-Hant[🁢🁢🁢🁢🁢🁢🁢🁢🁢🁢🁢🁢🁢🁢🁢🁢🁢🁢🁢🁢🁢🁢🁢🁢🁢🁢🁢🁢🁢🁢🁢🁢🁢🁢🁢🁢------------------------] 61% archiving pt-BR[🁢🁢🁢🁢🁢🁢🁢🁢🁢🁢🁢🁢🁢🁢🁢🁢🁢🁢🁢🁢🁢🁢🁢🁢🁢🁢🁢🁢🁢🁢🁢🁢🁢🁢🁢🁢🁢🁢🁢🁢🁢-------------------] 69% archived pt-BR[🁢🁢🁢🁢🁢🁢🁢🁢🁢🁢🁢🁢🁢🁢🁢🁢🁢🁢🁢🁢🁢🁢🁢🁢🁢🁢🁢🁢🁢🁢🁢🁢🁢🁢🁢🁢🁢🁢🁢🁢🁢-------------------] 69% archiving ar[🁢🁢🁢🁢🁢🁢🁢🁢🁢🁢🁢🁢🁢🁢🁢🁢🁢🁢🁢🁢🁢🁢🁢🁢🁢🁢🁢🁢🁢🁢🁢🁢🁢🁢🁢🁢🁢🁢🁢🁢🁢🁢🁢🁢🁢🁢--------------] 76% archived ar
[🁢🁢🁢🁢🁢🁢🁢🁢🁢🁢🁢🁢🁢🁢🁢🁢🁢🁢🁢🁢🁢🁢🁢🁢🁢🁢🁢🁢🁢🁢🁢🁢🁢🁢🁢🁢🁢🁢🁢🁢🁢🁢🁢🁢🁢🁢--------------] 76% archiving zh-HK[🁢🁢🁢🁢🁢🁢🁢🁢🁢🁢🁢🁢🁢🁢🁢🁢🁢🁢🁢🁢🁢🁢🁢🁢🁢🁢🁢🁢🁢🁢🁢🁢🁢🁢🁢🁢🁢🁢🁢🁢🁢🁢🁢🁢🁢🁢🁢🁢🁢🁢----------] 84% archived zh-HK[🁢🁢🁢🁢🁢🁢🁢🁢🁢🁢🁢🁢🁢🁢🁢🁢🁢🁢🁢🁢🁢🁢🁢🁢🁢🁢🁢🁢🁢🁢🁢🁢🁢🁢🁢🁢🁢🁢🁢🁢🁢🁢🁢🁢🁢🁢🁢🁢🁢🁢----------] 84% archiving pt-PT[🁢🁢🁢🁢🁢🁢🁢🁢🁢🁢🁢🁢🁢🁢🁢🁢🁢🁢🁢🁢🁢🁢🁢🁢🁢🁢🁢🁢🁢🁢🁢🁢🁢🁢🁢🁢🁢🁢🁢🁢🁢🁢🁢🁢🁢🁢🁢🁢🁢🁢🁢🁢🁢🁢🁢-----] 92% archived pt-PT[🁢🁢🁢🁢🁢🁢🁢🁢🁢🁢🁢🁢🁢🁢🁢🁢🁢🁢🁢🁢🁢🁢🁢🁢🁢🁢🁢🁢🁢🁢🁢🁢🁢🁢🁢🁢🁢🁢🁢🁢🁢🁢🁢🁢🁢🁢🁢🁢🁢🁢🁢🁢🁢🁢🁢-----] 92% archiving tr[🁢🁢🁢🁢🁢🁢🁢🁢🁢🁢🁢🁢🁢🁢🁢🁢🁢🁢🁢🁢🁢🁢🁢🁢🁢🁢🁢🁢🁢🁢🁢🁢🁢🁢🁢🁢🁢🁢🁢🁢🁢🁢🁢🁢🁢🁢🁢🁢🁢🁢🁢🁢🁢🁢🁢🁢🁢🁢🁢🁢] 100% archived tr[🁢🁢🁢🁢🁢🁢🁢🁢🁢🁢🁢🁢🁢🁢🁢🁢🁢🁢🁢🁢🁢🁢🁢🁢🁢🁢🁢🁢🁢🁢🁢🁢🁢🁢🁢🁢🁢🁢🁢🁢🁢🁢🁢🁢🁢🁢🁢🁢🁢🁢🁢🁢🁢🁢🁢🁢🁢🁢🁢🁢] 100% archived 13 locales/Users/runner/work/orange-cloud/orange-cloud/orange-cloud/apps/ios/Orange Cloud/build/Build/Products/Release-iphoneos/Orange Cloud.app/de.lproj/nlu.appintents
/Users/runner/work/orange-cloud/orange-cloud/orange-cloud/apps/ios/Orange Cloud/build/Build/Products/Release-iphoneos/Orange Cloud.app/de.lproj/nlu.appintents/54c236efc489f3222cd46d99685cb858.version
/Users/runner/work/orange-cloud/orange-cloud/orange-cloud/apps/ios/Orange Cloud/build/Build/Products/Release-iphoneos/Orange Cloud.app/en.lproj/nlu.appintents
/Users/runner/work/orange-cloud/orange-cloud/orange-cloud/apps/ios/Orange Cloud/build/Build/Products/Release-iphoneos/Orange Cloud.app/en.lproj/nlu.appintents/b1c1cd0df7760725d11e0836ff32aed8.version
/Users/runner/work/orange-cloud/orange-cloud/orange-cloud/apps/ios/Orange Cloud/build/Build/Products/Release-iphoneos/Orange Cloud.app/es-MX.lproj/nlu.appintents
/Users/runner/work/orange-cloud/orange-cloud/orange-cloud/apps/ios/Orange Cloud/build/Build/Products/Release-iphoneos/Orange Cloud.app/es-MX.lproj/nlu.appintents/c1b95eff3ea85d7a3f8e40c78c75f649.version
/Users/runner/work/orange-cloud/orange-cloud/orange-cloud/apps/ios/Orange Cloud/build/Build/Products/Release-iphoneos/Orange Cloud.app/fr.lproj/nlu.appintents
/Users/runner/work/orange-cloud/orange-cloud/orange-cloud/apps/ios/Orange Cloud/build/Build/Products/Release-iphoneos/Orange Cloud.app/fr.lproj/nlu.appintents/2d8022cc798e585259299a9b2cca796e.version
/Users/runner/work/orange-cloud/orange-cloud/orange-cloud/apps/ios/Orange Cloud/build/Build/Products/Release-iphoneos/Orange Cloud.app/ja.lproj/nlu.appintents
/Users/runner/work/orange-cloud/orange-cloud/orange-cloud/apps/ios/Orange Cloud/build/Build/Products/Release-iphoneos/Orange Cloud.app/ja.lproj/nlu.appintents/9b60bd390be86cdcc9dbedc73e04e98b.version
/Users/runner/work/orange-cloud/orange-cloud/orange-cloud/apps/ios/Orange Cloud/build/Build/Products/Release-iphoneos/Orange Cloud.app/zh-Hans.lproj/nlu.appintents
/Users/runner/work/orange-cloud/orange-cloud/orange-cloud/apps/ios/Orange Cloud/build/Build/Products/Release-iphoneos/Orange Cloud.app/zh-Hans.lproj/nlu.appintents/e2ea3ae2b36cdaeb79e28babe572387a.version
/Users/runner/work/orange-cloud/orange-cloud/orange-cloud/apps/ios/Orange Cloud/build/Build/Products/Release-iphoneos/Orange Cloud.app/ko.lproj/nlu.appintents
/Users/runner/work/orange-cloud/orange-cloud/orange-cloud/apps/ios/Orange Cloud/build/Build/Products/Release-iphoneos/Orange Cloud.app/ko.lproj/nlu.appintents/a73444e5dc92a47fa6e3885b911733a6.version
/Users/runner/work/orange-cloud/orange-cloud/orange-cloud/apps/ios/Orange Cloud/build/Build/Products/Release-iphoneos/Orange Cloud.app/zh-Hant.lproj/nlu.appintents
/Users/runner/work/orange-cloud/orange-cloud/orange-cloud/apps/ios/Orange Cloud/build/Build/Products/Release-iphoneos/Orange Cloud.app/zh-Hant.lproj/nlu.appintents/dec102c7bfb12dd34fed03c7f361428f.version
/Users/runner/work/orange-cloud/orange-cloud/orange-cloud/apps/ios/Orange Cloud/build/Build/Products/Release-iphoneos/Orange Cloud.app/pt-BR.lproj/nlu.appintents
/Users/runner/work/orange-cloud/orange-cloud/orange-cloud/apps/ios/Orange Cloud/build/Build/Products/Release-iphoneos/Orange Cloud.app/pt-BR.lproj/nlu.appintents/f65b1608f3043a41ea2addf48223e6f3.version
/Users/runner/work/orange-cloud/orange-cloud/orange-cloud/apps/ios/Orange Cloud/build/Build/Products/Release-iphoneos/Orange Cloud.app/ar.lproj/nlu.appintents
/Users/runner/work/orange-cloud/orange-cloud/orange-cloud/apps/ios/Orange Cloud/build/Build/Products/Release-iphoneos/Orange Cloud.app/ar.lproj/nlu.appintents/773032b2be6fcf48918bbfe887276105.version
/Users/runner/work/orange-cloud/orange-cloud/orange-cloud/apps/ios/Orange Cloud/build/Build/Products/Release-iphoneos/Orange Cloud.app/zh-HK.lproj/nlu.appintents
/Users/runner/work/orange-cloud/orange-cloud/orange-cloud/apps/ios/Orange Cloud/build/Build/Products/Release-iphoneos/Orange Cloud.app/zh-HK.lproj/nlu.appintents/712cf97e23c6c73c68739988d60f0bca.version
/Users/runner/work/orange-cloud/orange-cloud/orange-cloud/apps/ios/Orange Cloud/build/Build/Products/Release-iphoneos/Orange Cloud.app/pt-PT.lproj/nlu.appintents
/Users/runner/work/orange-cloud/orange-cloud/orange-cloud/apps/ios/Orange Cloud/build/Build/Products/Release-iphoneos/Orange Cloud.app/pt-PT.lproj/nlu.appintents/f8d0afcde2dfd45da51e61f32897e4f6.version
/Users/runner/work/orange-cloud/orange-cloud/orange-cloud/apps/ios/Orange Cloud/build/Build/Products/Release-iphoneos/Orange Cloud.app/tr.lproj/nlu.appintents
/Users/runner/work/orange-cloud/orange-cloud/orange-cloud/apps/ios/Orange Cloud/build/Build/Products/Release-iphoneos/Orange Cloud.app/tr.lproj/nlu.appintents/3692e2c84600caca736bc0717c43e3a9.version


RegisterExecutionPolicyException /Users/runner/work/orange-cloud/orange-cloud/orange-cloud/apps/ios/Orange\ Cloud/build/Build/Products/Release-iphoneos/Orange\ Cloud.app (in target 'Orange Cloud' from project 'Orange Cloud')
    cd /Users/runner/work/orange-cloud/orange-cloud/orange-cloud/apps/ios/Orange\ Cloud
    builtin-RegisterExecutionPolicyException /Users/runner/work/orange-cloud/orange-cloud/orange-cloud/apps/ios/Orange\ Cloud/build/Build/Products/Release-iphoneos/Orange\ Cloud.app

Validate /Users/runner/work/orange-cloud/orange-cloud/orange-cloud/apps/ios/Orange\ Cloud/build/Build/Products/Release-iphoneos/Orange\ Cloud.app (in target 'Orange Cloud' from project 'Orange Cloud')
    cd /Users/runner/work/orange-cloud/orange-cloud/orange-cloud/apps/ios/Orange\ Cloud
    builtin-validationUtility /Users/runner/work/orange-cloud/orange-cloud/orange-cloud/apps/ios/Orange\ Cloud/build/Build/Products/Release-iphoneos/Orange\ Cloud.app -validate-for-store -shallow-bundle -infoplist-subpath Info.plist

Touch /Users/runner/work/orange-cloud/orange-cloud/orange-cloud/apps/ios/Orange\ Cloud/build/Build/Products/Release-iphoneos/Orange\ Cloud.app (in target 'Orange Cloud' from project 'Orange Cloud')
    cd /Users/runner/work/orange-cloud/orange-cloud/orange-cloud/apps/ios/Orange\ Cloud
    /usr/bin/touch -c /Users/runner/work/orange-cloud/orange-cloud/orange-cloud/apps/ios/Orange\ Cloud/build/Build/Products/Release-iphoneos/Orange\ Cloud.app

** BUILD SUCCEEDED **

-rw-r--r--  1 runner  staff    14M Aug 23 03:33 OrangeCloud-OpenSourceUnlocked-unsigned.ipa
